city_key,customer_city,customer_state,macro_region,lon,lat,n_orders,mean_actual_delivery_days
abadia dos dourados|MG,abadia dos dourados,MG,Southeast,-47.40455706431309,-18.48312767980541,3,11.860717592592593
abadiania|GO,abadiania,GO,Central-West,-48.70983088769036,-16.194094803292312,1,29.10232638888889
abaetetuba|PA,abaetetuba,PA,North,-48.88243257718304,-1.7225254382817428,10,25.84610648148148
abaete|MG,abaete,MG,Southeast,-45.44725700231122,-19.15688975767194,12,10.356755401234569
abaiara|CE,abaiara,CE,Northeast,-39.05010803057335,-7.361571508519658,2,35.396261574074074
abaira|BA,abaira,BA,Northeast,-41.663970000000006,-13.250584431044702,2,14.564716435185186
abare|BA,abare,BA,Northeast,-39.11608340095827,-8.721202036012285,2,17.37773726851852
abatia|PR,abatia,PR,South,-50.31106842970416,-23.304223176210492,3,18.941705246913582
abdon batista|SC,abdon batista,SC,South,-51.023894362548106,-27.61087347133097,1,14.871018518518518
abelardo luz|SC,abelardo luz,SC,South,-52.32866808859882,-26.567848032665275,6,19.077860725308643
abrantes|BA,abrantes,BA,Northeast,-38.2698398738441,-12.832239999999956,1,15.924398148148148
abre campo|MG,abre campo,MG,Southeast,-42.47807178393092,-20.300549702971292,5,11.871986111111111
abreu e lima|PE,abreu e lima,PE,Northeast,-34.90836029862121,-7.9122370374989535,9,19.224483024691356
acaiaca|MG,acaiaca,MG,Southeast,-43.14380026313914,-20.36230253926829,2,11.130792824074074
acailandia|MA,acailandia,MA,Northeast,-47.494238186295455,-4.950780440252208,7,16.51348048941799
acajutiba|BA,acajutiba,BA,Northeast,-38.02265319152684,-11.661486945753676,1,16.397118055555556
acarau|CE,acarau,CE,Northeast,-40.11835179853958,-2.8856948293058617,8,34.233211805555555
acari|RN,acari,RN,Northeast,-36.640940395310594,-6.435654740043615,1,12.866111111111111
acegua|RS,acegua,RS,South,-54.16378549999996,-31.696598999999942,2,23.500306712962963
acopiara|CE,acopiara,CE,Northeast,-39.453011836418675,-6.0942670189031745,7,21.71419642857143
acreuna|GO,acreuna,GO,Central-West,-50.37419982944454,-17.398653133887418,7,15.683875661375662
acucena|MG,acucena,MG,Southeast,-42.547928491823036,-19.07400563539688,1,3.728101851851852
acu|RN,acu,RN,Northeast,-36.91443221745723,-5.576653230512724,2,23.49170138888889
adamantina|SP,adamantina,SP,Southeast,-51.07578474707093,-21.686599240757907,35,11.700177248677248
adhemar de barros|PR,adhemar de barros,PR,South,-52.73494399850675,-22.69113762150345,1,97.46850694444444
adolfo|SP,adolfo,SP,Southeast,-49.64255358740416,-21.234801651524055,5,10.34499537037037
adrianopolis|PR,adrianopolis,PR,South,-48.992268234389655,-24.659027557405217,1,9.012476851851853
adustina|BA,adustina,BA,Northeast,-38.114273142479455,-10.53670882010159,1,12.171782407407408
afogados da ingazeira|PE,afogados da ingazeira,PE,Northeast,-37.63790865074416,-7.750769754289396,8,11.571963252314815
afonso claudio|ES,afonso claudio,ES,Southeast,-41.124704666963474,-20.07518514155644,11,13.439512836700336
afranio|PE,afranio,PE,Northeast,-41.0079354520547,-8.516654449666955,2,16.045567129629628
agisse|SP,agisse,SP,Southeast,-46.97661011647647,-24.30658617260988,1,14.315960648148149
agrestina|PE,agrestina,PE,Northeast,-35.94549806137415,-8.455905686481646,1,14.225798611111111
agrolandia|SC,agrolandia,SC,South,-49.82938333161346,-27.410318960796115,1,12.907662037037037
agronomica|SC,agronomica,SC,South,-49.710885664050515,-27.26846077196539,2,18.360225694444445
agua boa|MT,agua boa,MT,Central-West,-52.16181500350606,-14.056283170288877,18,17.565534336419752
agua branca|AL,agua branca,AL,Northeast,-37.93480438908667,-9.26329346327559,1,36.35857638888889
agua branca|PB,agua branca,PB,Northeast,-37.639576595570205,-7.5156487656596696,2,19.139363425925925
agua branca|PI,agua branca,PI,Northeast,-42.633274483616354,-5.892286383743136,2,14.787280092592592
agua clara|MS,agua clara,MS,Central-West,-52.87730962989946,-20.44192550245866,2,19.02961226851852
agua comprida|MG,agua comprida,MG,Southeast,-48.108200434494805,-20.057146006777536,2,7.204971064814815
agua doce do norte|ES,agua doce do norte,ES,Southeast,-40.97971791792504,-18.547697001679015,4,12.09509837962963
agua doce|SC,agua doce,SC,South,-51.55481816011602,-26.99703816389681,1,4.114097222222222
agua fria de goias|GO,agua fria de goias,GO,Central-West,-47.78200885238313,-14.980008322372788,1,17.835231481481483
agua limpa|GO,agua limpa,GO,Central-West,-48.76172287545543,-18.0762912573516,1,20.21841435185185
agua nova|RN,agua nova,RN,Northeast,-38.291738230624844,-6.205440262642772,1,19.34002314814815
agua preta|PE,agua preta,PE,Northeast,-35.52141420677601,-8.708273167145846,1,11.369375
agua santa|RS,agua santa,RS,South,-52.03555069608984,-28.179541888501852,2,13.022002314814813
aguai|SP,aguai,SP,Southeast,-46.977218181365984,-22.05780004429096,9,10.767457561728396
aguas belas|PE,aguas belas,PE,Northeast,-37.120121873787234,-9.112818022460145,6,14.877403549382716
aguas claras|RS,aguas claras,RS,South,-50.84041299459422,-30.13782999999995,1,37.0603125
aguas da prata|SP,aguas da prata,SP,Southeast,-46.71713346976612,-21.944082115264106,9,7.640608281893004
aguas de lindoia|SP,aguas de lindoia,SP,Southeast,-46.62192703999664,-22.475834578756455,21,11.465064484126984
aguas de santa barbara|SP,aguas de santa barbara,SP,Southeast,-49.23886055139232,-22.882508748411613,3,10.687966820987654
aguas de sao pedro|SP,aguas de sao pedro,SP,Southeast,-47.87222506039733,-22.60225873005409,2,16.26482638888889
aguas formosas|MG,aguas formosas,MG,Southeast,-40.93637425423171,-17.0830624522503,5,10.86362962962963
aguas frias|SC,aguas frias,SC,South,-52.859690841023195,-26.881176350357954,1,11.08605324074074
aguas lindas de goias|GO,aguas lindas de goias,GO,Central-West,-48.27633137613694,-15.719389504034705,24,13.49267891589506
aguas mornas|SC,aguas mornas,SC,South,-48.824898256913805,-27.695394251633633,1,17.03443287037037
aguas vermelhas|MG,aguas vermelhas,MG,Southeast,-41.468388506648026,-15.74427788053435,2,16.91287037037037
agudos|SP,agudos,SP,Southeast,-48.9893998844055,-22.471616394758044,15,12.075453703703703
agudo|RS,agudo,RS,South,-53.24893063605568,-29.64452308856541,1,10.970648148148149
aguia branca|ES,aguia branca,ES,Southeast,-40.73957899662077,-18.985864321973427,1,17.20579861111111
aimores|MG,aimores,MG,Southeast,-41.070400281519255,-19.49483184643504,10,9.813003472222222
aiuaba|CE,aiuaba,CE,Northeast,-40.12090200000001,-6.567829794307279,1,10.125694444444445
aiuruoca|MG,aiuruoca,MG,Southeast,-44.60518876916846,-21.97746515914264,4,10.640402199074074
ajapi|SP,ajapi,SP,Southeast,-47.57096343796528,-22.411489567314835,1,27.39162037037037
ajuricaba|RS,ajuricaba,RS,South,-53.768451173495315,-28.23902969515066,2,6.927025462962963
alagoa grande|PB,alagoa grande,PB,Northeast,-35.63320141869136,-7.0392435848421115,1,10.346435185185186
alagoa nova|PB,alagoa nova,PB,Northeast,-35.763422922756334,-7.062411324673435,1,31.963715277777776
alagoa|MG,alagoa,MG,Southeast,-44.6421800674048,-22.171826060160004,1,11.858101851851853
alagoinhas|BA,alagoinhas,BA,Northeast,-38.421196213501,-12.138391210327258,40,20.579382523148148
alagoinha|PB,alagoinha,PB,Northeast,-35.545196482926,-6.949666850846838,2,21.23597800925926
alambari|SP,alambari,SP,Southeast,-47.8844532848165,-23.564723981558146,3,8.182168209876544
alcantara|MA,alcantara,MA,Northeast,-44.41977926629471,-2.405306390231695,1,19.79283564814815
alcinopolis|MS,alcinopolis,MS,Central-West,-53.71047007931891,-18.325217387789092,6,9.84733989197531
alcobaca|BA,alcobaca,BA,Northeast,-39.194053995737825,-17.53328739848712,4,18.433544560185187
alegrete do piaui|PI,alegrete do piaui,PI,Northeast,-40.857230900552466,-7.242229233691043,1,26.32755787037037
alegrete|RS,alegrete,RS,South,-55.79519776265937,-29.785188197834522,33,13.447110339506173
alegre|ES,alegre,ES,Southeast,-41.53303627979172,-20.76277849262289,17,15.140574618736384
alegria|RS,alegria,RS,South,-54.05627715056851,-27.828561146426775,1,10.977337962962963
alem paraiba|MG,alem paraiba,MG,Southeast,-42.69745674514186,-21.87634504532155,28,13.642961309523809
alexandra|PR,alexandra,PR,South,-48.62752422974045,-25.5534229350904,1,18.627094907407407
alexandria|RN,alexandria,RN,Northeast,-38.013951092861234,-6.415471394675026,2,12.134265046296296
alexandrita|MG,alexandrita,MG,Southeast,-50.45670552595273,-19.69701256459266,1,10.904351851851851
alexania|GO,alexania,GO,Central-West,-48.50717951851378,-16.08430018401359,5,12.498835648148148
alfenas|MG,alfenas,MG,Southeast,-45.948232424259885,-21.429031196061736,43,11.893880006459948
alfredo chaves|ES,alfredo chaves,ES,Southeast,-40.74854289654429,-20.63563020541358,7,14.756435185185186
alfredo marcondes|SP,alfredo marcondes,SP,Southeast,-51.415850274284935,-21.95438655610426,1,16.075416666666666
alfredo vasconcelos|MG,alfredo vasconcelos,MG,Southeast,-43.77588432144628,-21.146676537872725,3,8.327824074074075
alfredo wagner|SC,alfredo wagner,SC,South,-49.33459564617227,-27.700324303067703,2,10.660821759259258
alhandra|PB,alhandra,PB,Northeast,-34.910463607557965,-7.436053579725318,2,24.07162037037037
alianca do tocantins|TO,alianca do tocantins,TO,North,-48.93774067856904,-11.304669012160648,2,15.996875
alianca|PE,alianca,PE,Northeast,-35.22872958621809,-7.6032003162172215,1,20.84640046296296
almas|TO,almas,TO,North,-47.168738091484954,-11.566925044328528,1,14.913148148148148
almenara|MG,almenara,MG,Southeast,-40.694262063197314,-16.175908225580102,14,13.418088624338624
almino afonso|RN,almino afonso,RN,Northeast,-37.76865648847066,-6.155396763431197,1,15.415891203703703
almirante tamandare do sul|RS,almirante tamandare do sul,RS,South,-52.91370999999998,-28.11409683857808,1,11.99582175925926
almirante tamandare|PR,almirante tamandare,PR,South,-49.292967929044536,-25.33358448542905,35,13.076773809523809
alpercata|MG,alpercata,MG,Southeast,-41.988382115468575,-18.984161185134056,2,7.604247685185185
alpestre|RS,alpestre,RS,South,-53.03554659689814,-27.250386066377313,1,13.363564814814815
alpinopolis|MG,alpinopolis,MG,Southeast,-46.387345830846655,-20.861920051712985,7,12.557407407407407
alta floresta d'oeste|RO,alta floresta d'oeste,RO,North,-61.99677991197005,-11.92729770672256,3,19.408923611111113
alta floresta|MT,alta floresta,MT,Central-West,-56.0846244203151,-9.883882913054276,12,17.857274305555556
altamira do parana|PR,altamira do parana,PR,South,-52.71533929911415,-24.798955811921733,2,10.096788194444445
altamira|PA,altamira,PA,North,-52.21246809885808,-3.2061261675320685,25,27.98791388888889
altaneira|CE,altaneira,CE,Northeast,-39.7391826395743,-7.000339275111288,1,19.135671296296298
alterosa|MG,alterosa,MG,Southeast,-46.14406330756018,-21.256242114132576,3,14.18236111111111
altinho|PE,altinho,PE,Northeast,-36.05951131139456,-8.488776818706633,1,7.614444444444445
altinopolis|SP,altinopolis,SP,Southeast,-47.37502561573981,-21.021227911322704,4,10.28663773148148
alto alegre do iguacu|PR,alto alegre do iguacu,PR,South,-51.8908414339614,-22.896711706478506,2,13.726967592592594
alto alegre do maranhao|MA,alto alegre do maranhao,MA,Northeast,-44.448753191993866,-4.213659024600188,1,9.81045138888889
alto alegre do pindare|MA,alto alegre do pindare,MA,Northeast,-45.84857465660334,-3.670468900166168,1,12.51579861111111
alto alegre|PR,alto alegre,PR,South,-51.88879959505639,-22.89715803107636,2,16.12537615740741
alto alegre|RS,alto alegre,RS,South,-52.99034200949104,-28.77664787090338,1,17.57226851851852
alto araguaia|MT,alto araguaia,MT,Central-West,-53.2199634263194,-17.315975308145457,5,24.729685185185186
alto boa vista|MT,alto boa vista,MT,Central-West,-51.3779463636443,-11.675891890817772,5,17.599212962962962
alto caparao|MG,alto caparao,MG,Southeast,-41.86906612885291,-20.44270411329546,2,18.464681712962964
alto do rodrigues|RN,alto do rodrigues,RN,Northeast,-36.762060545388096,-5.292004300794145,8,22.82493778935185
alto garcas|MT,alto garcas,MT,Central-West,-53.530014965685034,-16.946500499999992,2,15.880723379629629
alto horizonte|GO,alto horizonte,GO,Central-West,-49.33546607001976,-14.196042698037372,2,15.38064236111111
alto jequitiba|MG,alto jequitiba,MG,Southeast,-41.964594929523834,-20.426792292632463,3,8.627322530864198
alto paraiso de goias|GO,alto paraiso de goias,GO,Central-West,-47.517371687010574,-14.135623515336455,6,18.4276350308642
alto paraiso|PR,alto paraiso,PR,South,-53.72846808072984,-23.506339895244302,1,11.251539351851852
alto paraiso|RO,alto paraiso,RO,North,-63.3187935,-9.718396338768557,1,27.117638888888887
alto parana|PR,alto parana,PR,South,-52.31974206630135,-23.131397068891605,2,12.107835648148148
alto parnaiba|MA,alto parnaiba,MA,Northeast,-45.93318002372552,-9.112023398351866,5,22.879604166666667
alto piquiri|PR,alto piquiri,PR,South,-53.441987870854035,-24.0285515675393,1,7.186307870370371
alto rio doce|MG,alto rio doce,MG,Southeast,-43.41146885896039,-21.023599742195675,4,15.041495949074074
alto rio novo|ES,alto rio novo,ES,Southeast,-41.01896787902565,-19.0575002184193,2,13.150387731481482
alto santo|CE,alto santo,CE,Northeast,-38.27143100905873,-5.520094454630505,3,15.667758487654321
alto taquari|MT,alto taquari,MT,Central-West,-53.28272755295896,-17.8308328779219,3,18.161612654320987
altonia|PR,altonia,PR,South,-53.89342159387934,-23.87166993136991,3,10.18824074074074
altos|PI,altos,PI,Northeast,-42.4586842154355,-5.037728066846578,5,19.232590277777778
aluminio|SP,aluminio,SP,Southeast,-47.2549166167097,-23.52196121159169,13,13.18505608974359
alvarenga|MG,alvarenga,MG,Southeast,-41.72822724859704,-19.41772232577804,2,11.335300925925926
alvares florence|SP,alvares florence,SP,Southeast,-49.90823605857652,-20.320713031188305,2,12.622065972222222
alvares machado|SP,alvares machado,SP,Southeast,-51.47391872233956,-22.07701685844888,8,8.657484085648148
alvaro de carvalho|SP,alvaro de carvalho,SP,Southeast,-49.718091180373705,-22.08294695514912,2,9.011608796296297
alvinopolis|MG,alvinopolis,MG,Southeast,-43.05751404000867,-20.108316866106662,11,9.403344907407408
alvorada d'oeste|RO,alvorada d'oeste,RO,North,-62.2852612912459,-11.35260070889819,1,41.08674768518519
alvorada do gurgueia|PI,alvorada do gurgueia,PI,Northeast,-43.978332499999965,-8.455556999999946,1,10.808113425925926
alvorada do norte|GO,alvorada do norte,GO,Central-West,-46.49698223295172,-14.483202087108006,3,15.114957561728396
alvorada|RS,alvorada,RS,South,-51.073204194402855,-30.00620828470648,50,15.316305092592593
alvorada|TO,alvorada,TO,North,-49.12182771726464,-12.479179309920433,6,15.438867669753087
amambai|MS,amambai,MS,Central-West,-55.22897393873526,-23.102692441497272,6,17.52867476851852
amanari|CE,amanari,CE,Northeast,-39.57289793990247,-3.504514941264218,1,23.065266203703704
amapa do maranhao|MA,amapa do maranhao,MA,Northeast,-46.01075156612798,-1.6740152531915955,1,16.643368055555555
amapora|PR,amapora,PR,South,-52.7868456307083,-23.094160778168607,2,11.050833333333333
amaraji|PE,amaraji,PE,Northeast,-35.45193218668774,-8.377675817752209,2,23.160144675925924
amarante|PI,amarante,PI,Northeast,-42.85355319024534,-6.244953431683174,1,17.97445601851852
amargosa|BA,amargosa,BA,Northeast,-39.603806510985635,-13.029004322236908,1,21.035555555555554
amelia rodrigues|BA,amelia rodrigues,BA,Northeast,-38.75491444039326,-12.398120731686358,3,14.383105709876542
america dourada|BA,america dourada,BA,Northeast,-41.43738852989071,-11.455115076895277,1,44.48883101851852
americana|SP,americana,SP,Southeast,-47.33598674923539,-22.743238334049238,213,7.821315423404625
americano do brasil|GO,americano do brasil,GO,Central-West,-49.98196566802601,-16.25320694037059,3,14.824047067901235
americo brasiliense|SP,americo brasiliense,SP,Southeast,-48.108535108144864,-21.732524422785474,17,13.587062908496732
americo de campos|SP,americo de campos,SP,Southeast,-49.73179982471586,-20.29946148382016,1,10.572488425925926
ametista do sul|RS,ametista do sul,RS,South,-53.18130961985899,-27.36428391698132,2,14.908842592592592
amontada|CE,amontada,CE,Northeast,-39.83061545318175,-3.3648279198157316,1,18.09840277777778
amparo da serra|MG,amparo da serra,MG,Southeast,-42.80227343526833,-20.508139025382675,1,11.857731481481482
amparo|SP,amparo,SP,Southeast,-46.77627374427469,-22.71091915903972,62,9.965324820788531
ampere|PR,ampere,PR,South,-53.473569499077556,-25.919972636432213,8,13.442620081018518
anadia|AL,anadia,AL,Northeast,-36.303481579816065,-9.683606142002596,2,14.170648148148148
anage|BA,anage,BA,Northeast,-41.1370342650641,-14.610819689943284,1,19.06140046296296
analandia|SP,analandia,SP,Southeast,-47.66368713459739,-22.12652678006228,4,9.968816550925926
ananas|TO,ananas,TO,North,-48.07201421456309,-6.36805617953608,1,13.940671296296296
ananindeua|PA,ananindeua,PA,North,-48.402949220752916,-1.3614658126784869,83,22.79637843038822
anapolis|GO,anapolis,GO,Central-West,-48.94736075287946,-16.32965546149994,110,16.621549558080808
anastacio|MS,anastacio,MS,Central-West,-55.80510005488739,-20.488504119037408,2,10.475983796296296
anaurilandia|MS,anaurilandia,MS,Central-West,-52.71758936648283,-22.183246817572318,1,9.998032407407408
anchieta|ES,anchieta,ES,Southeast,-40.64907848708397,-20.806964999999995,14,15.802287533068784
anchieta|SC,anchieta,SC,South,-53.331093002568124,-26.536713131558077,3,22.176612654320987
andarai|BA,andarai,BA,Northeast,-41.330201965704255,-12.802670728380551,1,21.12488425925926
andira|PR,andira,PR,South,-50.22913672263493,-23.050279947968658,11,12.294521254208755
andorinha|BA,andorinha,BA,Northeast,-39.83360175,-10.344897000000003,5,17.15498611111111
andradas|MG,andradas,MG,Southeast,-46.572332504252465,-22.07108854643692,11,11.987455808080808
andradina|SP,andradina,SP,Southeast,-51.37480937158949,-20.89444583107576,38,9.88791270711501
andre da rocha|RS,andre da rocha,RS,South,-51.573247145680746,-28.63235819903258,1,7.135868055555555
andrelandia|MG,andrelandia,MG,Southeast,-44.310788882243024,-21.740274,3,20.369976851851852
andrequice|MG,andrequice,MG,Southeast,-45.06661999999994,-18.25622999999996,1,19.919340277777778
angatuba|SP,angatuba,SP,Southeast,-48.41292747503777,-23.490901631077055,8,13.226488715277778
angelica|MS,angelica,MS,Central-West,-53.77358145207175,-22.159704716179657,1,16.285104166666667
angelina|SC,angelina,SC,South,-48.98447688457835,-27.585796020245695,1,18.79628472222222
angical do piaui|PI,angical do piaui,PI,Northeast,-42.73595617651903,-6.075874808145999,1,10.301527777777778
angical|BA,angical,BA,Northeast,-44.69887896348954,-12.006703482253409,1,22.9215625
angicos|RN,angicos,RN,Northeast,-36.60261064272544,-5.6664356153302355,1,26.00465277777778
angra dos reis|RJ,angra dos reis,RJ,Southeast,-44.30536607069136,-22.99909145264705,81,16.52478209304984
anguera|BA,anguera,BA,Northeast,-39.24548964837866,-12.15109581442348,1,15.21991898148148
angulo|PR,angulo,PR,South,-51.915935832171805,-23.195502697537204,3,11.015138888888888
angustura|MG,angustura,MG,Southeast,-42.698740442406134,-21.868313548258158,1,26.76008101851852
anhandui|MS,anhandui,MS,Central-West,-54.50364919235629,-20.980792538850324,1,11.871064814814815
anhembi|SP,anhembi,SP,Southeast,-48.12884915482143,-22.79070267918695,1,29.264872685185185
anhumas|SP,anhumas,SP,Southeast,-51.38793588106687,-22.296410139689065,1,6.985949074074074
anicuns|GO,anicuns,GO,Central-West,-49.961321024401784,-16.461333553743916,8,14.054535590277778
anita garibaldi|SC,anita garibaldi,SC,South,-51.12997927501305,-27.68719272599883,5,18.324247685185185
anitapolis|SC,anitapolis,SC,South,-49.12831521990524,-27.903387818207825,2,24.501417824074075
anta gorda|RS,anta gorda,RS,South,-52.00710845109322,-28.97117364022931,4,13.127416087962963
anta|RJ,anta,RJ,Southeast,-42.98185680101964,-22.03052676735352,3,5.152426697530864
antonina do norte|CE,antonina do norte,CE,Northeast,-39.98784401478098,-6.774876918206049,1,22.386122685185185
antonina|PR,antonina,PR,South,-48.71284667991925,-25.433908222014583,10,10.51545138888889
antonio cardoso|BA,antonio cardoso,BA,Northeast,-39.12070357681361,-12.437923873440552,2,22.27292824074074
antonio carlos|MG,antonio carlos,MG,Southeast,-43.7505741970098,-21.319254656543787,1,5.141342592592593
antonio carlos|SC,antonio carlos,SC,South,-48.76772674715418,-27.517704377822717,2,11.045833333333334
antonio goncalves|BA,antonio goncalves,BA,Northeast,-40.27598352910989,-10.57220433568677,1,7.936898148148148
antonio martins|RN,antonio martins,RN,Northeast,-37.891652625,-6.215673322056157,1,20.930439814814815
antonio pereira|MG,antonio pereira,MG,Southeast,-43.48085684097233,-20.30043449929502,2,22.058645833333333
antonio prado de minas|MG,antonio prado de minas,MG,Southeast,-42.1109593447498,-21.01757461883909,3,13.20974537037037
antonio prado|RS,antonio prado,RS,South,-51.28188201464856,-28.856487634396288,4,20.43730613425926
antunes|MG,antunes,MG,Southeast,-44.69887835955048,-19.90800974788072,1,12.094664351851852
aparecida d'oeste|SP,aparecida d'oeste,SP,Southeast,-50.88104577280674,-20.452888762128737,1,8.474814814814815
aparecida de goiania|GO,aparecida de goiania,GO,Central-West,-49.270848391153166,-16.76312221293048,105,14.91195282186949
aparecida de monte alto|SP,aparecida de monte alto,SP,Southeast,-48.47997969087645,-21.26330628655622,1,12.059826388888888
aparecida de sao manuel|SP,aparecida de sao manuel,SP,Southeast,-48.615857167259904,-22.730567613297506,2,8.738778935185186
aparecida do rio negro|TO,aparecida do rio negro,TO,North,-47.97527167504594,-9.950409822060305,1,20.919467592592593
aparecida do taboado|MS,aparecida do taboado,MS,Central-West,-51.10230003473335,-20.084496634250105,7,17.918078703703703
aparecida|SP,aparecida,SP,Southeast,-45.231033881967846,-22.846279819966668,25,11.408737037037037
aperibe|RJ,aperibe,RJ,Southeast,-42.103924839424785,-21.62507900799979,12,13.729032600308642
apiaca|ES,apiaca,ES,Southeast,-41.567485686278225,-21.153566781277245,6,7.500262345679013
apiai|SP,apiai,SP,Southeast,-48.844629363685975,-24.511019211091888,6,11.467847222222222
apiuna|SC,apiuna,SC,South,-49.387248727298015,-27.036041937121563,7,11.547301587301588
apodi|RN,apodi,RN,Northeast,-37.79771138526837,-5.661851992797749,3,40.35582561728395
apora|BA,apora,BA,Northeast,-38.228506281685846,-11.723099008554907,1,43.97106481481482
apore|GO,apore,GO,Central-West,-51.92712563924055,-18.96222958952667,1,11.557986111111111
apuarema|BA,apuarema,BA,Northeast,-39.74428182993004,-13.855007682392763,1,22.856655092592593
apucarana|PR,apucarana,PR,South,-51.46175999403626,-23.554368488188565,50,12.313416435185186
apuiares|CE,apuiares,CE,Northeast,-39.431098675088016,-3.9470552952321714,2,22.223582175925927
aquidaba|SE,aquidaba,SE,Northeast,-37.019515696673864,-10.28617838711436,1,25.72866898148148
aquidauana|MS,aquidauana,MS,Central-West,-55.78486465665366,-20.468768825022067,3,10.172183641975309
aquiraz|CE,aquiraz,CE,Northeast,-38.38393007332441,-3.906553119204591,1,17.15914351851852
aracaju|SE,aracaju,SE,Northeast,-37.064506054951245,-10.938310395907221,210,19.947201884920634
aracariguama|SP,aracariguama,SP,Southeast,-47.065370158422375,-23.434018523536,8,10.060941840277778
aracati|CE,aracati,CE,Northeast,-37.769058682001656,-4.564412775083775,21,22.159259810405644
aracatuba|SP,aracatuba,SP,Southeast,-50.442432304677126,-21.20817428198398,137,10.168873851040821
aracatu|BA,aracatu,BA,Northeast,-41.46105596918892,-14.42859049507069,1,11.983159722222222
arace|ES,arace,ES,Southeast,-41.02173225,-20.380424244880395,4,86.40394386574074
aracitaba|MG,aracitaba,MG,Southeast,-43.377152112593514,-21.341547911500488,2,10.463408564814815
araci|BA,araci,BA,Northeast,-38.96205792008618,-11.335668562188577,3,13.47755401234568
aracoiaba da serra|SP,aracoiaba da serra,SP,Southeast,-47.61194381391098,-23.50881422546093,11,9.518137626262627
aracoiaba|CE,aracoiaba,CE,Northeast,-38.801326257077335,-4.368890936339314,3,18.596894290123455
aracoiaba|PE,aracoiaba,PE,Northeast,-35.08922360797774,-7.789320878909412,2,25.537239583333335
aracruz|ES,aracruz,ES,Southeast,-40.27287427808431,-19.82881997483785,37,16.460692254754754
aracuai|MG,aracuai,MG,Southeast,-42.06308021924182,-16.849577911236164,9,13.17906378600823
aragarcas|GO,aragarcas,GO,Central-West,-52.24328804583753,-15.904844413965852,3,18.498560956790122
aragoiania|GO,aragoiania,GO,Central-West,-49.449646758042114,-16.91149351887813,1,16.060289351851853
araguacu|TO,araguacu,TO,North,-49.8261687885849,-12.927125883738075,1,12.398148148148149
araguaia|ES,araguaia,ES,Southeast,-40.77055999999993,-20.491939999999943,1,8.381840277777778
araguaina|TO,araguaina,TO,North,-48.20601353544688,-7.194696801322727,38,22.052915752923976
araguana|MA,araguana,MA,Northeast,-45.665426191686805,-2.950509666553277,1,16.03162037037037
araguapaz|GO,araguapaz,GO,Central-West,-50.63171775779154,-15.093327870335289,2,20.11346064814815
araguari|MG,araguari,MG,Southeast,-48.19241119054979,-18.65158486656263,54,10.907312028463648
araguatins|TO,araguatins,TO,North,-48.12299337627995,-5.650404996590558,5,17.88512962962963
aramari|BA,aramari,BA,Northeast,-38.49805564143565,-12.089815976057595,2,73.66099537037037
arame|MA,arame,MA,Northeast,-46.008132415462185,-4.8880849653607115,1,24.819270833333334
aramina|SP,aramina,SP,Southeast,-47.79058860768849,-20.08891588347843,1,25.745289351851852
arandu|SP,arandu,SP,Southeast,-49.054808553069606,-23.13551389625285,3,8.721261574074074
arantina|MG,arantina,MG,Southeast,-44.254998839881296,-21.916026,1,8.5090625
arapei|SP,arapei,SP,Southeast,-44.448341260399026,-22.67354353633415,2,10.59259837962963
arapiraca|AL,arapiraca,AL,Northeast,-36.6566876401625,-9.748434275324673,29,24.41190453384419
arapoema|TO,arapoema,TO,North,-49.06479056878318,-7.656641320837519,1,9.51912037037037
arapongas|PR,arapongas,PR,South,-51.434450797213664,-23.409504244050773,32,14.629747178819445
araponga|MG,araponga,MG,Southeast,-42.52136695484127,-20.667540422641018,2,11.34337962962963
arapora|MG,arapora,MG,Southeast,-49.185566103395885,-18.433765135563846,5,11.427979166666667
arapoti|PR,arapoti,PR,South,-49.82196537010345,-24.145393018791605,9,12.886432613168724
arapua|MG,arapua,MG,Southeast,-46.15378310209092,-19.036174854554112,1,6.91318287037037
araputanga|MT,araputanga,MT,Central-West,-58.34793802780933,-15.470380907661236,4,17.108287037037037
araquari|SC,araquari,SC,South,-48.756934054286376,-26.40368935726154,11,16.215815446127944
ararangua|SC,ararangua,SC,South,-49.483661896676416,-28.944168940869055,18,13.805860982510287
araraquara|SP,araraquara,SP,Southeast,-48.180626245628716,-21.78163938153052,148,9.546060982857858
araras|SP,araras,SP,Southeast,-47.38206561948476,-22.355312427145233,91,9.650476317663818
arara|PB,arara,PB,Northeast,-35.76028383181898,-6.8277543910542455,1,17.075393518518517
ararica|RS,ararica,RS,South,-50.92755985329042,-29.616037902829603,2,13.989988425925926
araripe|CE,araripe,CE,Northeast,-40.137431688446924,-7.212014253324816,1,30.52752314814815
araripina|PE,araripina,PE,Northeast,-40.499682877266494,-7.577572307881221,11,19.81256418350168
arari|MA,arari,MA,Northeast,-44.77876789587211,-3.4522390005140133,2,18.381047453703705
araruama|RJ,araruama,RJ,Southeast,-42.329823876168525,-22.869815753171125,71,17.915967657798642
araruna|PB,araruna,PB,Northeast,-35.74254890533067,-6.5333286100129335,1,17.821099537037036
araruna|PR,araruna,PR,South,-52.49834909877985,-23.930539457426498,4,16.83514178240741
arataca|BA,arataca,BA,Northeast,-39.41119288559154,-15.26167609029374,1,14.952974537037036
aratiba|RS,aratiba,RS,South,-52.29929796642333,-27.393882870945355,1,9.278541666666667
aratuba|CE,aratuba,CE,Northeast,-39.0457316091922,-4.419649420399754,2,23.95570023148148
araucaria|PR,araucaria,PR,South,-49.389443889599306,-25.591427196215275,54,11.62882265946502
araujos|MG,araujos,MG,Southeast,-45.16597931546578,-19.945575011569403,5,14.987993055555556
araxa|MG,araxa,MG,Southeast,-46.937175010327024,-19.59431840486175,74,13.848898273273273
arceburgo|MG,arceburgo,MG,Southeast,-46.939673127890515,-21.363845680042424,7,13.868617724867724
arcos|MG,arcos,MG,Southeast,-45.54066538803468,-20.288396007311437,24,14.247193287037037
arcoverde|PE,arcoverde,PE,Northeast,-37.057637332438304,-8.419876999577607,5,22.195851851851852
areado|MG,areado,MG,Southeast,-46.14491870273575,-21.358791701184884,6,12.239328703703704
arealva|SP,arealva,SP,Southeast,-48.912126497786495,-22.02850801095088,3,12.166894290123457
areal|RJ,areal,RJ,Southeast,-43.10113286213269,-22.2328588874177,7,8.58577876984127
areia branca dos assis|PR,areia branca dos assis,PR,South,-49.343943594543646,-22.673175857589307,3,33.21308641975308
areia branca|RN,areia branca,RN,Northeast,-37.132506425918386,-4.954413909154566,3,10.650466820987655
areial|PB,areial,PB,Northeast,-35.92389251828903,-7.048398320126326,1,33.08976851851852
areias|SP,areias,SP,Southeast,-44.69618352020369,-22.581241157406065,3,13.452881944444444
areia|PB,areia,PB,Northeast,-35.70328593350951,-6.9666820403891,2,29.27357060185185
areiopolis|SP,areiopolis,SP,Southeast,-48.66685245806604,-22.673298941055307,3,7.546581790123457
arembepe|BA,arembepe,BA,Northeast,-38.18152285695949,-12.711127204241985,2,32.727835648148144
arenapolis|MT,arenapolis,MT,Central-West,-56.84286304875862,-14.45975756874911,1,16.23840277777778
arenopolis|GO,arenopolis,GO,Central-West,-51.559553767296734,-16.3860611269411,1,12.221041666666666
arinos|MG,arinos,MG,Southeast,-46.106049817276705,-15.91242127650875,8,13.043000578703705
aripuana|MT,aripuana,MT,Central-West,-59.451657967372505,-10.176011341845616,8,27.768043981481483
ariquemes|RO,ariquemes,RO,North,-63.04099949999999,-9.912030288047891,13,23.014634081196583
ariranha|SP,ariranha,SP,Southeast,-48.787301622169906,-21.18961659794096,5,11.46057175925926
armacao dos buzios|RJ,armacao dos buzios,RJ,Southeast,-41.9039568032206,-22.76836519859182,28,24.545558035714286
armazem|SC,armazem,SC,South,-49.018296719627266,-28.260902392709987,2,7.419722222222223
arneiroz|CE,arneiroz,CE,Northeast,-40.156241060550286,-6.325763444167217,2,30.45849537037037
aroeiras|PB,aroeiras,PB,Northeast,-35.706107224902766,-7.545888770648164,1,33.84802083333334
arraial d ajuda|BA,arraial d ajuda,BA,Northeast,-39.07488811520848,-16.48911667656967,1,11.68287037037037
arraial d'ajuda|BA,arraial d'ajuda,BA,Northeast,-39.07488811520848,-16.48911667656967,7,20.149131944444445
arraial do cabo|RJ,arraial do cabo,RJ,Southeast,-42.0274215,-22.967609679340452,27,20.99516117969822
arraias|TO,arraias,TO,North,-46.9429483630618,-12.926295951932186,2,20.318657407407407
arroio do meio|RS,arroio do meio,RS,South,-51.94565753764962,-29.399011552497313,9,12.54653806584362
arroio do sal|RS,arroio do sal,RS,South,-49.892034005858456,-29.547431756035273,5,15.842020833333333
arroio do tigre|RS,arroio do tigre,RS,South,-53.08781764095423,-29.335540097025856,2,16.442239583333333
arroio dos ratos|RS,arroio dos ratos,RS,South,-51.73124509630112,-30.08939850488812,9,8.805742026748971
arroio grande|RS,arroio grande,RS,South,-53.08037423506791,-32.23644283160557,3,23.767164351851854
arroio trinta|SC,arroio trinta,SC,South,-51.336437746323305,-26.929312990068393,1,15.394479166666667
arrozal|RJ,arrozal,RJ,Southeast,-44.03547121718152,-22.598629169792233,3,18.405987654320988
artur nogueira|SP,artur nogueira,SP,Southeast,-47.166457717889685,-22.574181674738654,40,7.884223090277778
aruana|GO,aruana,GO,Central-West,-51.0803076758241,-14.927038357031478,2,9.361504629629628
aruja|SP,aruja,SP,Southeast,-46.3221276236262,-23.39737530272017,64,6.712150065104167
arvoredo|SC,arvoredo,SC,South,-52.45605512898442,-27.07486092689343,1,25.08275462962963
arvorezinha|RS,arvorezinha,RS,South,-52.18044450760111,-28.873252586959843,4,15.158605324074074
ascurra|SC,ascurra,SC,South,-49.37812156549716,-26.957574062453073,4,18.801180555555554
assai|PR,assai,PR,South,-50.84450830530919,-23.377564245745905,5,19.114810185185185
assare|CE,assare,CE,Northeast,-39.8714126056569,-6.873431578366453,1,12.240763888888889
assis chateaubriand|PR,assis chateaubriand,PR,South,-53.514313385039806,-24.406376677111503,12,10.028748070987655
assis|SP,assis,SP,Southeast,-50.41587124854291,-22.65736249624909,83,9.795685659303881
assuncao|PB,assuncao,PB,Northeast,-36.732248704492505,-7.077091335231696,1,52.973368055555554
astolfo dutra|MG,astolfo dutra,MG,Southeast,-42.863890630436984,-21.313854000000003,11,9.824252946127945
astorga|PR,astorga,PR,South,-51.666380106277174,-23.2361705381131,7,10.458250661375661
atalaia|AL,atalaia,AL,Northeast,-36.01562795393633,-9.507342669485709,1,11.26201388888889
atalanta|SC,atalanta,SC,South,-49.78347076673655,-27.421134884490684,1,17.23273148148148
ataleia|MG,ataleia,MG,Southeast,-41.11125724785832,-18.04592345644731,2,19.81349537037037
atibaia|SP,atibaia,SP,Southeast,-46.56036576688009,-23.121934192480794,152,8.756526102582846
atilio vivacqua|ES,atilio vivacqua,ES,Southeast,-41.19573318262353,-20.916153831026733,1,24.724074074074075
augustinopolis|TO,augustinopolis,TO,North,-47.88717211650976,-5.468779476965497,1,18.013275462962962
augusto correa|PA,augusto correa,PA,North,-46.637361069578475,-1.0236595690611228,3,9.853653549382717
augusto pestana|RS,augusto pestana,RS,South,-53.99394009993563,-28.514978216755537,2,12.737372685185186
aurea|RS,aurea,RS,South,-52.053499188354486,-27.696323775618502,2,11.066197916666667
auriflama|SP,auriflama,SP,Southeast,-50.55323120558638,-20.68604093423175,10,9.542960648148147
aurilandia|GO,aurilandia,GO,Central-West,-50.46366427849526,-16.678565562329865,1,19.782627314814814
aurora do para|PA,aurora do para,PA,North,-47.558570756672566,-2.1343962499661084,1,9.763912037037038
aurora|CE,aurora,CE,Northeast,-38.96595514932663,-6.943071236075354,3,17.82759259259259
aurora|SC,aurora,SC,South,-49.63727924685152,-27.316404751049497,1,14.041261574074074
avanhandava|SP,avanhandava,SP,Southeast,-49.94460656305607,-21.4583735618344,7,9.175724206349205
avare|SP,avare,SP,Southeast,-48.92456450193324,-23.103345824311848,63,11.616213440623163
avelar|RJ,avelar,RJ,Southeast,-43.41185923546117,-22.323508204442714,4,19.32166087962963
avelino lopes|PI,avelino lopes,PI,Northeast,-43.94778789664073,-10.138812807347133,2,18.70278935185185
azurita|MG,azurita,MG,Southeast,-44.47163294541143,-20.008420285001176,3,29.53443287037037
bacabal|MA,bacabal,MA,Northeast,-44.785772455813486,-4.228985281861967,11,19.173470117845117
bacaxa|RJ,bacaxa,RJ,Southeast,-42.468218243648955,-22.894108855119363,1,26.920023148148147
bacuri|MA,bacuri,MA,Northeast,-45.141792808025905,-1.7278829589999705,3,18.14304012345679
bady bassitt|SP,bady bassitt,SP,Southeast,-49.449962691110834,-20.917668148523294,6,10.096896219135802
baependi|MG,baependi,MG,Southeast,-44.8905421483232,-21.959964627428853,8,12.587122395833333
bage|RS,bage,RS,South,-54.10612190974953,-31.327125460866046,62,17.154354465352448
baianopolis|BA,baianopolis,BA,Northeast,-44.53984856157332,-12.305761847650334,2,30.764913194444443
baixa grande do ribeiro|PI,baixa grande do ribeiro,PI,Northeast,-45.21117488286422,-7.865057195572728,1,22.207199074074072
baixa grande|BA,baixa grande,BA,Northeast,-40.1665725417471,-11.961190251926237,1,14.073796296296296
baixo guandu|ES,baixo guandu,ES,Southeast,-41.01380268321491,-19.51359351783617,8,12.737029803240741
balbinos|SP,balbinos,SP,Southeast,-49.35610402870115,-21.901038055944788,1,6.848194444444444
baldim|MG,baldim,MG,Southeast,-43.95400550827032,-19.289475645900904,2,10.229010416666666
balneario arroio do silva|SC,balneario arroio do silva,SC,South,-49.41916434484192,-28.985708585592224,4,20.26811921296296
balneario barra do sul|SC,balneario barra do sul,SC,South,-48.61618058743272,-26.458559473096873,4,11.751174768518517
balneario camboriu|SC,balneario camboriu,SC,South,-48.634162435885465,-26.993432999999943,97,14.40794590015273
balneario gaivota|SC,balneario gaivota,SC,South,-49.58575134306121,-29.159838643412925,3,13.91412037037037
balneario picarras|SC,balneario picarras,SC,South,-48.67973449062277,-26.764562856256525,8,17.047482638888887
balneario pinhal|RS,balneario pinhal,RS,South,-50.24114961313911,-30.248098682028512,7,13.189593253968255
balneario rincao|SC,balneario rincao,SC,South,-49.22862805074014,-28.826063947641963,3,23.30059799382716
balsa nova|PR,balsa nova,PR,South,-49.62871688299001,-25.577468002117826,1,14.122581018518519
balsamo|SP,balsamo,SP,Southeast,-49.581776940674466,-20.73714082340127,6,8.342062114197532
balsas|MA,balsas,MA,Northeast,-46.039815842320074,-7.527555755400502,17,26.52128744553377
bambui|MG,bambui,MG,Southeast,-45.97682619326723,-20.014658366858797,17,11.144963916122004
banabuiu|CE,banabuiu,CE,Northeast,-38.91986830178344,-5.3065450454341905,1,22.269756944444445
bananal|SP,bananal,SP,Southeast,-44.319953079792256,-22.681898539665283,3,10.57673611111111
bananeiras|PB,bananeiras,PB,Northeast,-35.63419904821568,-6.751304322520536,5,16.76816898148148
bandeira do sul|MG,bandeira do sul,MG,Southeast,-46.38708260903651,-21.72920349988201,2,10.83032986111111
bandeirantes d'oeste|SP,bandeirantes d'oeste,SP,Southeast,-50.377957047095386,-23.106241494540207,1,13.466608796296295
bandeirantes do tocantins|TO,bandeirantes do tocantins,TO,North,-48.57709039064408,-7.758556775500446,2,16.567314814814814
bandeirantes|MS,bandeirantes,MS,Central-West,-54.36572815008397,-19.91921687307344,1,25.283252314814813
bandeirantes|PR,bandeirantes,PR,South,-50.37170420992222,-23.112752567698298,13,10.349086538461538
bandeira|MG,bandeira,MG,Southeast,-40.56249153801357,-15.885445648123213,3,13.569837962962962
banzae|BA,banzae,BA,Northeast,-38.61167602425525,-10.585664947618405,1,31.330439814814813
barao ataliba nogueira|SP,barao ataliba nogueira,SP,Southeast,-46.74588902639177,-22.390765608084067,1,14.203587962962963
barao de cocais|MG,barao de cocais,MG,Southeast,-43.48155081485123,-19.939172305487048,18,11.793319830246913
barao de cotegipe|RS,barao de cotegipe,RS,South,-52.37558152678575,-27.622033620591296,2,10.866221064814816
barao de juparana|RJ,barao de juparana,RJ,Southeast,-43.68004722990022,-22.34430304897267,1,4.209641203703704
barao do triunfo|RS,barao do triunfo,RS,South,-51.73681428936457,-30.391152443153565,1,19.91337962962963
barao|RS,barao,RS,South,-51.498167029389634,-29.375210084621216,1,7.562569444444445
barauna|RN,barauna,RN,Northeast,-37.61795373496291,-5.079835571419475,1,12.492083333333333
barbacena|MG,barbacena,MG,Southeast,-43.7729837288461,-21.222461922075603,76,12.275757797270956
barbalha|CE,barbalha,CE,Northeast,-39.30064689068631,-7.310406520950675,6,28.488670910493827
barbosa ferraz|PR,barbosa ferraz,PR,South,-52.01025860180331,-24.02709450835068,3,9.41795138888889
barcarena|PA,barcarena,PA,North,-48.62332303710737,-1.5080751406619344,6,25.91978973765432
bariri|SP,bariri,SP,Southeast,-48.739404089229716,-22.07313272845746,15,10.802310185185185
barra bonita|SP,barra bonita,SP,Southeast,-48.5608452682853,-22.489557434009633,27,12.335659293552812
barra da estiva|BA,barra da estiva,BA,Northeast,-41.32881042848442,-13.626872814287005,7,17.53146164021164
barra de guabiraba|PE,barra de guabiraba,PE,Northeast,-35.663293760208965,-8.418518344072965,2,15.501556712962962
barra de santa rosa|PB,barra de santa rosa,PB,Northeast,-36.05576651694756,-6.722167493756292,1,18.58111111111111
barra de santo antonio|AL,barra de santo antonio,AL,Northeast,-35.50977215343404,-9.403580723866533,2,19.898987268518518
barra de sao francisco|ES,barra de sao francisco,ES,Southeast,-40.89073654692504,-18.75580270582005,9,14.754047067901235
barra de sao joao|RJ,barra de sao joao,RJ,Southeast,-41.987906580264394,-22.576493693936698,13,12.596087072649572
barra de sao miguel|AL,barra de sao miguel,AL,Northeast,-35.89596559633788,-9.840044731773547,2,23.813269675925923
barra do bugres|MT,barra do bugres,MT,Central-West,-57.18113296113553,-15.068481605552348,4,19.465182291666668
barra do choca|BA,barra do choca,BA,Northeast,-40.576197125782,-14.865142061005589,3,11.869675925925925
barra do corda|MA,barra do corda,MA,Northeast,-45.247295022007705,-5.505053378572043,6,17.32749035493827
barra do garcas|MT,barra do garcas,MT,Central-West,-52.266156588214294,-15.88656862472217,22,13.761281565656565
barra do jacare|PR,barra do jacare,PR,South,-50.179975234386575,-23.11527383783278,1,6.962199074074074
barra do mendes|BA,barra do mendes,BA,Northeast,-42.058908241064614,-11.808020882197264,3,23.994074074074074
barra do pirai|RJ,barra do pirai,RJ,Southeast,-43.82127029512845,-22.472263815550335,48,15.451499083719137
barra do ribeiro|RS,barra do ribeiro,RS,South,-51.30579328601676,-30.29659562013943,5,12.69025
barra do rio azul|RS,barra do rio azul,RS,South,-52.41329960243917,-27.409902266121655,1,23.399456018518517
barra do tarrachil|BA,barra do tarrachil,BA,Northeast,-38.525978987269255,-13.00910117780522,3,18.37070987654321
barra do turvo|SP,barra do turvo,SP,Southeast,-48.505469907533865,-24.758293660454623,2,23.315578703703704
barra dos coqueiros|SE,barra dos coqueiros,SE,Northeast,-37.03123215927341,-10.90850407881222,3,32.60331018518519
barra longa|MG,barra longa,MG,Southeast,-43.03895552455677,-20.283164999999997,1,11.12630787037037
barra mansa|RJ,barra mansa,RJ,Southeast,-44.17532044976627,-22.540072452709943,119,15.543638927793339
barra velha|SC,barra velha,SC,South,-48.68879944077063,-26.643531460353408,15,16.742118055555554
barracao|PR,barracao,PR,South,-53.634501,-26.253236897340212,1,12.247025462962963
barracao|RS,barracao,RS,South,-51.45821568482517,-27.675943377510784,2,19.152760416666666
barras|PI,barras,PI,Northeast,-42.29472556186173,-4.244885402779519,3,28.655003858024692
barra|BA,barra,BA,Northeast,-43.14362039890573,-11.09111741097317,2,25.50126157407407
barreiras|BA,barreiras,BA,Northeast,-44.99568501504704,-12.146974026798045,51,19.155233070079884
barreira|CE,barreira,CE,Northeast,-38.641774242381935,-4.292686814482221,1,5.857754629629629
barreirinhas|MA,barreirinhas,MA,Northeast,-42.82723917485542,-2.751412099456141,4,16.181958912037036
barreiros|PE,barreiros,PE,Northeast,-35.195613207674775,-8.814198027433896,5,14.911375
barretos|SP,barretos,SP,Southeast,-48.57069693228112,-20.557402554582165,69,10.616799181427805
barrinha|SP,barrinha,SP,Southeast,-48.15669999462057,-21.191092394351536,18,17.891538708847737
barro alto|BA,barro alto,BA,Northeast,-41.907362683901894,-11.761521102283517,2,14.547939814814814
barro alto|GO,barro alto,GO,Central-West,-48.91874232500435,-14.969667728699012,1,19.198194444444443
barro preto|BA,barro preto,BA,Northeast,-39.47313017058467,-14.809047196573925,1,12.202962962962962
barrocas|BA,barrocas,BA,Northeast,-39.07714550718776,-11.531270174072343,1,12.414918981481481
barrolandia|TO,barrolandia,TO,North,-48.72604155349957,-9.83521114808075,2,22.007337962962964
barros cassal|RS,barros cassal,RS,South,-52.585410975726234,-29.092039335283832,3,16.092465277777777
barroso|MG,barroso,MG,Southeast,-43.974192836964185,-21.19029913483173,11,11.64698021885522
barro|CE,barro,CE,Northeast,-38.77919940643426,-7.1752632410541715,4,23.27611400462963
barueri|SP,barueri,SP,Southeast,-46.87045613339008,-23.499373461975644,414,7.6396890096618355
bastos|SP,bastos,SP,Southeast,-50.73202996925728,-21.921298982885077,17,9.21534586056645
bataguassu|MS,bataguassu,MS,Central-West,-52.42308537704634,-21.715165040665905,5,13.6264375
bataipora|MS,bataipora,MS,Central-West,-53.269180659392845,-22.2975503763348,1,17.845972222222223
batalha|AL,batalha,AL,Northeast,-37.12697488383944,-9.673820737744125,3,15.702515432098766
batatais|SP,batatais,SP,Southeast,-47.585032949229955,-20.891319123261383,26,8.763773148148148
bataypora|MS,bataypora,MS,Central-West,-53.269180659392845,-22.2975503763348,2,11.795133101851851
baturite|CE,baturite,CE,Northeast,-38.87916764233671,-4.3319004804445855,3,15.453028549382717
bauru|SP,bauru,SP,Southeast,-49.06153689090554,-22.326380763038312,261,9.24917278629204
bayeux|PB,bayeux,PB,Northeast,-34.9189887307164,-7.1251791437021925,7,18.633910383597883
bebedouro|SP,bebedouro,SP,Southeast,-48.486737166928464,-20.943489874711272,51,10.86259327342048
beberibe|CE,beberibe,CE,Northeast,-38.128122333804335,-4.184081023127644,3,27.954996141975307
bela cruz|CE,bela cruz,CE,Northeast,-40.168629001314464,-3.05500592250068,4,18.25295138888889
bela vista de goias|GO,bela vista de goias,GO,Central-West,-48.95308817677393,-16.97212933946786,7,13.890658068783068
bela vista de minas|MG,bela vista de minas,MG,Southeast,-43.09105418617369,-19.828623856306823,1,7.44712962962963
bela vista do maranhao|MA,bela vista do maranhao,MA,Northeast,-45.25186935188345,-3.742219163376387,1,35.424236111111114
bela vista do paraiso|PR,bela vista do paraiso,PR,South,-51.19399580359819,-22.995588514515767,3,12.755327932098766
bela vista|MS,bela vista,MS,Central-West,-56.530489556650565,-22.1069595253132,3,11.509471450617283
belem do sao francisco|PE,belem do sao francisco,PE,Northeast,-38.961866017692174,-8.751287613804143,2,14.924184027777777
belem|AL,belem,AL,Northeast,-36.458813105509975,-9.590374783055111,2,19.084074074074074
belem|PA,belem,PA,North,-48.468760853857795,-1.4350490220441132,425,21.556714814814814
belem|PB,belem,PB,Northeast,-35.53641151894598,-6.697955427493935,1,18.08570601851852
belford roxo|RJ,belford roxo,RJ,Southeast,-43.3925832985371,-22.73828048822432,101,14.713493880638064
belmonte|BA,belmonte,BA,Northeast,-38.87892649900212,-15.86130828036564,1,18.72747685185185
belmonte|SC,belmonte,SC,South,-53.58007892116759,-26.84379286383635,1,14.239641203703703
belo campo|BA,belo campo,BA,Northeast,-41.26112698999631,-15.038867068690836,3,20.024737654320987
belo horizonte|MG,belo horizonte,MG,Southeast,-43.948638825898854,-19.920474241185318,2666,11.131040095093217
belo jardim|PE,belo jardim,PE,Northeast,-36.422229920840905,-8.334186986070446,11,14.910923821548822
belo oriente|MG,belo oriente,MG,Southeast,-42.48805171449395,-19.222388389428883,5,9.148729166666667
belo vale|MG,belo vale,MG,Southeast,-44.02659904123942,-20.409379040143364,3,8.85729938271605
benedito leite|MA,benedito leite,MA,Northeast,-44.55502150300355,-7.220023546986817,1,34.42465277777778
benedito novo|SC,benedito novo,SC,South,-49.36550744980381,-26.779777308618385,6,15.349610339506173
benevides|PA,benevides,PA,North,-48.2486033064625,-1.360109219877263,2,42.15108796296296
bento de abreu|SP,bento de abreu,SP,Southeast,-50.81097728311534,-21.27432643670673,1,4.866539351851852
bento goncalves|RS,bento goncalves,RS,South,-51.51588958880006,-29.16877049211325,52,12.124854656339032
bequimao|MA,bequimao,MA,Northeast,-44.78652639504835,-2.4525986036244536,1,13.358518518518519
berilo|MG,berilo,MG,Southeast,-42.46407836023289,-16.949996697135337,1,10.455405092592592
berizal|MG,berizal,MG,Southeast,-41.740880778215704,-15.610452129880006,1,14.983414351851852
bernardino de campos|SP,bernardino de campos,SP,Southeast,-49.475859290502626,-23.01491589766684,4,11.888561921296295
bertioga|SP,bertioga,SP,Southeast,-46.11866655620633,-23.82696887870072,46,11.53969127415459
bertolinia|PI,bertolinia,PI,Northeast,-43.95243184628344,-7.64084043778311,1,20.313622685185184
bertopolis|MG,bertopolis,MG,Southeast,-40.57227764534562,-17.059035191113306,1,34.16452546296296
betim|MG,betim,MG,Southeast,-44.166479961423015,-19.949800233733047,194,12.146482913325697
bezerros|PE,bezerros,PE,Northeast,-35.75279825012917,-8.235962863725545,10,13.949313657407407
bias fortes|MG,bias fortes,MG,Southeast,-43.75703575391411,-21.606811844752656,2,14.151244212962963
bicas|MG,bicas,MG,Southeast,-43.064848571252156,-21.71953997666018,7,11.826264880952381
biguacu|SC,biguacu,SC,South,-48.64264292164009,-27.504469307474206,22,16.893896254208755
bilac|SP,bilac,SP,Southeast,-50.47494406044296,-21.40312863135196,7,8.356537698412698
birigui|SP,birigui,SP,Southeast,-50.34295220346251,-21.294074013797495,76,10.083314144736843
biritiba-mirim|SP,biritiba-mirim,SP,Southeast,-46.04082959368207,-23.572158411910493,10,5.867817129629629
biritinga|BA,biritinga,BA,Northeast,-38.80818501453324,-11.621461877443984,1,13.006134259259259
bituruna|PR,bituruna,PR,South,-51.55349145096909,-26.158341717522894,5,15.005523148148148
blumenau|SC,blumenau,SC,South,-49.085352,-26.907299926452744,179,12.482988891475275
boa esperanca do iguacu|PR,boa esperanca do iguacu,PR,South,-53.214656669279805,-25.635084491915404,1,24.846840277777776
boa esperanca do sul|SP,boa esperanca do sul,SP,Southeast,-48.38870931746983,-21.995781154521293,11,10.83852377946128
boa esperanca|ES,boa esperanca,ES,Southeast,-40.29834441707228,-18.539644969569363,7,12.609839616402116
boa esperanca|MG,boa esperanca,MG,Southeast,-45.56026215449815,-21.095411041525026,11,11.000355639730639
boa esperanca|PR,boa esperanca,PR,South,-52.78698835307732,-24.243276326537593,1,27.1
boa esperanca|RJ,boa esperanca,RJ,Southeast,-42.53017499999996,-22.756799053074296,1,41.2659375
boa ventura|RJ,boa ventura,RJ,Southeast,-41.889774433694946,-21.207949118544864,1,14.51142361111111
boa viagem|CE,boa viagem,CE,Northeast,-39.73101418114105,-5.124949151031421,3,28.523796296296297
boa vista da aparecida|PR,boa vista da aparecida,PR,South,-53.407441135334835,-25.436425937461784,4,13.44490451388889
boa vista das missoes|RS,boa vista das missoes,RS,South,-53.31631861761208,-27.66083858651517,1,9.729016203703704
boa vista do burica|RS,boa vista do burica,RS,South,-54.11046173745943,-27.669330312366945,1,9.703252314814815
boa vista do cadeado|RS,boa vista do cadeado,RS,South,-53.81318718747529,-28.577328989526464,1,28.932685185185186
boa vista do gurupi|MA,boa vista do gurupi,MA,Northeast,-46.30715759886647,-1.797051108903242,2,52.09232638888889
boa vista do sul|RS,boa vista do sul,RS,South,-51.674213104511075,-29.3463847125755,1,13.90943287037037
boa vista|RR,boa vista,RR,North,-60.68240623045482,2.821374037729382,40,29.66319502314815
boca da mata|AL,boca da mata,AL,Northeast,-36.21317222351803,-9.643679794861823,2,19.335706018518522
bocaina|PI,bocaina,PI,Northeast,-41.32201924718753,-6.946467465803891,1,16.383171296296297
bocaina|SP,bocaina,SP,Southeast,-48.52674587800067,-22.142922091743284,6,8.088574459876543
bocaiuva do sul|PR,bocaiuva do sul,PR,South,-49.1121162298366,-25.20998089876961,2,10.40146412037037
bocaiuva|MG,bocaiuva,MG,Southeast,-43.81556530122147,-17.113919335163054,13,12.418506054131054
bodoco|PE,bodoco,PE,Northeast,-39.93819829012822,-7.77952926294316,2,17.87200810185185
bodoquena|MS,bodoquena,MS,Central-West,-56.67870107391549,-20.55119904322125,2,14.028113425925927
bodo|RN,bodo,RN,Northeast,-36.41210259454984,-5.989065012224787,1,21.23642361111111
bofete|SP,bofete,SP,Southeast,-48.25762128772862,-23.10333587745346,5,15.194872685185185
boituva|SP,boituva,SP,Southeast,-47.67122744308,-23.285339138631286,46,10.289505585748792
bom conselho|PE,bom conselho,PE,Northeast,-36.68185592830251,-9.169161490372733,7,15.950099206349206
bom despacho|MG,bom despacho,MG,Southeast,-45.2564896750905,-19.74088541741059,37,12.165354416916918
bom jardim de goias|GO,bom jardim de goias,GO,Central-West,-52.174024087298534,-16.201849582678772,1,27.50616898148148
bom jardim de minas|MG,bom jardim de minas,MG,Southeast,-44.18961511676595,-21.94899715604639,7,15.25287037037037
bom jardim|MA,bom jardim,MA,Northeast,-45.60774984727429,-3.5444489325691975,1,17.81835648148148
bom jardim|PE,bom jardim,PE,Northeast,-35.58834612317146,-7.795838337197068,1,10.347118055555555
bom jardim|RJ,bom jardim,RJ,Southeast,-42.41863431872449,-22.156476751261135,14,18.694824735449735
bom jesus da lapa|BA,bom jesus da lapa,BA,Northeast,-43.413615014464554,-13.252936490336605,9,18.98130144032922
bom jesus da penha|MG,bom jesus da penha,MG,Southeast,-46.51749994123554,-21.018682407894502,2,13.559131944444445
bom jesus da serra|BA,bom jesus da serra,BA,Northeast,-40.50721796963149,-14.373029449943138,2,21.200850694444444
bom jesus das selvas|MA,bom jesus das selvas,MA,Northeast,-46.854421070909225,-4.482653054337623,2,18.63898148148148
bom jesus do amparo|MG,bom jesus do amparo,MG,Southeast,-43.476183583154864,-19.70899099035509,1,11.929768518518518
bom jesus do araguaia|MT,bom jesus do araguaia,MT,Central-West,-51.5116739032522,-12.178080309726079,1,27.822465277777777
bom jesus do galho|MG,bom jesus do galho,MG,Southeast,-42.317654530015105,-19.826602434978764,4,10.008712384259258
bom jesus do itabapoana|RJ,bom jesus do itabapoana,RJ,Southeast,-41.67798263952821,-21.13614719159558,20,18.197030671296297
bom jesus do norte|ES,bom jesus do norte,ES,Southeast,-41.67441137271643,-21.126308468550967,4,15.196631944444444
bom jesus do sul|PR,bom jesus do sul,PR,South,-53.59771405394769,-26.194204217165517,1,8.183263888888888
bom jesus do tocantins|PA,bom jesus do tocantins,PA,North,-48.5993882436702,-5.047138841118125,3,20.403734567901235
bom jesus dos perdoes|SP,bom jesus dos perdoes,SP,Southeast,-46.46807188776495,-23.136484522266496,17,11.400826525054466
bom jesus|GO,bom jesus,GO,Central-West,-49.73669640300342,-18.21511222317475,8,12.34666232638889
bom jesus|PI,bom jesus,PI,Northeast,-44.36176669206016,-9.072511073527377,3,18.295435956790122
bom jesus|SC,bom jesus,SC,South,-52.39024293725593,-26.734159431290017,2,18.408622685185186
bom principio|RS,bom principio,RS,South,-51.3597375530829,-29.485476079604886,6,15.854643132716049
bom repouso|MG,bom repouso,MG,Southeast,-46.14741677083405,-22.470366264628627,4,18.90867766203704
bom retiro do sul|RS,bom retiro do sul,RS,South,-51.935010385863755,-29.600253234783118,2,19.607141203703705
bom retiro|SC,bom retiro,SC,South,-49.48823436020511,-27.79789379933342,1,10.166666666666666
bom sucesso|MG,bom sucesso,MG,Southeast,-44.757184453819605,-21.033652482710025,4,12.698987268518518
bom sucesso|PR,bom sucesso,PR,South,-51.767957305860506,-23.70887876521744,1,11.95136574074074
bombinhas|SC,bombinhas,SC,South,-48.50464784416293,-27.15253242886683,15,15.752523919753086
bonfim paulista|SP,bonfim paulista,SP,Southeast,-47.81394639862495,-21.258651614764283,18,10.226762474279836
bonfim|MG,bonfim,MG,Southeast,-44.24008704441723,-20.3305362308763,4,9.351432291666667
bonfim|RR,bonfim,RR,North,-59.833974553403806,3.3613470000000034,1,18.361585648148147
bonfinopolis de minas|MG,bonfinopolis de minas,MG,Southeast,-45.98795722320854,-16.566160028504644,2,14.595868055555556
bonfinopolis|GO,bonfinopolis,GO,Central-West,-48.95859663223406,-16.616580658934762,2,19.220225694444444
boninal|BA,boninal,BA,Northeast,-41.830122157825066,-12.710055772110447,2,11.903015046296296
bonito de minas|MG,bonito de minas,MG,Southeast,-44.75806331155997,-15.32307294670649,1,26.206759259259258
bonito de santa fe|PB,bonito de santa fe,PB,Northeast,-38.51402253176711,-7.312990979432078,1,18.864340277777778
bonito|BA,bonito,BA,Northeast,-41.26689208576157,-11.969092192022407,2,14.051290509259259
bonito|MS,bonito,MS,Central-West,-56.485972478116985,-21.12717351623222,8,17.38570023148148
bonito|PA,bonito,PA,North,-47.307066789444235,-1.3641416075358304,2,24.176244212962963
bonito|PE,bonito,PE,Northeast,-35.730019806605306,-8.470016338508026,5,26.169032407407407
boqueirao do leao|RS,boqueirao do leao,RS,South,-52.42993616286169,-29.302278189178335,2,23.940850694444443
boquira|BA,boquira,BA,Northeast,-42.72916176308803,-12.820832972244512,1,14.964270833333334
boraceia|SP,boraceia,SP,Southeast,-48.777936057293715,-22.196483047945584,1,6.77605324074074
borborema|SP,borborema,SP,Southeast,-49.074103738769075,-21.620133813965356,8,8.044849537037038
borda da mata|MG,borda da mata,MG,Southeast,-46.165556473822626,-22.27164789897835,6,11.031170910493827
borrazopolis|PR,borrazopolis,PR,South,-51.58603070385217,-23.940124991809817,2,10.188153935185184
bossoroca|RS,bossoroca,RS,South,-54.90652617697609,-28.729886415766195,1,10.324421296296297
botelhos|MG,botelhos,MG,Southeast,-46.395760679494714,-21.647733530942645,8,12.154988425925925
botelho|SP,botelho,SP,Southeast,-47.749366492027484,-21.508155563061017,1,12.259583333333333
botucatu|SP,botucatu,SP,Southeast,-48.44430799725546,-22.882273547225886,99,10.09923611111111
botupora|BA,botupora,BA,Northeast,-42.52178435562611,-13.379247000000005,1,33.84534722222222
botuvera|SC,botuvera,SC,South,-49.07583130133915,-27.199517337006725,2,13.469820601851852
braco do norte|SC,braco do norte,SC,South,-49.16619644738513,-28.273759010123406,19,14.158690911306042
braco do rio|ES,braco do rio,ES,Southeast,-39.93222790345603,-18.585680488480616,2,27.03091435185185
braganca paulista|SP,braganca paulista,SP,Southeast,-46.54507155170936,-22.947707634511172,142,7.525313315075639
braganca|PA,braganca,PA,North,-46.7672559623839,-1.058127716055135,9,20.225254629629628
bras pires|MG,bras pires,MG,Southeast,-43.24314032266963,-20.848064232668598,2,10.501562499999999
brasil novo|PA,brasil novo,PA,North,-52.5395090650395,-3.303834589329146,3,26.307376543209877
brasilandia de minas|MG,brasilandia de minas,MG,Southeast,-46.01083231426172,-17.001380296731273,1,29.249270833333334
brasilandia|MS,brasilandia,MS,Central-West,-52.03722375747813,-21.255484346515352,1,17.08101851851852
brasileia|AC,brasileia,AC,North,-68.74819146362037,-11.008821270686092,1,30.0375
brasilia de minas|MG,brasilia de minas,MG,Southeast,-44.43122943307237,-16.212494219147906,9,8.35267103909465
brasilia|DF,brasilia,DF,Central-West,-47.952313678126394,-15.81712781373276,1888,12.989958908358835
brasopolis|MG,brasopolis,MG,Southeast,-45.61721480055336,-22.47402490515725,1,14.061597222222222
braunas|MG,braunas,MG,Southeast,-42.71927128578501,-19.05567058315794,1,6.833113425925926
brauna|SP,brauna,SP,Southeast,-50.32412415141171,-21.504970219436306,5,10.427456018518518
brazabrantes|GO,brazabrantes,GO,Central-West,-49.38608963924567,-16.432802794862173,2,15.726377314814815
brazopolis|MG,brazopolis,MG,Southeast,-45.61721480055336,-22.47402490515725,6,15.403009259259258
brejetuba|ES,brejetuba,ES,Southeast,-41.291644826564024,-20.14824500970249,1,21.174722222222222
brejo bonito|MG,brejo bonito,MG,Southeast,-50.71456121963189,-21.8513394321701,1,11.618796296296296
brejo da madre de deus|PE,brejo da madre de deus,PE,Northeast,-36.369955880959395,-8.145375262689669,4,20.948796296296297
brejo do cruz|PB,brejo do cruz,PB,Northeast,-37.498990681290856,-6.348063520193939,1,20.007199074074073
brejo dos santos|PB,brejo dos santos,PB,Northeast,-37.825510009208934,-6.37593801467161,1,17.578449074074076
brejo grande|SE,brejo grande,SE,Northeast,-36.46656089630383,-10.43007145626256,1,17.828275462962964
brejo santo|CE,brejo santo,CE,Northeast,-38.98524241807848,-7.4907028735799965,10,28.995707175925926
brejoes|BA,brejoes,BA,Northeast,-39.793728145089666,-13.102427319577284,1,23.74361111111111
brejolandia|BA,brejolandia,BA,Northeast,-43.96099354269267,-12.484389855261307,1,30.773599537037036
brejo|MA,brejo,MA,Northeast,-42.75190151952368,-3.680348119566472,1,21.93398148148148
breu branco|PA,breu branco,PA,North,-49.56595439812135,-3.7751094568015184,3,31.54892361111111
breves|PA,breves,PA,North,-50.4798827216982,-1.6830005529752632,1,26.722071759259258
britania|GO,britania,GO,Central-West,-51.16313437610135,-15.243570651060969,1,12.124930555555556
brodowski|SP,brodowski,SP,Southeast,-47.65557417620856,-20.98706816471372,9,9.142096193415638
brotas de macaubas|BA,brotas de macaubas,BA,Northeast,-42.627714051877966,-11.999285220258544,1,19.881273148148146
brotas|SP,brotas,SP,Southeast,-48.12550881189371,-22.283614299194987,12,9.950055941358025
brumadinho|MG,brumadinho,MG,Southeast,-44.20205595801386,-20.143995002659533,25,10.367423148148148
brumado|BA,brumado,BA,Northeast,-41.67101534752584,-14.2055173523883,20,18.04954050925926
brusque|SC,brusque,SC,South,-48.91483141394241,-27.10877948932419,59,14.382698524795982
bueno brandao|MG,bueno brandao,MG,Southeast,-46.34933438333864,-22.441527424447916,4,17.291140046296295
buenopolis|MG,buenopolis,MG,Southeast,-44.175951113933614,-17.873422802801663,4,16.526024305555556
buenos aires|PE,buenos aires,PE,Northeast,-35.3262186848388,-7.724495181580483,2,15.009461805555556
buerarema|BA,buerarema,BA,Northeast,-39.30195378397593,-14.957243893175734,3,32.274552469135806
bugre|MG,bugre,MG,Southeast,-42.25829965262412,-19.43000237992183,1,21.143819444444443
buique|PE,buique,PE,Northeast,-37.15594560436655,-8.62330460471461,1,20.149641203703705
buritama|SP,buritama,SP,Southeast,-50.1446528182702,-21.067136778115767,9,15.891238425925925
buriti alegre|GO,buriti alegre,GO,Central-West,-49.042119595886014,-18.132890036115263,1,15.907731481481482
buriti do tocantins|TO,buriti do tocantins,TO,North,-48.22575802042286,-5.318698182157814,1,26.81486111111111
buriti dos lopes|PI,buriti dos lopes,PI,Northeast,-41.869604696767546,-3.177958932886267,2,9.079091435185186
buriticupu|MA,buriticupu,MA,Northeast,-46.4576720135458,-4.316229989172449,3,17.863260030864197
buritirama|BA,buritirama,BA,Northeast,-43.6339086823456,-10.71353199781547,2,42.7415625
buritis|MG,buritis,MG,Southeast,-46.42370590672895,-15.625450927531777,13,11.135657941595442
buritis|RO,buritis,RO,North,-63.83093026898301,-10.209140198346743,2,24.267922453703704
buritizal|SP,buritizal,SP,Southeast,-47.70858086553429,-20.192537528415244,2,11.649722222222223
buritizeiro|MG,buritizeiro,MG,Southeast,-44.966449535808,-17.3627833849907,8,11.810018807870371
buri|SP,buri,SP,Southeast,-48.59929082756874,-23.7999748135524,10,10.522509259259259
butia|RS,butia,RS,South,-51.963648164263624,-30.11998760384434,6,14.802814429012345
caarapo|MS,caarapo,MS,Central-West,-54.823248184901814,-22.63220503070199,4,12.437884837962963
cabaceiras do paraguacu|BA,cabaceiras do paraguacu,BA,Northeast,-39.194013499999954,-12.582038999999943,1,19.672708333333333
cabeceira grande|MG,cabeceira grande,MG,Southeast,-47.08867310985074,-16.02958266006166,3,17.959355709876544
cabeceiras|GO,cabeceiras,GO,Central-West,-46.929776828046315,-15.80591386873072,1,16.964988425925927
cabedelo|PB,cabedelo,PB,Northeast,-34.84250243675925,-7.041671174623742,6,16.452417052469137
cabixi|RO,cabixi,RO,North,-60.54399099092868,-13.494057754759387,1,24.968587962962964
cabo de santo agostinho|PE,cabo de santo agostinho,PE,Northeast,-35.027814108733864,-8.286513640895869,21,15.80392581569665
cabo frio|RJ,cabo frio,RJ,Southeast,-42.03375999999997,-22.882010763046203,110,18.710768834175084
cabo verde|MG,cabo verde,MG,Southeast,-46.3962522930317,-21.47369766318088,3,10.329363425925926
cabralia paulista|SP,cabralia paulista,SP,Southeast,-49.337771244659976,-22.456215484357298,4,12.096655092592593
cabreuva|SP,cabreuva,SP,Southeast,-47.0615969462141,-23.268092135234056,6,10.817692901234569
cabrobo|PE,cabrobo,PE,Northeast,-39.309520644320024,-8.51210183394433,6,20.278900462962962
cacador|SC,cacador,SC,South,-51.011723733991346,-26.77741747171172,40,13.390750868055555
cacapava do sul|RS,cacapava do sul,RS,South,-53.49008110237234,-30.513505852060874,4,13.73890625
cacapava|SP,cacapava,SP,Southeast,-45.711458617404325,-23.104085867332216,71,9.88321482133542
cacaulandia|RO,cacaulandia,RO,North,-62.899226094125964,-10.34025146336173,1,18.271215277777777
cacequi|RS,cacequi,RS,South,-54.82698034010612,-29.883414287608886,3,12.596095679012345
caceres|MT,caceres,MT,Central-West,-57.682119442927345,-16.071045838825576,25,17.24707824074074
cachoeira alta|GO,cachoeira alta,GO,Central-West,-50.94622636796692,-18.758456161655783,5,11.75867824074074
cachoeira da prata|MG,cachoeira da prata,MG,Southeast,-44.45294323406996,-19.525821068100147,2,9.683043981481482
cachoeira de minas|MG,cachoeira de minas,MG,Southeast,-45.77918624237953,-22.355793311945018,6,16.365599922839507
cachoeira de pajeu|MG,cachoeira de pajeu,MG,Southeast,-41.49581224496323,-15.966106062257731,3,13.393545524691358
cachoeira do brumado|MG,cachoeira do brumado,MG,Southeast,-43.2746366959329,-20.396459815526175,1,27.44472222222222
cachoeira do campo|MG,cachoeira do campo,MG,Southeast,-43.672552239800325,-20.349351340565665,2,8.243900462962964
cachoeira do sul|RS,cachoeira do sul,RS,South,-52.89459261133067,-30.041284403407214,29,12.933146152618136
cachoeira dourada|GO,cachoeira dourada,GO,Central-West,-49.47702885568083,-18.49383759220372,2,11.189537037037038
cachoeira dourada|MG,cachoeira dourada,MG,Southeast,-49.50096089600923,-18.517166521489962,1,7.162430555555556
cachoeira paulista|SP,cachoeira paulista,SP,Southeast,-45.00807299999998,-22.668128036355263,25,7.820408333333333
cachoeiras de macacu|RJ,cachoeiras de macacu,RJ,Southeast,-42.65473933987149,-22.466181774996222,20,14.631862847222223
cachoeira|BA,cachoeira,BA,Northeast,-38.96524999989147,-12.598562595724136,4,17.873015046296295
cachoeirinha|RS,cachoeirinha,RS,South,-51.088723011527705,-29.942848768785325,72,14.097647730195472
cachoeiro de itapemirim|ES,cachoeiro de itapemirim,ES,Southeast,-41.11721958588304,-20.84783085946389,117,13.93900650918012
cacoal|RO,cacoal,RO,North,-61.448515897250985,-11.43298207202169,11,16.25806186868687
caconde|SP,caconde,SP,Southeast,-46.64527947011744,-21.52850226748479,10,8.633711805555556
cacule|BA,cacule,BA,Northeast,-42.2230049974494,-14.502808163722989,3,39.48827546296297
cacu|GO,cacu,GO,Central-West,-51.135329424711195,-18.563584511947653,7,18.471168981481483
caem|BA,caem,BA,Northeast,-40.432761000000006,-11.092504173222306,1,13.960925925925926
caetanopolis|MG,caetanopolis,MG,Southeast,-44.413922272012705,-19.299743434838938,8,9.60959201388889
caetes|PE,caetes,PE,Northeast,-36.62418201449055,-8.774823805308179,1,8.933148148148149
caete|MG,caete,MG,Southeast,-43.66585956324863,-19.884994571576957,26,12.85369391025641
caetite|BA,caetite,BA,Northeast,-42.488189883855696,-14.068487619139265,10,17.19491550925926
cafeara|PR,cafeara,PR,South,-51.71609298831197,-22.789899395567897,2,12.50072337962963
cafelandia|PR,cafelandia,PR,South,-53.32171363389954,-24.6186285873495,10,11.202118055555555
cafelandia|SP,cafelandia,SP,Southeast,-49.604713417675256,-21.806688623479666,8,8.129846643518519
caiana|MG,caiana,MG,Southeast,-41.92344674316553,-20.69700562881204,3,13.091917438271606
caiaponia|GO,caiaponia,GO,Central-West,-51.812291243652304,-16.95721885288291,4,11.484108796296296
caibate|RS,caibate,RS,South,-54.6393159667386,-28.291248449602385,1,7.18230324074074
caibi|SC,caibi,SC,South,-53.250013009021394,-27.07415886220635,3,13.295563271604939
caicara do norte|RN,caicara do norte,RN,Northeast,-36.05172986000658,-5.063537654523469,1,22.34091435185185
caico|RN,caico,RN,Northeast,-37.094677974726665,-6.465961487877819,10,17.947579861111112
caieiras|SP,caieiras,SP,Southeast,-46.74097499375316,-23.362637454934067,95,7.644719907407407
cairu|BA,cairu,BA,Northeast,-39.04601107194652,-13.486051989872212,1,25.03439814814815
caiua|SP,caiua,SP,Southeast,-51.990109585039505,-21.831345278602072,2,8.640347222222223
cajamar|SP,cajamar,SP,Southeast,-46.84254171963375,-23.406901724083777,93,8.20619001393867
cajapio|MA,cajapio,MA,Northeast,-44.67227690232748,-2.875763645767913,1,20.042337962962964
cajari|MA,cajari,MA,Northeast,-45.0156120305302,-3.3215884470125356,1,8.18982638888889
cajati|SP,cajati,SP,Southeast,-48.109871630496414,-24.72690090177819,16,11.261752748842593
cajazeiras|PB,cajazeiras,PB,Northeast,-38.56021488138379,-6.888968582158628,10,21.92332523148148
cajobi|SP,cajobi,SP,Southeast,-48.8111205087521,-20.877810644915197,8,6.725755208333333
cajueiro|AL,cajueiro,AL,Northeast,-36.14704902443623,-9.39875927357614,1,26.825034722222224
cajuri|MG,cajuri,MG,Southeast,-42.79657275,-20.78648289279877,1,13.102905092592593
cajuru|SP,cajuru,SP,Southeast,-47.305449936701535,-21.274507366906267,9,13.729839248971194
calcado|PE,calcado,PE,Northeast,-36.33613133997375,-8.742496499999996,1,10.56136574074074
caldas brandao|PB,caldas brandao,PB,Northeast,-35.34969643972057,-7.1676270361118455,1,14.387731481481481
caldas do jorro|BA,caldas do jorro,BA,Northeast,-38.791894904061046,-11.027780139903946,1,25.83934027777778
caldas novas|GO,caldas novas,GO,Central-West,-48.62114540273837,-17.742063044681643,36,17.037464634773663
caldas|MG,caldas,MG,Southeast,-46.38694602736802,-21.923525568623283,5,14.340925925925925
caldeirao grande do piaui|PI,caldeirao grande do piaui,PI,Northeast,-40.636939295014315,-7.332780646015499,1,22.30738425925926
caldeirao grande|BA,caldeirao grande,BA,Northeast,-40.07027331427583,-11.107471772485226,2,16.370052083333334
california da barra|RJ,california da barra,RJ,Southeast,-44.04813598043738,-22.475750521784313,6,11.758072916666666
california|PR,california,PR,South,-51.35708027179325,-23.664487718254676,2,10.573269675925925
calmon|SC,calmon,SC,South,-51.099089272478885,-26.602931196443897,1,28.73125
camacan|BA,camacan,BA,Northeast,-39.49688211185045,-15.415009965168265,6,20.901439043209876
camacari|BA,camacari,BA,Northeast,-38.32802999999995,-12.702447237624403,59,20.828661526993095
camacho|MG,camacho,MG,Southeast,-45.15434655903722,-20.626488330948952,1,7.968356481481481
camamu|BA,camamu,BA,Northeast,-39.10515643120829,-13.944788576998107,8,19.721443865740742
camanducaia|MG,camanducaia,MG,Southeast,-46.141280270910144,-22.75496149003513,9,13.807718621399177
camapua|MS,camapua,MS,Central-West,-54.04205663026812,-19.53252663971081,6,16.85859760802469
camaqua|RS,camaqua,RS,South,-51.810715028507744,-30.85360553681616,11,9.804416035353535
camaragibe|PE,camaragibe,PE,Northeast,-34.99132035376192,-8.015644262147237,33,20.870499088103255
cambara do sul|RS,cambara do sul,RS,South,-50.142166809135205,-29.04755758224011,1,4.347291666666667
cambara|PR,cambara,PR,South,-50.07347141176523,-23.04247558503301,9,13.63516975308642
cambe|PR,cambe,PR,South,-51.25442571003805,-23.28391677801272,26,13.302163906695156
cambiasca|RJ,cambiasca,RJ,Southeast,-41.924999999999955,-21.714719999999943,1,8.920601851851853
cambira|PR,cambira,PR,South,-51.58331724539842,-23.60185684241147,2,15.293275462962963
camboriu|SC,camboriu,SC,South,-48.65638619245989,-27.02362958760271,27,14.088939471879286
cambuci|RJ,cambuci,RJ,Southeast,-41.91224652138042,-21.5747775,8,21.68462962962963
cambui|MG,cambui,MG,Southeast,-46.05759647560996,-22.611795176881113,22,15.899107744107745
cambuquira|MG,cambuquira,MG,Southeast,-45.29603321832827,-21.854505508958752,5,11.953694444444444
cameta|PA,cameta,PA,North,-49.50111025019855,-2.2451511099395716,4,23.307447916666668
camocim de sao felix|PE,camocim de sao felix,PE,Northeast,-35.76208710935178,-8.362763951168233,2,10.60740162037037
camocim|CE,camocim,CE,Northeast,-40.84646322603981,-2.901814711064565,8,24.866357060185187
campanario|MG,campanario,MG,Southeast,-41.72780713769945,-18.24065486836413,2,10.488177083333333
campanha|MG,campanha,MG,Southeast,-45.40137544362004,-21.834273377974693,6,18.168456790123457
campestre da serra|RS,campestre da serra,RS,South,-51.09387999999995,-28.795559999999966,2,15.976458333333333
campestre do maranhao|MA,campestre do maranhao,MA,Northeast,-47.362916121253264,-6.17429871402098,2,27.81269675925926
campestre|MG,campestre,MG,Southeast,-46.24591722205191,-21.712054007566028,3,11.09851851851852
campina da lagoa|PR,campina da lagoa,PR,South,-52.806357886391034,-24.594689827983625,2,50.52434027777778
campina das missoes|RS,campina das missoes,RS,South,-54.84043076677856,-27.98995805646094,2,18.16300925925926
campina do monte alegre|SP,campina do monte alegre,SP,Southeast,-48.480716671553935,-23.594172181811807,2,7.994878472222222
campina grande do sul|PR,campina grande do sul,PR,South,-49.10003911278487,-25.357597582718945,8,11.14123119212963
campina grande|PB,campina grande,PB,Northeast,-35.90066697354807,-7.231463366221365,67,18.194926755113322
campina verde|MG,campina verde,MG,Southeast,-49.485016468784096,-19.535311675534626,10,11.104628472222222
campinacu|GO,campinacu,GO,Central-West,-48.564710149426126,-13.794334127791412,1,11.107337962962964
campinapolis|MT,campinapolis,MT,Central-West,-52.79620927747966,-14.538822410825404,3,32.223113425925924
campinas do sul|RS,campinas do sul,RS,South,-52.62480161704307,-27.717855374907273,6,10.957633101851851
campinas|SP,campinas,SP,Southeast,-47.07071336742769,-22.90479794532287,1385,9.838633390159112
campinorte|GO,campinorte,GO,Central-West,-49.152861129106086,-14.313360067559042,7,15.792070105820105
campo alegre de goias|GO,campo alegre de goias,GO,Central-West,-47.777188485898385,-17.63561471912798,2,28.34609375
campo alegre de lourdes|BA,campo alegre de lourdes,BA,Northeast,-43.01184300450398,-9.517024180058765,1,17.831099537037037
campo alegre de minas|MG,campo alegre de minas,MG,Southeast,-41.03380534053093,-19.099162775692967,1,17.83013888888889
campo alegre do fidalgo|PI,campo alegre do fidalgo,PI,Northeast,-41.83417386076794,-8.37863209751232,1,22.87351851851852
campo alegre|AL,campo alegre,AL,Northeast,-36.35011100120624,-9.785070503539336,2,37.95290509259259
campo alegre|SC,campo alegre,SC,South,-49.38233120063682,-26.174139979809496,1,9.322291666666667
campo azul|MG,campo azul,MG,Southeast,-44.81174047985401,-16.505685093826923,1,9.080543981481481
campo belo|MG,campo belo,MG,Southeast,-45.27677199919795,-20.89381730481633,21,11.365861992945327
campo bom|RS,campo bom,RS,South,-51.05918890980452,-29.67745825880729,34,12.490601851851851
campo do brito|SE,campo do brito,SE,Northeast,-37.493093250000015,-10.749223437796491,1,14.968125
campo do meio|MG,campo do meio,MG,Southeast,-45.831014241927726,-21.10956316389927,4,14.40041087962963
campo do tenente|PR,campo do tenente,PR,South,-49.68161999999999,-25.983469589597014,1,37.24482638888889
campo ere|SC,campo ere,SC,South,-53.08104604988514,-26.39492561350507,7,13.79901455026455
campo florido|MG,campo florido,MG,Southeast,-48.57339983752029,-19.76111488336186,1,12.231736111111111
campo formoso|BA,campo formoso,BA,Northeast,-40.32008016329232,-10.508537399129107,9,20.603998199588478
campo grande do piaui|PI,campo grande do piaui,PI,Northeast,-41.04114762788481,-7.133013965143998,1,12.638668981481482
campo grande|MS,campo grande,MS,Central-West,-54.6090492618731,-20.47105549624909,308,14.938453019781145
campo largo|PR,campo largo,PR,South,-49.54061374914315,-25.462944324245026,34,9.685281181917212
campo limpo paulista|SP,campo limpo paulista,SP,Southeast,-46.77116509693393,-23.211061972115367,47,11.510836780929866
campo magro|PR,campo magro,PR,South,-49.374838729384,-25.37346454229565,1,18.919965277777777
campo maior|PI,campo maior,PI,Northeast,-42.16785305098257,-4.828398401457909,6,17.50035300925926
campo mourao|PR,campo mourao,PR,South,-52.37626746763635,-24.041133267279328,55,13.234872264309764
campo novo do parecis|MT,campo novo do parecis,MT,Central-West,-57.88912259575866,-13.660248314229651,15,16.26089660493827
campo novo|RS,campo novo,RS,South,-53.807504096943156,-27.6765193394395,1,20.39380787037037
campo verde|MT,campo verde,MT,Central-West,-55.167211688440354,-15.549220818454463,10,19.466642361111113
campos altos|MG,campos altos,MG,Southeast,-46.16916902019276,-19.69704598525933,5,12.110608796296296
campos belos|GO,campos belos,GO,Central-West,-46.76844575537329,-13.037125208800148,7,15.997225529100529
campos borges|RS,campos borges,RS,South,-52.99927396522619,-28.885857570303028,3,17.86738811728395
campos de julio|MT,campos de julio,MT,Central-West,-59.25970715423041,-13.724185420799634,6,13.50683063271605
campos do jordao|SP,campos do jordao,SP,Southeast,-45.58706246070348,-22.738017278995763,25,11.817716666666666
campos dos goytacazes|RJ,campos dos goytacazes,RJ,Southeast,-41.32408065894662,-21.761692159358073,229,14.951846393336568
campos gerais|MG,campos gerais,MG,Southeast,-45.7595488121382,-21.236076734625858,4,11.136244212962962
campos novos|SC,campos novos,SC,South,-51.226497760529256,-27.399771320303053,13,13.161031873219374
campos sales|CE,campos sales,CE,Northeast,-40.37362667631102,-7.076724036851292,4,23.381710069444445
campos verdes|GO,campos verdes,GO,Central-West,-49.65667755813408,-14.274747403945314,1,12.430914351851852
camutanga|PE,camutanga,PE,Northeast,-35.27268634610464,-7.408054062718584,3,12.250509259259259
canaa dos carajas|PA,canaa dos carajas,PA,North,-49.85237106032086,-6.529929061610091,9,36.88952417695474
canaa|MG,canaa,MG,Southeast,-42.6199861621612,-20.686676276724377,1,12.375613425925925
cananeia|SP,cananeia,SP,Southeast,-47.93082375399905,-25.010198200867112,8,14.35261863425926
canapi|AL,canapi,AL,Northeast,-37.606508996334725,-9.116254812622063,1,38.491458333333334
canapolis|BA,canapolis,BA,Northeast,-44.201851300551894,-13.072217495862692,1,14.269780092592592
canapolis|MG,canapolis,MG,Southeast,-49.20159488489455,-18.72396531836096,5,16.830430555555555
canarana|BA,canarana,BA,Northeast,-41.76946325814834,-11.685911744560826,1,14.901747685185185
canarana|MT,canarana,MT,Central-West,-52.2711727431275,-13.554456618969263,10,23.260254629629628
canavieiras|BA,canavieiras,BA,Northeast,-38.948465230391065,-15.675835594770778,6,21.096043595679014
candeal|BA,candeal,BA,Northeast,-39.119394679751046,-11.808004327718892,1,22.55670138888889
candeias do jamari|RO,candeias do jamari,RO,North,-63.700201037604295,-8.794773784932604,1,25.18634259259259
candeias|BA,candeias,BA,Northeast,-38.541676705610314,-12.671148710160097,12,18.779294945987655
candeias|MG,candeias,MG,Southeast,-45.27402968238525,-20.77277038972257,9,9.998652263374485
candelaria|RS,candelaria,RS,South,-52.78901462112515,-29.668675948136723,4,11.498032407407408
candido de abreu|PR,candido de abreu,PR,South,-51.33937868873653,-24.56875434319465,4,15.428923611111111
candido godoi|RS,candido godoi,RS,South,-54.75318810157865,-27.950215872180245,1,6.885324074074074
candido mendes|MA,candido mendes,MA,Northeast,-45.728912072442654,-1.452532810011395,1,37.82284722222222
candido mota|SP,candido mota,SP,Southeast,-50.38673643154034,-22.750047255217915,16,9.535013744212963
candido rodrigues|SP,candido rodrigues,SP,Southeast,-48.633175413679304,-21.325646165250465,4,8.152306134259259
candido sales|BA,candido sales,BA,Northeast,-41.23766694593938,-15.505378167485931,3,23.450833333333332
candiota|RS,candiota,RS,South,-53.678950542197796,-31.480296044062495,4,17.336828703703702
candoi|PR,candoi,PR,South,-52.04867577275344,-25.56808236477706,1,9.213773148148148
canela|RS,canela,RS,South,-50.810002097859524,-29.36212594987141,17,11.32796772875817
canelinha|SC,canelinha,SC,South,-48.765948598150246,-27.266976257526792,4,13.665011574074073
cangucu|RS,cangucu,RS,South,-52.67748581290867,-31.39528603670237,12,18.205856481481483
canhotinho|PE,canhotinho,PE,Northeast,-36.19768233372076,-8.8813693777312,2,23.243616898148147
caninde de sao francisco|SE,caninde de sao francisco,SE,Northeast,-37.78854668988181,-9.662366569338678,2,20.882766203703703
caninde|CE,caninde,CE,Northeast,-39.31491288210802,-4.356809709908019,6,20.599375
canitar|SP,canitar,SP,Southeast,-49.784725133943354,-23.00544417586056,2,5.6630266203703705
canoas|RS,canoas,RS,South,-51.1721259461596,-29.915863208436726,204,16.976423724582425
canoinhas|SC,canoinhas,SC,South,-50.39189059723588,-26.180479008177024,27,12.496808127572017
cansancao|BA,cansancao,BA,Northeast,-39.49786404588828,-10.667264128199134,7,13.700444775132276
cantagalo|MG,cantagalo,MG,Southeast,-42.6205468441814,-18.53054207318573,2,20.636817129629627
cantagalo|PR,cantagalo,PR,South,-52.122846408453256,-25.376963411861404,2,20.123796296296298
cantagalo|RJ,cantagalo,RJ,Southeast,-42.362375370999054,-21.983463191709554,17,15.372796840958605
cantanhede|MA,cantanhede,MA,Northeast,-44.37749512278452,-3.6346555694541403,1,18.358634259259258
canto do buriti|PI,canto do buriti,PI,Northeast,-42.94660104778699,-8.110298857629747,1,19.431122685185183
canudos|BA,canudos,BA,Northeast,-39.02777000454428,-9.897234832921862,1,13.756944444444445
capanema|PA,capanema,PA,North,-47.17718301409897,-1.192443826559555,3,19.53474151234568
capanema|PR,capanema,PR,South,-53.80729151689831,-25.669302958763204,9,15.633112139917696
capao bonito|SP,capao bonito,SP,Southeast,-48.349703727621645,-24.00510429438202,28,11.002067212301588
capao da canoa|RS,capao da canoa,RS,South,-50.017691069847736,-29.75452832443038,35,16.20864847883598
capao da porteira|RS,capao da porteira,RS,South,-50.694388328298245,-30.092809899462708,2,19.250653935185184
capao do cipo|RS,capao do cipo,RS,South,-54.557970223684315,-28.941654263528584,3,15.11329861111111
capao do leao|RS,capao do leao,RS,South,-52.447366343316595,-31.76391140269849,4,27.56394675925926
caparao|MG,caparao,MG,Southeast,-41.906844426450675,-20.52388197088164,1,11.785925925925927
capela de santana|RS,capela de santana,RS,South,-51.32047989940162,-29.68064157431335,2,12.214207175925926
capela do alto alegre|BA,capela do alto alegre,BA,Northeast,-39.8372394739735,-11.668021408467805,1,24.784733796296297
capela do alto|SP,capela do alto,SP,Southeast,-47.73855280874687,-23.47154308902332,3,26.26604552469136
capela nova|MG,capela nova,MG,Southeast,-43.61967887291634,-20.92438897005095,1,9.314398148148149
capela|SE,capela,SE,Northeast,-37.054340003848694,-10.503608320184773,3,25.327368827160495
capelinha|MG,capelinha,MG,Southeast,-42.51738345410398,-17.695150769703254,19,10.936220760233919
capetinga|MG,capetinga,MG,Southeast,-47.057280242630945,-20.61957751199743,2,10.893582175925925
capim branco|MG,capim branco,MG,Southeast,-44.132521326789494,-19.546942584209994,2,15.533315972222223
capim grosso|BA,capim grosso,BA,Northeast,-40.01159184051222,-11.380744541905642,5,17.820997685185187
capinopolis|MG,capinopolis,MG,Southeast,-49.568232499999965,-18.682265999999945,10,11.485653935185185
capinzal do norte|MA,capinzal do norte,MA,Northeast,-44.327305481977945,-4.72575520085916,2,109.07502893518519
capinzal|SC,capinzal,SC,South,-51.60764795863166,-27.34641068571267,10,14.820333333333334
capistrano|CE,capistrano,CE,Northeast,-38.89986441735139,-4.466087962543707,1,12.414756944444445
capitao andrade|MG,capitao andrade,MG,Southeast,-41.8642814142144,-19.070944520070835,1,11.206539351851852
capitao eneas|MG,capitao eneas,MG,Southeast,-43.71188965676209,-16.324776011673574,1,10.197164351851852
capitao leonidas marques|PR,capitao leonidas marques,PR,South,-53.60766838492795,-25.488831092967057,5,11.1235625
capitao poco|PA,capitao poco,PA,North,-47.063325141240405,-1.74729292287051,3,35.3535262345679
capitao|RS,capitao,RS,South,-51.98812078822443,-29.27058548838691,1,9.478460648148149
capitolio|MG,capitolio,MG,Southeast,-46.04727483479504,-20.615077225996092,4,9.408660300925925
capivari de baixo|SC,capivari de baixo,SC,South,-48.95570224613484,-28.443878629301977,5,19.057930555555554
capivari do sul|RS,capivari do sul,RS,South,-50.51009918481011,-30.144468931076908,1,23.059479166666666
capivari|SP,capivari,SP,Southeast,-47.506153850683795,-22.997186999999997,32,9.012019675925925
capoeiras|PE,capoeiras,PE,Northeast,-36.62739402256221,-8.738274204134045,1,9.467118055555556
caputira|MG,caputira,MG,Southeast,-42.27142912780111,-20.172524297724486,2,11.762222222222222
caracol|MS,caracol,MS,Central-West,-57.028118691201556,-22.015560778650162,1,5.408113425925926
caraguatatuba|SP,caraguatatuba,SP,Southeast,-45.42508035776848,-23.629106481021072,82,11.37745977303523
caraibas|BA,caraibas,BA,Northeast,-41.260725184258895,-14.726161438908235,1,13.968958333333333
caraiba|PE,caraiba,PE,Northeast,-37.79330909824093,-7.804608856460424,2,17.049131944444444
carai|MG,carai,MG,Southeast,-41.69750846759068,-17.18751028611988,6,12.828003472222221
carajas|PA,carajas,PA,North,-48.4034936003218,-12.521263887473877,4,15.479638310185186
carambei|PR,carambei,PR,South,-50.11781756071166,-24.95104706594046,3,12.232368827160494
carandai|MG,carandai,MG,Southeast,-43.80368730508225,-20.952636210070754,10,13.00833449074074
carangola|MG,carangola,MG,Southeast,-42.030254249999984,-20.73366157323959,24,11.363415798611111
carapebus|RJ,carapebus,RJ,Southeast,-41.66301696600459,-22.188612665636423,5,17.14994212962963
carapicuiba|SP,carapicuiba,SP,Southeast,-46.839521967166405,-23.542924575031503,311,7.5528891642848635
caratinga|MG,caratinga,MG,Southeast,-42.140715891552524,-19.78940073534656,60,12.12105787037037
caraubas|RN,caraubas,RN,Northeast,-37.558077603677674,-5.790670208904167,3,14.392172067901233
caravelas|BA,caravelas,BA,Northeast,-39.26418368776639,-17.734269170924616,3,14.885432098765431
carazinho|RS,carazinho,RS,South,-52.79139806482223,-28.288344534167415,23,14.260799114331723
carbonita|MG,carbonita,MG,Southeast,-43.014031582507286,-17.530862802189997,4,10.34878761574074
cardoso moreira|RJ,cardoso moreira,RJ,Southeast,-41.61635081423651,-21.48960580466123,6,13.406226851851851
cardoso|SP,cardoso,SP,Southeast,-49.91340483067864,-20.079705923312662,6,10.56668788580247
careacu|MG,careacu,MG,Southeast,-45.69782624999999,-22.042779128191384,2,12.303576388888889
cariacica|ES,cariacica,ES,Southeast,-40.38449739491106,-20.33338221785608,132,14.864222608024692
caridade|CE,caridade,CE,Northeast,-39.1941965926887,-4.233669569019069,1,20.751875
carinhanha|BA,carinhanha,BA,Northeast,-43.767945524103254,-14.302575504535406,2,24.7025
carire|CE,carire,CE,Northeast,-40.474875077673524,-3.948953204570459,3,17.183221450617285
cariri do tocantins|TO,cariri do tocantins,TO,North,-49.16172712197573,-11.893993163709174,1,16.016099537037036
caririacu|CE,caririacu,CE,Northeast,-39.2833955767384,-7.041815159175979,2,11.761452546296296
carius|CE,carius,CE,Northeast,-39.49637123164362,-6.537883186689459,3,32.72840663580247
carlinda|MT,carlinda,MT,Central-West,-55.82255819015598,-9.966114518866615,2,14.45675925925926
carlopolis|PR,carlopolis,PR,South,-49.71912695537629,-23.42820524743857,6,10.578319830246913
carlos barbosa|RS,carlos barbosa,RS,South,-51.50030424271862,-29.296630233531932,19,15.140040813840155
carlos chagas|MG,carlos chagas,MG,Southeast,-40.765332071962625,-17.70303815857999,2,13.080526620370371
carmesia|MG,carmesia,MG,Southeast,-43.141891712852974,-19.087265460433457,1,19.992592592592594
carmo da cachoeira|MG,carmo da cachoeira,MG,Southeast,-45.220847096158664,-21.46101241884088,4,14.466472800925924
carmo da mata|MG,carmo da mata,MG,Southeast,-44.86870713083341,-20.559393016629343,6,11.760246913580247
carmo de minas|MG,carmo de minas,MG,Southeast,-45.129373094225,-22.12187069509332,3,10.793260030864197
carmo do cajuru|MG,carmo do cajuru,MG,Southeast,-44.770464791117575,-20.187285007815493,10,11.103657407407407
carmo do paranaiba|MG,carmo do paranaiba,MG,Southeast,-46.31220123561797,-18.999910278635895,16,15.183118489583334
carmo do rio claro|MG,carmo do rio claro,MG,Southeast,-46.12110177987858,-20.971956706037112,9,10.168125
carmo do rio verde|GO,carmo do rio verde,GO,Central-West,-49.701684838364955,-15.356483745783189,2,13.618900462962962
carmolandia|TO,carmolandia,TO,North,-48.395965294848665,-7.032577758848273,1,20.450659722222223
carmopolis de minas|MG,carmopolis de minas,MG,Southeast,-44.635374870471075,-20.540642399429228,5,11.052708333333333
carmopolis|SE,carmopolis,SE,Northeast,-36.987844217392094,-10.649021520663837,2,28.86901041666667
carmo|RJ,carmo,RJ,Southeast,-42.60785674804232,-21.933861227198577,12,19.712865547839506
carnaiba do sertao|BA,carnaiba do sertao,BA,Northeast,-40.425445511064936,-9.589271582271095,1,21.04792824074074
carnauba dos dantas|RN,carnauba dos dantas,RN,Northeast,-36.592938,-6.5570120418623326,1,17.833483796296296
carnaubais|RN,carnaubais,RN,Northeast,-36.83604343936045,-5.33778430462379,2,14.656331018518518
carnaubal|CE,carnaubal,CE,Northeast,-40.9380736692725,-4.164734571853598,2,27.33241898148148
carneirinho|MG,carneirinho,MG,Southeast,-50.68444891340087,-19.69864746517565,3,7.994255401234567
carolina|MA,carolina,MA,Northeast,-47.47040432631057,-7.33300768583963,2,23.139212962962965
carpina|PE,carpina,PE,Northeast,-35.259723740109735,-7.847772007539859,10,25.21043171296296
carrancas|MG,carrancas,MG,Southeast,-44.6432995339611,-21.489704999999994,3,12.569880401234569
caruaru|PE,caruaru,PE,Northeast,-35.971534658334356,-8.28388073910784,61,17.662910215543413
carutapera|MA,carutapera,MA,Northeast,-46.0214325,-1.2047659517138594,2,16.538391203703704
carvalhopolis|MG,carvalhopolis,MG,Southeast,-45.843499943957866,-21.77802820237168,3,18.449139660493827
casa branca|SP,casa branca,SP,Southeast,-47.08254087140419,-21.775766811005987,13,10.173460648148149
casa nova|BA,casa nova,BA,Northeast,-40.97013075,-9.178676999999992,6,17.635034722222223
cascalho rico|MG,cascalho rico,MG,Southeast,-47.87814989394002,-18.58213384684877,1,19.108599537037037
cascavel|CE,cascavel,CE,Northeast,-38.24159017762982,-4.130555657879916,4,19.05195023148148
cascavel|PR,cascavel,PR,South,-53.46130455981301,-24.95227026422471,142,11.78698821400626
casca|RS,casca,RS,South,-51.97583017125773,-28.565853985197467,7,14.320791997354497
caseiros|RS,caseiros,RS,South,-51.68771690866047,-28.27442783728939,1,16.95290509259259
casimiro de abreu|RJ,casimiro de abreu,RJ,Southeast,-42.20044488978138,-22.48492526069301,20,13.405068287037038
cassia dos coqueiros|SP,cassia dos coqueiros,SP,Southeast,-47.169766527485066,-21.281962636233168,1,11.12019675925926
cassia|MG,cassia,MG,Southeast,-46.92288290562844,-20.58227479673051,6,8.244265046296297
cassilandia|MS,cassilandia,MS,Central-West,-51.73524024897735,-19.11506376012344,5,15.16343287037037
castanhal|PA,castanhal,PA,North,-47.92646004081157,-1.2953424466478904,20,21.356297453703704
castanheiras|RO,castanheiras,RO,North,-61.95126432357593,-11.42802286291846,1,20.6409375
castanheira|MT,castanheira,MT,Central-West,-58.61026325890029,-11.13904139229583,3,19.314949845679013
castelandia|GO,castelandia,GO,Central-West,-50.22449718877139,-18.089022062120694,5,14.094833333333334
castelo do piaui|PI,castelo do piaui,PI,Northeast,-41.55181132218304,-5.31864578215348,2,15.85427662037037
castelo|ES,castelo,ES,Southeast,-41.20458193555609,-20.604721196184975,18,18.91084490740741
castilho|SP,castilho,SP,Southeast,-51.489617227009795,-20.86797700797572,9,8.370438528806584
castro alves|BA,castro alves,BA,Northeast,-39.426792899621276,-12.765142872203977,2,17.131024305555556
castro|PR,castro,PR,South,-49.99414014142906,-24.793259321407454,22,12.097277988215488
cataguases|MG,cataguases,MG,Southeast,-42.692138714255805,-21.385284639997934,30,11.817648148148148
catalao|GO,catalao,GO,Central-West,-47.94635901554309,-18.16972792951116,31,17.95021356033453
catanduvas|SC,catanduvas,SC,South,-51.659170489813725,-27.071902069210232,6,13.120769675925926
catanduva|SP,catanduva,SP,Southeast,-48.972858348948485,-21.132950799194987,70,8.965655257936508
catarina|CE,catarina,CE,Northeast,-39.87791870536713,-6.133321752302578,3,11.839355709876543
catas altas|MG,catas altas,MG,Southeast,-43.4078829337628,-20.074367280825175,5,14.059722222222222
catende|PE,catende,PE,Northeast,-35.723012686160196,-8.669233728250232,7,19.49933697089947
catigua|SP,catigua,SP,Southeast,-49.060920951401926,-21.050490827196544,6,9.66653549382716
catole do rocha|PB,catole do rocha,PB,Northeast,-37.74648684780528,-6.343654697932321,6,17.849558256172838
catu de abrantes|BA,catu de abrantes,BA,Northeast,-38.2874535,-12.860711999999992,2,28.852841435185184
catuipe|RS,catuipe,RS,South,-54.013880443621076,-28.251582671100778,3,21.869903549382716
caturama|BA,caturama,BA,Northeast,-42.29252600580825,-13.330747477464872,1,18.599120370370372
catu|BA,catu,BA,Northeast,-38.38462730242748,-12.362648642184194,10,22.131186342592592
caucaia|CE,caucaia,CE,Northeast,-38.64670738033594,-3.75636101943506,35,23.509232473544973
cavalcante|GO,cavalcante,GO,Central-West,-47.45849864516992,-13.795449179962937,2,15.897673611111111
caxambu do sul|SC,caxambu do sul,SC,South,-52.88213985996868,-27.15901867334441,1,17.003819444444446
caxambu|MG,caxambu,MG,Southeast,-44.93186888145687,-21.980138642875495,16,14.07158275462963
caxias do sul|RS,caxias do sul,RS,South,-51.1797340200537,-29.166609911666264,217,15.749242191500256
caxias|MA,caxias,MA,Northeast,-43.35363161058734,-4.874033362324615,16,20.16597800925926
caxingo|PI,caxingo,PI,Northeast,-41.89405656910353,-3.42026003871809,1,35.12040509259259
ceara-mirim|RN,ceara-mirim,RN,Northeast,-35.424249559972175,-5.640879506902179,2,10.219259259259259
cedral|MA,cedral,MA,Northeast,-44.535587975433614,-2.001347784213978,3,20.04980324074074
cedral|SP,cedral,SP,Southeast,-49.26843075766668,-20.902690590895492,6,14.647762345679013
cedro de sao joao|SE,cedro de sao joao,SE,Northeast,-36.8822164793877,-10.252080009403048,3,25.59028163580247
cedro do abaete|MG,cedro do abaete,MG,Southeast,-45.714540087226354,-19.147111404098304,1,7.102719907407407
cedro|CE,cedro,CE,Northeast,-39.06058308530353,-6.605303446641359,1,12.12505787037037
ceilandia|DF,ceilandia,DF,Central-West,-48.14357726026978,-15.805575522996644,1,17.925636574074073
celina|ES,celina,ES,Southeast,-40.06552150433009,-19.3989105,2,22.503043981481483
celso ramos|SC,celso ramos,SC,South,-51.33731015034528,-27.633305812944272,2,20.12625578703704
centenario do sul|PR,centenario do sul,PR,South,-51.59663864480884,-22.82285976647767,4,17.879273726851853
centenario|TO,centenario,TO,North,-47.33776091055705,-8.957655244319064,1,20.475243055555556
central de santa helena|MG,central de santa helena,MG,Southeast,-41.56160836342998,-18.7057533407439,1,9.976863425925925
centralina|MG,centralina,MG,Southeast,-49.20074891210765,-18.58468282147575,1,14.394699074074074
central|BA,central,BA,Northeast,-42.111736834608294,-11.137142779824295,1,46.50408564814815
centro novo do maranhao|MA,centro novo do maranhao,MA,Northeast,-46.12782606689814,-2.1412998881048457,1,26.330474537037038
cerejeiras|RO,cerejeiras,RO,North,-60.819863933826646,-13.191574772537782,1,11.905231481481481
ceres|GO,ceres,GO,Central-West,-49.604829999999936,-15.307480831371032,7,12.711878306878306
cerqueira cesar|SP,cerqueira cesar,SP,Southeast,-49.16310060136444,-23.033823188282117,18,12.317418338477367
cerquilho|SP,cerquilho,SP,Southeast,-47.74609611924849,-23.16618175051456,28,10.495369130291005
cerrito|RS,cerrito,RS,South,-52.81118617240184,-31.852044677499627,1,13.76306712962963
cerro azul|PR,cerro azul,PR,South,-49.2625755250401,-24.826049093749603,4,12.743078703703704
cerro grande do sul|RS,cerro grande do sul,RS,South,-51.75041890879506,-30.595646628469822,2,8.75074074074074
cerro grande|RS,cerro grande,RS,South,-53.1668883211147,-27.607759872653133,1,12.158877314814815
cerro largo|RS,cerro largo,RS,South,-54.737897458352755,-28.147091832726495,7,15.246183862433863
cerro negro|SC,cerro negro,SC,South,-50.8741195091567,-27.796919018896354,1,22.17071759259259
cesario lange|SP,cesario lange,SP,Southeast,-47.95468585633059,-23.22491593078331,13,8.452348646723646
ceu azul|PR,ceu azul,PR,South,-53.85168450393442,-25.148222571714548,7,14.758822751322752
cezarina|GO,cezarina,GO,Central-West,-49.77247446252315,-16.97083247633617,1,10.898599537037038
cha de alegria|PE,cha de alegria,PE,Northeast,-35.21123642466964,-7.997351435105818,1,24.199525462962963
cha grande|PE,cha grande,PE,Northeast,-35.460840774495495,-8.24021459515226,1,8.968379629629629
chacara|MG,chacara,MG,Southeast,-43.22030219863332,-21.672690259236667,2,15.67400462962963
chale|MG,chale,MG,Southeast,-41.69200221561003,-20.043098140040875,2,14.537089120370371
chapada do norte|MG,chapada do norte,MG,Southeast,-42.541733480419715,-17.09278318230583,2,33.045260416666665
chapada dos guimaraes|MT,chapada dos guimaraes,MT,Central-West,-55.74582963846584,-15.460159929300918,4,22.05528645833333
chapada gaucha|MG,chapada gaucha,MG,Southeast,-45.62606056377073,-15.29944766965183,4,20.078093171296295
chapadao do ceu|GO,chapadao do ceu,GO,Central-West,-52.665206949213896,-18.396991282177517,7,13.215651455026455
chapadao do lageado|SC,chapadao do lageado,SC,South,-49.549537166203436,-27.58966827946609,1,17.996956018518517
chapadao do sul|MS,chapadao do sul,MS,Central-West,-52.62224796721447,-18.79366951138779,14,21.248657407407407
chapada|RS,chapada,RS,South,-53.065708964408174,-28.059061078276383,4,24.17503472222222
chapadinha|MA,chapadinha,MA,Northeast,-43.357436277065524,-3.741580213572118,2,15.195960648148148
chapeco|SC,chapeco,SC,South,-52.61562225,-27.101128015861196,99,16.708657524317246
charqueadas|RS,charqueadas,RS,South,-51.62866453331365,-29.96150870112698,17,14.803062363834423
charqueada|SP,charqueada,SP,Southeast,-47.77609147989785,-22.51091159968586,10,15.382429398148147
charrua|RS,charrua,RS,South,-52.02964105736787,-27.953797243257792,1,13.331493055555555
chaval|CE,chaval,CE,Northeast,-41.24307889683534,-3.035570240335158,1,15.1590625
chavantes|SP,chavantes,SP,Southeast,-49.70818196907145,-23.03886550866241,12,9.744763695987654
chaveslandia|MG,chaveslandia,MG,Southeast,-50.48805214021181,-19.043290472034577,2,29.368929398148147
chiapetta|RS,chiapetta,RS,South,-53.9422010254883,-27.91826688496754,1,9.199872685185186
chopinzinho|PR,chopinzinho,PR,South,-52.53039814911457,-25.85601873308239,4,13.4515625
chorozinho|CE,chorozinho,CE,Northeast,-38.49842599731103,-4.302350214108634,1,14.028356481481481
chorrocho|BA,chorrocho,BA,Northeast,-39.098212124666965,-8.978426697991832,1,23.345636574074074
chui|RS,chui,RS,South,-53.45686407609112,-33.690971840060584,5,12.929553240740741
cianorte|PR,cianorte,PR,South,-52.60977281399602,-23.656342642475988,39,11.91554190408357
cicero dantas|BA,cicero dantas,BA,Northeast,-38.38209829435899,-10.593832336221343,9,25.58167952674897
cidade gaucha|PR,cidade gaucha,PR,South,-52.940759765939866,-23.38313612419481,5,15.959120370370371
cidade ocidental|GO,cidade ocidental,GO,Central-West,-47.93637481629608,-16.09454472188803,8,12.969171006944444
cidelandia|MA,cidelandia,MA,Northeast,-47.78605208030204,-5.172225913347798,1,23.15659722222222
cidreira|RS,cidreira,RS,South,-50.20977779805466,-30.18004890212813,5,14.980344907407407
cipo|BA,cipo,BA,Northeast,-38.51579796544673,-11.100879953040454,1,25.843356481481482
ciriaco|RS,ciriaco,RS,South,-51.873733830619265,-28.34327255729224,1,18.38045138888889
claraval|MG,claraval,MG,Southeast,-47.285723751262346,-20.40093,1,8.11425925925926
claro dos pocoes|MG,claro dos pocoes,MG,Southeast,-44.20753234831179,-17.078861030216466,1,6.611875
claudia|MT,claudia,MT,Central-West,-54.87503814637198,-11.503451853032374,4,21.419910300925928
claudio|MG,claudio,MG,Southeast,-44.76588783921957,-20.44159268613129,20,13.753685185185185
clementina|SP,clementina,SP,Southeast,-50.44623449869436,-21.55872070734507,4,10.635092592592592
clevelandia|PR,clevelandia,PR,South,-52.35513201412617,-26.407356170756778,3,14.333179012345678
coaraci|BA,coaraci,BA,Northeast,-39.5531301914744,-14.637361690494917,4,23.46325810185185
coari|AM,coari,AM,North,-63.14237405595736,-4.088142597733086,1,21.955752314814816
cocais|MG,cocais,MG,Southeast,-43.45224249605176,-19.859702583992345,1,17.983726851851852
cocal do sul|SC,cocal do sul,SC,South,-49.32508685085058,-28.599547407209805,4,11.26287037037037
cocalinho|MT,cocalinho,MT,Central-West,-51.00253001123052,-14.393759158607258,4,18.099111689814816
cocalzinho de goias|GO,cocalzinho de goias,GO,Central-West,-48.77138941834358,-15.778591307912638,1,7.662013888888889
cocal|PI,cocal,PI,Northeast,-41.55501158865709,-3.470861867158325,7,15.306626984126984
cocos|BA,cocos,BA,Northeast,-44.53524243638287,-14.180328790479741,1,32.129386574074076
codo|MA,codo,MA,Northeast,-43.88951140243549,-4.460313170917487,7,22.591466600529102
coelho neto|MA,coelho neto,MA,Northeast,-43.015427385014775,-4.255409164685137,3,21.18459490740741
coimbra|MG,coimbra,MG,Southeast,-42.80207849999999,-20.859147858440362,1,15.591030092592593
coite do noia|AL,coite do noia,AL,Northeast,-36.57856092949353,-9.634651443169188,1,11.606990740740741
colatina|ES,colatina,ES,Southeast,-40.62818313710931,-19.527311798788695,62,13.091754405615292
colider|MT,colider,MT,Central-West,-55.45774179157193,-10.807343922181284,7,26.09494708994709
colinas do tocantins|TO,colinas do tocantins,TO,North,-48.47743766890051,-8.05618307137424,3,19.185555555555556
colinas|MA,colinas,MA,Northeast,-44.247305352978145,-6.028391507416547,3,27.113445216049385
colinas|RS,colinas,RS,South,-51.86899308717813,-29.388253629228064,1,12.859525462962964
colina|SP,colina,SP,Southeast,-48.534945088624504,-20.715135498863695,9,10.981213991769547
colmeia|TO,colmeia,TO,North,-48.75273526834455,-8.734280372245145,2,17.187459490740743
colniza|MT,colniza,MT,Central-West,-59.22118919771012,-9.455288306977053,3,20.06520061728395
colombia|SP,colombia,SP,Southeast,-48.68788151554064,-20.178276989559805,5,11.208787037037037
colombo|PR,colombo,PR,South,-49.18582840154509,-25.361461985965224,59,12.18311636848713
colonia castrolanda|PR,colonia castrolanda,PR,South,-46.401558774842776,-23.702852723394393,2,11.908373842592592
colonia jordaozinho|PR,colonia jordaozinho,PR,South,-51.50634312648354,-25.53495725335863,2,15.583269675925926
colonia leopoldina|AL,colonia leopoldina,AL,Northeast,-35.7237523678724,-8.912359538758729,2,14.634375
colonia vitoria|PR,colonia vitoria,PR,South,-51.09859512870409,-25.583515022448136,5,19.310069444444444
colorado do oeste|RO,colorado do oeste,RO,North,-60.54290199182562,-13.126593997207497,3,14.40175925925926
colorado|PR,colorado,PR,South,-51.971933413403256,-22.838208540393257,6,10.62195987654321
colorado|RS,colorado,RS,South,-52.99414109630609,-28.52500620249828,3,15.239239969135802
coluna|MG,coluna,MG,Southeast,-42.84051645695678,-18.232048162491367,3,11.48840663580247
combinado|TO,combinado,TO,North,-46.549622929524,-12.815290345020664,1,10.124456018518519
comendador levy gasparian|RJ,comendador levy gasparian,RJ,Southeast,-43.20542272862228,-22.034053040584162,6,11.664797453703704
comercinho|MG,comercinho,MG,Southeast,-41.79408558708013,-16.29680642807721,1,15.94517361111111
comodoro|MT,comodoro,MT,Central-West,-59.78335479823106,-13.65699891718855,7,19.38287367724868
conceicao da aparecida|MG,conceicao da aparecida,MG,Southeast,-46.20377689316489,-21.09648564987388,5,10.732701388888888
conceicao da barra|ES,conceicao da barra,ES,Southeast,-39.734480966601424,-18.587236613398552,3,17.918429783950618
conceicao da feira|BA,conceicao da feira,BA,Northeast,-39.00121778685981,-12.506365032050793,2,52.233321759259255
conceicao da ibitipoca|MG,conceicao da ibitipoca,MG,Southeast,-41.429892043842926,-16.97526446686565,1,40.8050462962963
conceicao das alagoas|MG,conceicao das alagoas,MG,Southeast,-48.38030863587498,-19.92141447295124,3,7.299864969135802
conceicao das pedras|MG,conceicao das pedras,MG,Southeast,-45.454860618769544,-22.159775569448804,4,10.982497106481482
conceicao de macabu|RJ,conceicao de macabu,RJ,Southeast,-41.86779799739642,-22.0846005,12,18.780608603395063
conceicao do almeida|BA,conceicao do almeida,BA,Northeast,-39.16948125630305,-12.77723917440754,1,21.078287037037036
conceicao do araguaia|PA,conceicao do araguaia,PA,North,-49.26660616545765,-8.26419321714068,7,21.669007936507935
conceicao do caninde|PI,conceicao do caninde,PI,Northeast,-41.55374149999997,-7.912469999999946,1,15.942037037037037
conceicao do castelo|ES,conceicao do castelo,ES,Southeast,-41.24709623449219,-20.359105186257818,5,10.66230787037037
conceicao do coite|BA,conceicao do coite,BA,Northeast,-39.28253613660486,-11.564023831500997,9,19.133951903292182
conceicao do jacuipe|BA,conceicao do jacuipe,BA,Northeast,-38.76609032947268,-12.330111430522724,3,24.383244598765433
conceicao do mato dentro|MG,conceicao do mato dentro,MG,Southeast,-43.425634802063584,-19.032693216364144,11,11.865523989898989
conceicao do para|MG,conceicao do para,MG,Southeast,-44.89664253669112,-19.75175984910977,3,9.503252314814816
conceicao do rio verde|MG,conceicao do rio verde,MG,Southeast,-45.08620968443654,-21.88104050698774,5,11.53320138888889
conceicao do tocantins|TO,conceicao do tocantins,TO,North,-47.296374664858206,-12.219768426395936,3,21.479918981481482
conceicao dos ouros|MG,conceicao dos ouros,MG,Southeast,-45.79710538047297,-22.414254624709983,4,11.78458912037037
conceicao|PB,conceicao,PB,Northeast,-38.50693890327347,-7.556364291051169,2,20.509189814814814
conchal|SP,conchal,SP,Southeast,-47.16903824492072,-22.33733647655877,19,11.240213815789474
conchas|SP,conchas,SP,Southeast,-48.01053180649111,-23.015652064521287,8,9.598389756944444
concordia do para|PA,concordia do para,PA,North,-47.94570911303042,-1.9949945351344733,3,25.667704475308643
concordia|SC,concordia,SC,South,-52.02505973585523,-27.230892631276276,46,17.40638863727858
condado|PE,condado,PE,Northeast,-35.10138173066137,-7.5871044928108144,4,13.548489583333334
condeuba|BA,condeuba,BA,Northeast,-41.96893812550663,-14.899337800599332,1,18.0896875
conde|BA,conde,BA,Northeast,-37.612606977539635,-11.813328585583086,2,37.73575810185186
condor|RS,condor,RS,South,-53.48503161974425,-28.208125105536304,4,11.610810185185185
confins|MG,confins,MG,Southeast,-43.98897268005168,-19.630862492531957,1,19.896875
confresa|MT,confresa,MT,Central-West,-51.57099381745416,-10.650564199905777,7,18.014416335978837
congonhal|MG,congonhal,MG,Southeast,-46.03995323828876,-22.151853952441904,4,11.917083333333334
congonhas|MG,congonhas,MG,Southeast,-43.85753462626693,-20.50506397453669,30,13.406593364197532
congonhinhas|PR,congonhinhas,PR,South,-50.551475387432426,-23.55119241699889,2,15.332256944444445
conquista d'oeste|MT,conquista d'oeste,MT,Central-West,-59.54035531959738,-14.540184874367917,1,31.371122685185185
conquista|MG,conquista,MG,Southeast,-47.5444618568659,-19.938191175390692,6,12.346570216049383
conrado|RJ,conrado,RJ,Southeast,-43.56815285712736,-22.533390248012804,1,9.853148148148149
conselheiro lafaiete|MG,conselheiro lafaiete,MG,Southeast,-43.78585877930211,-20.660955301151265,82,13.510367265130984
conselheiro mairinck|PR,conselheiro mairinck,PR,South,-50.1697153939369,-23.62450171483622,1,6.018553240740741
conselheiro pena|MG,conselheiro pena,MG,Southeast,-41.47247462220565,-19.173229195013285,14,12.363640046296297
conservatoria|RJ,conservatoria,RJ,Southeast,-43.91990205018972,-22.28682849321536,4,17.830379050925924
constantina|RS,constantina,RS,South,-52.99574518356386,-27.73202948631604,1,12.304039351851852
contagem|MG,contagem,MG,Southeast,-44.0525045309138,-19.925262771196195,408,11.241340890522876
contenda|PR,contenda,PR,South,-49.53643683464348,-25.679913525771106,1,3.918460648148148
coqueiro baixo|RS,coqueiro baixo,RS,South,-52.089344249999954,-29.18047999999994,2,15.68818287037037
coqueiros do sul|RS,coqueiros do sul,RS,South,-52.78288464369865,-28.118396469572996,1,10.901180555555555
coracao de jesus|MG,coracao de jesus,MG,Southeast,-44.3597528723556,-16.68867729392726,3,9.918452932098765
coracao de maria|BA,coracao de maria,BA,Northeast,-38.75114774689128,-12.247956429673728,1,16.520428240740742
corbelia|PR,corbelia,PR,South,-53.2985426433108,-24.796289299793788,3,13.110763888888888
cordeiropolis|SP,cordeiropolis,SP,Southeast,-47.45877212094766,-22.481398523517264,15,9.350855709876543
cordeiros|BA,cordeiros,BA,Northeast,-41.93451291456772,-15.039650422648098,1,16.914733796296296
cordeiro|RJ,cordeiro,RJ,Southeast,-42.36572479505755,-22.027806489679875,24,11.79526813271605
coreau|CE,coreau,CE,Northeast,-40.65504039925095,-3.5521863733196986,1,21.680081018518518
coremas|PB,coremas,PB,Northeast,-37.943971792602625,-7.017804465345803,3,17.940289351851852
corguinho|MS,corguinho,MS,Central-West,-54.83073937124644,-19.82776980621906,2,16.640376157407406
coribe|BA,coribe,BA,Northeast,-44.4581985284123,-13.827908769249255,8,18.708243634259258
corinto|MG,corinto,MG,Southeast,-44.45585702891758,-18.366116963664247,11,9.756207912457912
cornelio procopio|PR,cornelio procopio,PR,South,-50.64953431443574,-23.180924811785815,24,12.316943479938272
coroaci|MG,coroaci,MG,Southeast,-42.28202177428124,-18.61900903420878,2,12.03162037037037
coroados|SP,coroados,SP,Southeast,-50.28482297686622,-21.355128499342655,2,11.70722800925926
coroata|MA,coroata,MA,Northeast,-44.12595587006855,-4.129557525661567,9,18.517794495884775
coromandel|MG,coromandel,MG,Southeast,-47.19905203561227,-18.4760791367949,24,14.801566358024692
coronel domingos soares|PR,coronel domingos soares,PR,South,-52.0305525,-26.221616456050064,1,29.370289351851852
coronel fabriciano|MG,coronel fabriciano,MG,Southeast,-42.6295431877278,-19.50728196320319,39,9.522476258309592
coronel freitas|SC,coronel freitas,SC,South,-52.703226843382424,-26.907546310894556,1,7.990081018518518
coronel joao pessoa|RN,coronel joao pessoa,RN,Northeast,-38.44276186123267,-6.261831000000004,1,14.164791666666666
coronel joao sa|BA,coronel joao sa,BA,Northeast,-37.92574920310214,-10.286898854539158,3,17.49975308641975
coronel macedo|SP,coronel macedo,SP,Southeast,-49.313938840750815,-23.63121186663193,2,7.5612615740740745
coronel martins|SC,coronel martins,SC,South,-52.66907658962485,-26.51197406846876,2,15.228871527777777
coronel murta|MG,coronel murta,MG,Southeast,-42.18434129054765,-16.616088978561898,1,15.793888888888889
coronel pacheco|MG,coronel pacheco,MG,Southeast,-43.26426056870334,-21.5877292046965,1,14.231944444444444
coronel sapucaia|MS,coronel sapucaia,MS,Central-West,-55.53059086462826,-23.271265152017925,1,15.709351851851851
coronel vivida|PR,coronel vivida,PR,South,-52.565943889424354,-25.98209858280038,11,13.81398569023569
corrego danta|MG,corrego danta,MG,Southeast,-45.904624232507935,-19.824413580412084,1,6.253715277777777
corrego fundo|MG,corrego fundo,MG,Southeast,-45.558811353016175,-20.448014750047832,1,24.859837962962963
correia pinto|SC,correia pinto,SC,South,-50.364203952940066,-27.585641089814075,11,16.83325021043771
correntes|PE,correntes,PE,Northeast,-36.32749729991763,-9.129383430937288,1,15.587256944444444
corrente|PI,corrente,PI,Northeast,-45.16467786302195,-10.438816400978595,4,25.926747685185184
correntina|BA,correntina,BA,Northeast,-44.63348761010734,-13.343680339357732,2,17.364936342592593
cortes|PE,cortes,PE,Northeast,-35.54414055460941,-8.473627733034672,2,19.85179398148148
corumba de goias|GO,corumba de goias,GO,Central-West,-48.808326847110635,-15.924743507102669,2,10.121712962962963
corumbaiba|GO,corumbaiba,GO,Central-West,-48.56249913257149,-18.144505237048826,4,10.320546875000002
corumbatai do sul|PR,corumbatai do sul,PR,South,-52.11737803544663,-24.100885539376367,1,12.563819444444444
corumbatai|SP,corumbatai,SP,Southeast,-47.62390765610621,-22.22203768374403,2,7.9597395833333335
corumba|MS,corumba,MS,Central-West,-57.65120985256391,-19.004913819637732,26,17.692028133903133
corupa|SC,corupa,SC,South,-49.24408639286826,-26.434478786713424,4,13.95306423611111
coruripe|AL,coruripe,AL,Northeast,-36.17542228716651,-10.126386041781421,3,21.68133101851852
cosmopolis|SP,cosmopolis,SP,Southeast,-47.18986746209727,-22.642632444841645,48,10.299627459490742
cosmorama|SP,cosmorama,SP,Southeast,-49.77650312564299,-20.47952746969819,6,9.630042438271605
costa marques|RO,costa marques,RO,North,-64.22742616074173,-12.434282677826095,2,23.46188657407407
costa rica|MS,costa rica,MS,Central-West,-53.1308285279212,-18.542542774383232,12,18.573714313271605
cotegipe|BA,cotegipe,BA,Northeast,-44.25687010559526,-12.02729069041768,1,32.221354166666664
cotia|SP,cotia,SP,Southeast,-46.91078004662704,-23.6059606078843,236,7.1724153032799745
cotipora|RS,cotipora,RS,South,-51.6966169568079,-28.99249603415308,1,21.37763888888889
cotriguacu|MT,cotriguacu,MT,Central-West,-58.56399092249827,-9.90206658820026,2,21.086145833333333
couto de magalhaes|TO,couto de magalhaes,TO,North,-49.177470670487885,-8.360302034008726,2,15.30181712962963
coxilha|RS,coxilha,RS,South,-52.297607380223035,-28.126154219979085,2,23.00505787037037
coxim|MS,coxim,MS,Central-West,-54.74901121680464,-18.50630959335238,11,19.6324273989899
crateus|CE,crateus,CE,Northeast,-40.66767409384606,-5.178615655570518,9,17.249990997942387
crato|CE,crato,CE,Northeast,-39.41044007669045,-7.232051594721804,18,17.052247299382717
cravinhos|SP,cravinhos,SP,Southeast,-47.7343164273681,-21.33894323256244,24,9.088825231481481
cravolandia|BA,cravolandia,BA,Northeast,-39.81381313972623,-13.36042284702786,1,20.222766203703703
criciuma|SC,criciuma,SC,South,-49.37063059310332,-28.682688590576102,89,14.968871202663337
crisolita|MG,crisolita,MG,Southeast,-41.08635508177056,-17.277104778038133,2,14.503987268518518
crisopolis|BA,crisopolis,BA,Northeast,-38.15096380644292,-11.511045090730779,3,18.314749228395062
crissiumal|RS,crissiumal,RS,South,-54.09968889975491,-27.49792062531479,2,11.122546296296296
cristais paulista|SP,cristais paulista,SP,Southeast,-47.41854742759851,-20.40673339589932,4,11.178561921296296
cristais|MG,cristais,MG,Southeast,-45.518578036843024,-20.875852196360086,3,11.308495370370371
cristalandia|TO,cristalandia,TO,North,-49.194790963991025,-10.60329867384707,3,18.76358024691358
cristalia|MG,cristalia,MG,Southeast,-42.86567710815813,-16.719613427083516,3,14.675844907407408
cristalina|GO,cristalina,GO,Central-West,-47.611067209428484,-16.771046667440487,8,19.53201244212963
cristal|RS,cristal,RS,South,-52.04769240077127,-31.00135745392135,3,20.36747685185185
cristiano otoni|MG,cristiano otoni,MG,Southeast,-43.806420252055176,-20.8261248680982,2,13.980966435185184
cristinapolis|SE,cristinapolis,SE,Northeast,-37.75680870725571,-11.47723816353064,1,19.606296296296296
cristina|MG,cristina,MG,Southeast,-45.263105855043406,-22.210748951881115,7,18.028832671957673
cristopolis|BA,cristopolis,BA,Northeast,-44.416125124017086,-12.234757775529221,2,13.879537037037037
crixas|GO,crixas,GO,Central-West,-49.96847589553837,-14.54232154016025,8,18.53646556712963
croata|CE,croata,CE,Northeast,-40.90537853459254,-4.415004954515524,1,19.862395833333334
crominia|GO,crominia,GO,Central-West,-49.374004314480146,-17.28935256979773,1,9.057384259259258
crucilandia|MG,crucilandia,MG,Southeast,-44.33841004511247,-20.392086221533074,1,8.047708333333333
cruz alta|RS,cruz alta,RS,South,-53.6064557694012,-28.643589040933513,29,11.881952426564496
cruz das almas|BA,cruz das almas,BA,Northeast,-39.1013063801286,-12.671260983203526,17,17.67396718409586
cruz machado|PR,cruz machado,PR,South,-51.3499068800425,-26.01771873395263,3,8.513954475308642
cruzalia|SP,cruzalia,SP,Southeast,-50.79124083706301,-22.744428049070713,3,10.648854166666666
cruzeiro da fortaleza|MG,cruzeiro da fortaleza,MG,Southeast,-46.67333999999994,-18.946894342539796,2,9.598292824074074
cruzeiro do iguacu|PR,cruzeiro do iguacu,PR,South,-53.12920721762557,-25.61403606862062,1,10.975462962962963
cruzeiro do oeste|PR,cruzeiro do oeste,PR,South,-53.071123085797396,-23.78392136967995,7,7.348497023809524
cruzeiro do sul|AC,cruzeiro do sul,AC,North,-72.67098698091266,-7.625886788253401,3,23.724108796296296
cruzeiro do sul|RS,cruzeiro do sul,RS,South,-51.98706534160956,-29.512899999999945,3,15.562650462962964
cruzeiro|SP,cruzeiro,SP,Southeast,-44.960846308519315,-22.568052956246024,54,10.827752914951988
cruzilia|MG,cruzilia,MG,Southeast,-44.80989995599917,-21.83869349999999,4,10.680454282407407
cruz|CE,cruz,CE,Northeast,-40.175634230382144,-2.9183117601789363,7,22.548096891534392
cubatao|SP,cubatao,SP,Southeast,-46.41644242338826,-23.899569996808292,77,10.540927429052429
cubati|PB,cubati,PB,Northeast,-36.35575951053592,-6.862084155003103,2,31.93526041666667
cuiaba|MT,cuiaba,MT,Central-West,-56.08016102817979,-15.594988055474516,239,18.368268198899738
cuite|PB,cuite,PB,Northeast,-36.151982685701824,-6.485292513817023,3,14.96037037037037
cujubim|RO,cujubim,RO,North,-62.58434044264982,-9.362901425354647,1,14.786377314814814
cumari|GO,cumari,GO,Central-West,-48.14927679873251,-18.264764195367132,2,8.546145833333334
cumaru|PE,cumaru,PE,Northeast,-35.69931810615622,-8.01201049369657,2,25.076533564814817
cunha pora|SC,cunha pora,SC,South,-53.17033803270527,-26.89215041228561,5,16.946766203703703
cunha|SP,cunha,SP,Southeast,-44.95866269660071,-23.07433526119847,13,10.956418269230769
cupira|PE,cupira,PE,Northeast,-35.95319504333398,-8.610423037368761,1,32.99980324074074
curaca|BA,curaca,BA,Northeast,-39.90532255748744,-8.989154144020223,3,36.605613425925924
curitibanos|SC,curitibanos,SC,South,-50.57755286955393,-27.290209139974166,19,14.52619761208577
curitiba|PR,curitiba,PR,South,-49.27371238245144,-25.44379916929823,1469,10.496952331202884
curiuva|PR,curiuva,PR,South,-50.45594974870785,-24.038314294041577,4,10.211006944444444
currais novos|RN,currais novos,RN,Northeast,-36.51804239420544,-6.258545410282773,7,43.464459325396824
curral de cima|PB,curral de cima,PB,Northeast,-35.26602567205188,-6.718979212776461,1,17.96097222222222
curralinho|PA,curralinho,PA,North,-49.79584145908497,-1.813653345713988,1,17.09898148148148
curuca|PA,curuca,PA,North,-47.85367412294094,-0.7353836432310166,3,19.22618827160494
cururupu|MA,cururupu,MA,Northeast,-44.87038360684315,-1.827486350325464,3,25.93974537037037
curvelandia|MT,curvelandia,MT,Central-West,-57.92086327720421,-15.60872169897605,1,22.404895833333335
curvelo|MG,curvelo,MG,Southeast,-44.43159029668814,-18.75756011835844,41,13.613419150858176
custodia|PE,custodia,PE,Northeast,-37.64288462782425,-8.088127951791035,5,10.807430555555555
damianopolis|GO,damianopolis,GO,Central-West,-46.17319751265265,-14.560567056402245,2,13.966197916666665
dario meira|BA,dario meira,BA,Northeast,-39.90376758885614,-14.4343067022118,2,15.297465277777778
datas|MG,datas,MG,Southeast,-43.658880508260374,-18.446222637401515,1,10.579155092592593
david canabarro|RS,david canabarro,RS,South,-51.846880216369655,-28.38809203555391,2,16.579733796296296
delfim moreira|MG,delfim moreira,MG,Southeast,-45.278955493708224,-22.506679403497806,1,4.9058217592592595
delfinopolis|MG,delfinopolis,MG,Southeast,-46.850844176062644,-20.346217936088813,3,11.631230709876544
delmiro gouveia|AL,delmiro gouveia,AL,Northeast,-38.00233657089399,-9.383374689072339,4,20.798845486111112
demerval lobao|PI,demerval lobao,PI,Northeast,-42.67835093202861,-5.358452196794645,1,14.110601851851852
denise|MT,denise,MT,Central-West,-57.049809409213196,-14.728011306017676,2,13.540902777777777
deodapolis|MS,deodapolis,MS,Central-West,-54.16835945385207,-22.272374086130764,2,21.241944444444442
deputado irapuan pinheiro|CE,deputado irapuan pinheiro,CE,Northeast,-39.266934266420634,-5.914358075185721,2,20.99216435185185
descalvado|SP,descalvado,SP,Southeast,-47.62143917310523,-21.90747320518916,12,8.938857060185185
descoberto|MG,descoberto,MG,Southeast,-42.963820039255225,-21.461322562198994,3,10.48525848765432
desembargador otoni|MG,desembargador otoni,MG,Southeast,-43.33270793221728,-17.695701323603682,1,32.194467592592595
desterro de entre rios|MG,desterro de entre rios,MG,Southeast,-44.33279192717206,-20.660203027893633,1,8.944814814814816
desterro do melo|MG,desterro do melo,MG,Southeast,-43.511805724536984,-21.148640556079854,1,7.813344907407408
desterro|PB,desterro,PB,Northeast,-37.09108885693454,-7.290027211501278,1,32.506273148148146
dezesseis de novembro|RS,dezesseis de novembro,RS,South,-55.05035838200403,-28.22536062849371,1,17.706550925925924
diadema|SP,diadema,SP,Southeast,-46.61668249999997,-23.68900946168367,271,8.577451610974443
diamante d'oeste|PR,diamante d'oeste,PR,South,-54.103262509488516,-24.943217074143675,1,17.72923611111111
diamante do norte|PR,diamante do norte,PR,South,-52.86364874079564,-22.660167829234695,4,11.6521875
diamantina|MG,diamantina,MG,Southeast,-43.60096234439895,-18.242848217968003,27,10.998749142661179
diamantino|MT,diamantino,MT,Central-West,-56.43684718985567,-14.398255299392998,7,13.397597552910053
dianopolis|TO,dianopolis,TO,North,-46.82146777001999,-11.62531419576341,7,19.727301587301586
dias d avila|BA,dias d avila,BA,Northeast,-38.30149629456411,-12.612797045607262,1,18.024953703703705
dias d'avila|BA,dias d'avila,BA,Northeast,-38.30149629456411,-12.612797045607262,23,14.094019223027376
diogo de vasconcelos|MG,diogo de vasconcelos,MG,Southeast,-43.19884980852501,-20.486314752716883,2,23.52640046296296
dionisio cerqueira|SC,dionisio cerqueira,SC,South,-53.63756734872961,-26.25768140829342,3,18.977793209876545
dionisio|MG,dionisio,MG,Southeast,-42.77449669929335,-19.840286667435215,2,7.807760416666667
diorama|GO,diorama,GO,Central-West,-51.25840749629374,-16.231311082953283,2,14.575688657407408
divinesia|MG,divinesia,MG,Southeast,-43.00641989551465,-20.990145629152284,1,8.88724537037037
divino das laranjeiras|MG,divino das laranjeiras,MG,Southeast,-41.48220611154993,-18.771864463189324,1,4.026319444444445
divino de sao lourenco|ES,divino de sao lourenco,ES,Southeast,-41.68591567534837,-20.61969130325141,1,16.474525462962962
divinolandia de minas|MG,divinolandia de minas,MG,Southeast,-42.61158129884565,-18.80089700568756,5,9.626041666666666
divinolandia|SP,divinolandia,SP,Southeast,-46.736561521621866,-21.661228531499432,7,12.079965277777777
divinopolis de goias|GO,divinopolis de goias,GO,Central-West,-46.39936882065889,-13.289242810041106,1,15.159918981481482
divinopolis do tocantins|TO,divinopolis do tocantins,TO,North,-49.21466050102459,-9.800592565643312,1,15.949131944444444
divinopolis|MG,divinopolis,MG,Southeast,-44.88753081910666,-20.14068469699654,132,11.17662308852413
divino|MG,divino,MG,Southeast,-42.145070234264026,-20.611956803797703,13,11.534000178062678
divisa alegre|MG,divisa alegre,MG,Southeast,-41.34141785354673,-15.72237159760229,2,12.69
divisa nova|MG,divisa nova,MG,Southeast,-46.19653438600763,-21.510166476196048,1,20.000451388888887
dobrada|SP,dobrada,SP,Southeast,-48.39204722882016,-21.516181663814145,2,7.4565219907407405
dois corregos|SP,dois corregos,SP,Southeast,-48.3850446236578,-22.368782136966257,11,8.474560185185185
dois irmaos do buriti|MS,dois irmaos do buriti,MS,Central-West,-55.27819987240339,-20.68959370285506,3,10.920007716049383
dois irmaos|RS,dois irmaos,RS,South,-51.08815065070117,-29.58697668096932,17,12.571100217864924
dois riachos|AL,dois riachos,AL,Northeast,-37.088874032796866,-9.386144912398088,1,33.2950462962963
dois vizinhos|PR,dois vizinhos,PR,South,-53.059039416839255,-25.74807404391674,26,14.865521278490029
dom aquino|MT,dom aquino,MT,Central-West,-54.922725734434536,-15.808832443050862,3,15.624668209876544
dom basilio|BA,dom basilio,BA,Northeast,-41.76946239421303,-13.761234,3,16.463117283950616
dom cavati|MG,dom cavati,MG,Southeast,-42.108312615728664,-19.376549344163557,1,9.776875
dom eliseu|PA,dom eliseu,PA,North,-47.554234751573055,-4.293983473382651,5,17.774625
dom feliciano|RS,dom feliciano,RS,South,-52.1083925059776,-30.70473519273825,5,13.1519375
dom joaquim|MG,dom joaquim,MG,Southeast,-43.25441175826479,-18.96709587433187,1,10.263854166666667
dom macedo costa|BA,dom macedo costa,BA,Northeast,-39.193169231084745,-12.905765046338937,1,35.21390046296296
dom pedrito|RS,dom pedrito,RS,South,-54.67333695570531,-30.98060848308203,10,15.51474537037037
dom pedro|MA,dom pedro,MA,Northeast,-44.43847709565601,-5.038484783389054,3,19.713695987654322
dom silverio|MG,dom silverio,MG,Southeast,-42.969384126429276,-20.162898726313177,4,14.671359953703703
dom vicoso|MG,dom vicoso,MG,Southeast,-45.161279835135396,-22.254185599580374,2,8.556383101851853
domingos martins|ES,domingos martins,ES,Southeast,-40.66026223472393,-20.362500739042815,9,16.251940586419753
dona emma|SC,dona emma,SC,South,-49.724061088850576,-26.98619103733946,1,26.79228009259259
dona euzebia|MG,dona euzebia,MG,Southeast,-42.81201236571218,-21.316569522411164,2,9.8572395833333335
dona francisca|RS,dona francisca,RS,South,-53.35464770459405,-29.62391068294271,2,14.259010416666666
dores de campos|MG,dores de campos,MG,Southeast,-44.022847207524414,-21.11027567776549,8,13.27544994212963
dores do indaia|MG,dores do indaia,MG,Southeast,-45.60104977049797,-19.46633403079394,5,14.204891203703705
dores do rio preto|ES,dores do rio preto,ES,Southeast,-41.84737712941099,-20.690347451229584,3,21.48493827160494
dormentes|PE,dormentes,PE,Northeast,-40.768014067871995,-8.44588353617762,2,15.941799768518518
douradina|PR,douradina,PR,South,-53.29177228256199,-23.383341418442907,1,6.214525462962963
dourados|MS,dourados,MS,Central-West,-54.81033432544396,-22.22157322297114,63,15.975369451793062
dourado|SP,dourado,SP,Southeast,-48.31406113781246,-22.111171601771943,7,10.595901124338624
doutor camargo|PR,doutor camargo,PR,South,-52.217813589950396,-23.5546886791205,1,10.237094907407407
doutor ulysses|PR,doutor ulysses,PR,South,-49.41996147522892,-24.566119727992263,1,7.149467592592592
doverlandia|GO,doverlandia,GO,Central-West,-52.3152097824971,-16.721489790529922,2,14.270896990740741
dracena|SP,dracena,SP,Southeast,-51.53351950792363,-21.486471927360128,27,11.104694787379973
duartina|SP,duartina,SP,Southeast,-49.40452347554712,-22.41410776822521,10,7.345255787037037
duas barras|RJ,duas barras,RJ,Southeast,-42.520651513490165,-22.05233497103731,1,47.88961805555556
duere|TO,duere,TO,North,-49.269924463924,-11.342061430005698,1,14.167789351851852
dumont|SP,dumont,SP,Southeast,-47.97702528147031,-21.2389749988545,3,8.026273148148148
duque de caxias|RJ,duque de caxias,RJ,Southeast,-43.29837818224493,-22.722771491140016,242,15.63327962389042
durande|MG,durande,MG,Southeast,-41.79730876842991,-20.203495008266017,2,7.743819444444444
echapora|SP,echapora,SP,Southeast,-50.205234449192936,-22.429715848337285,1,8.069293981481481
ecoporanga|ES,ecoporanga,ES,Southeast,-40.83173649905782,-18.371649251195823,8,12.092786458333332
edeia|GO,edeia,GO,Central-West,-49.9301831260193,-17.33854075449391,4,21.506385995370373
eldorado do sul|RS,eldorado do sul,RS,South,-51.31036817625689,-30.000788742708984,15,13.391663580246913
eldorado|MS,eldorado,MS,Central-West,-54.28573605328674,-23.783398313522106,1,10.0184375
eldorado|SP,eldorado,SP,Southeast,-48.10817950599734,-24.522633,4,17.616383101851852
elias fausto|SP,elias fausto,SP,Southeast,-47.37178514210533,-23.042604175531775,5,12.850659722222222
eliseu martins|PI,eliseu martins,PI,Northeast,-43.65970737616235,-8.0993585255158,3,10.995246913580248
elisiario|SP,elisiario,SP,Southeast,-49.11107902050273,-21.16918303862985,1,8.865162037037036
elisio medrado|BA,elisio medrado,BA,Northeast,-39.52130163012606,-12.945629120575925,2,8.386087962962964
eloi mendes|MG,eloi mendes,MG,Southeast,-45.56709807319205,-21.60886113262826,10,12.087663194444444
embauba|SP,embauba,SP,Southeast,-48.83627145201951,-20.982905999999996,1,4.7026967592592595
embu das artes|SP,embu das artes,SP,Southeast,-46.81434235048179,-23.653300317228396,157,8.721127698159943
embu-guacu|SP,embu-guacu,SP,Southeast,-46.81523885752993,-23.833943503508372,44,8.437221433080808
embu|SP,embu,SP,Southeast,-46.81434235048179,-23.659432129479463,11,11.183206018518518
emilianopolis|SP,emilianopolis,SP,Southeast,-51.48365250183307,-21.83041092752533,2,14.323067129629628
encantado|RS,encantado,RS,South,-51.87132385700613,-29.238071488558287,11,14.168408038720539
encruzilhada do sul|RS,encruzilhada do sul,RS,South,-52.52287980120154,-30.54381090294584,8,12.957306134259259
eneas marques|PR,eneas marques,PR,South,-53.160175396720575,-25.946690758470595,4,22.85449074074074
engenheiro balduino|SP,engenheiro balduino,SP,Southeast,-49.689645333578525,-20.682837463807047,1,9.070752314814815
engenheiro coelho|SP,engenheiro coelho,SP,Southeast,-47.208701577459955,-22.48942130244834,12,10.232538580246914
engenheiro navarro|MG,engenheiro navarro,MG,Southeast,-43.95014690553683,-17.285272543444197,1,10.699467592592592
engenheiro passos|RJ,engenheiro passos,RJ,Southeast,-44.667670499999986,-22.50126,2,7.137743055555555
engenheiro paulo de frontin|RJ,engenheiro paulo de frontin,RJ,Southeast,-43.677489967413756,-22.543936930131803,6,21.254494598765433
entre folhas|MG,entre folhas,MG,Southeast,-42.23061357458867,-19.626635594024965,1,10.923946759259259
entre rios de minas|MG,entre rios de minas,MG,Southeast,-44.06537302952331,-20.668991861026797,7,12.159429563492063
entre rios do oeste|PR,entre rios do oeste,PR,South,-54.24190260477751,-24.700820166030304,3,15.308383487654321
entre rios|BA,entre rios,BA,Northeast,-38.08409866259861,-11.943264817506815,6,12.887476851851853
entre-ijuis|RS,entre-ijuis,RS,South,-54.27198756701471,-28.363365,3,9.576689814814815
epitaciolandia|AC,epitaciolandia,AC,North,-68.74077242151827,-11.026907031303129,1,12.456828703703703
erebango|RS,erebango,RS,South,-52.30027091929299,-27.85498305448089,1,16.216608796296295
erechim|RS,erechim,RS,South,-52.27291009294059,-27.635960058702167,55,16.146515993265993
erere|CE,erere,CE,Northeast,-38.34871207775097,-6.031621115970989,1,7.700196759259259
erico cardoso|BA,erico cardoso,BA,Northeast,-42.13674017699282,-13.417825092984344,1,14.075717592592593
erval grande|RS,erval grande,RS,South,-52.56896952532338,-27.392838717991474,2,14.444803240740741
ervalia|MG,ervalia,MG,Southeast,-42.656542911506584,-20.84024122543664,7,11.099675925925926
escada|PE,escada,PE,Northeast,-35.23605130835254,-8.363022808645937,10,24.89398263888889
esmeraldas|MG,esmeraldas,MG,Southeast,-44.31002299999997,-19.7741917818515,13,9.131398682336183
esmeralda|RS,esmeralda,RS,South,-51.18957122062175,-28.056909535205943,1,14.008217592592592
espera feliz|MG,espera feliz,MG,Southeast,-41.90891446643319,-20.650456036647185,19,10.963971125730994
esperanca|PB,esperanca,PB,Northeast,-35.85913356061947,-7.019168679794973,6,20.53048804012346
esperantina|PI,esperantina,PI,Northeast,-42.234282877305084,-3.8958274287524137,4,15.67619212962963
esperantina|TO,esperantina,TO,North,-48.54152914585403,-5.367169299183942,1,23.811481481481483
esperantinopolis|MA,esperantinopolis,MA,Northeast,-44.88166010571315,-4.875864733200351,3,24.10998070987654
espigao alto do iguacu|PR,espigao alto do iguacu,PR,South,-52.83850508558672,-25.42644027027387,2,15.770451388888889
espigao do oeste|RO,espigao do oeste,RO,North,-61.01426578928362,-11.528564211052108,6,15.121894290123457
espigao|SP,espigao,SP,Southeast,-51.35699283048888,-22.195167709503107,2,8.29370949074074
espinosa|MG,espinosa,MG,Southeast,-42.81367737336781,-14.923926125911253,6,11.552490354938271
espirito santo do pinhal|SP,espirito santo do pinhal,SP,Southeast,-46.75089374999999,-22.19419359430747,18,9.438843878600823
espirito santo do turvo|SP,espirito santo do turvo,SP,Southeast,-49.43026673949088,-22.695893967179742,2,7.58855324074074
esplanada|BA,esplanada,BA,Northeast,-37.94626724702049,-11.795487138162498,5,12.057738425925926
espumoso|RS,espumoso,RS,South,-52.84568831609672,-28.727947278609115,7,20.577890211640213
estacao|RS,estacao,RS,South,-52.259071317312,-27.914634541149148,5,11.041277777777777
estancia velha|RS,estancia velha,RS,South,-51.171106090300064,-29.653639584221587,18,12.394665637860083
estancia|SE,estancia,SE,Northeast,-37.43614083092989,-11.262905795475767,9,20.438173868312756
esteio|RS,esteio,RS,South,-51.16881563541696,-29.8460978023585,37,17.940504879879878
estiva gerbi|SP,estiva gerbi,SP,Southeast,-46.953144068913716,-22.274873388510038,7,8.377771164021164
estiva|MG,estiva,MG,Southeast,-46.017239861304205,-22.463350803284023,1,10.060381944444444
estreito|MA,estreito,MA,Northeast,-47.446005085348375,-6.559897676061604,3,16.55940200617284
estrela d oeste|SP,estrela d oeste,SP,Southeast,-50.39880095240839,-20.285088083970646,1,15.00869212962963
estrela d'oeste|SP,estrela d'oeste,SP,Southeast,-50.39880095240839,-20.285088083970646,1,8.240370370370371
estrela do indaia|MG,estrela do indaia,MG,Southeast,-45.78960413735041,-19.523820932262165,2,9.969212962962963
estrela do norte|SP,estrela do norte,SP,Southeast,-51.66104330924961,-22.48828476393826,3,6.516273148148148
estrela do sul|MG,estrela do sul,MG,Southeast,-47.691665398682446,-18.74114167331485,1,14.580833333333333
estrela velha|RS,estrela velha,RS,South,-53.15913797993718,-29.17665707853243,1,18.35150462962963
estrela|RS,estrela,RS,South,-51.96084348925207,-29.496747137385285,15,10.066026234567902
euclides da cunha paulista|SP,euclides da cunha paulista,SP,Southeast,-52.59056237348701,-22.558256829291086,2,9.673217592592593
euclides da cunha|BA,euclides da cunha,BA,Northeast,-39.012760205704446,-10.506673402732694,5,21.777893518518518
eugenio de castro|RS,eugenio de castro,RS,South,-54.14538316292965,-28.526970557596936,1,14.299363425925925
eugenopolis|MG,eugenopolis,MG,Southeast,-42.18418049778559,-21.097640939958197,5,13.388921296296296
eunapolis|BA,eunapolis,BA,Northeast,-39.58761524556456,-16.375001735487714,35,15.97830291005291
eusebio|CE,eusebio,CE,Northeast,-38.46024015796462,-3.8784708002568,11,15.831122685185186
ewbank da camara|MG,ewbank da camara,MG,Southeast,-43.509735145873535,-21.550452918959216,1,15.400914351851851
extrema|MG,extrema,MG,Southeast,-46.31960849566988,-22.85584307035569,39,11.136402243589744
extrema|RO,extrema,RO,North,-63.792127595969184,-9.289788650493062,3,21.204371141975308
extremoz|RN,extremoz,RN,Northeast,-35.29062468180996,-5.7041042436863405,2,29.98120949074074
fagundes|PB,fagundes,PB,Northeast,-35.78659391846152,-7.358553898710046,1,13.474317129629629
farol|PR,farol,PR,South,-52.62357352180008,-24.09497335778452,1,12.131342592592592
farroupilha|RS,farroupilha,RS,South,-51.34710687017274,-29.228614993766147,27,11.871123971193416
fartura|SP,fartura,SP,Southeast,-49.510745022228086,-23.389296708442473,10,12.622606481481482
fatima do sul|MS,fatima do sul,MS,Central-West,-54.51288291730615,-22.379314512315165,4,13.621956018518517
fatima|BA,fatima,BA,Northeast,-38.21311793291116,-10.595368037993271,2,10.753859953703703
fatima|TO,fatima,TO,North,-48.901909499999995,-10.760855253083054,1,14.234131944444444
faxinal dos guedes|SC,faxinal dos guedes,SC,South,-52.26177443393789,-26.85224847973098,10,19.606172453703703
faxinalzinho|RS,faxinalzinho,RS,South,-52.674451544465185,-27.421906378784303,1,9.818761574074074
faxinal|PR,faxinal,PR,South,-51.32276511719421,-24.000678229080947,9,12.327484567901234
fazenda nova|GO,fazenda nova,GO,Central-West,-50.77988063357801,-16.18439685675215,4,13.176866319444445
fazenda rio grande|PR,fazenda rio grande,PR,South,-49.30192539068254,-25.644687039719955,29,12.364021392081737
fazenda vilanova|RS,fazenda vilanova,RS,South,-51.826673432386514,-29.588287624640017,2,9.099282407407408
feira de santana|BA,feira de santana,BA,Northeast,-38.959317924315826,-12.252169068623123,180,16.49446328446502
feira nova|PE,feira nova,PE,Northeast,-35.384399423856394,-7.949348978660713,5,22.857203703703703
felicio dos santos|MG,felicio dos santos,MG,Southeast,-43.246770287740915,-18.078369572286178,1,54.85684027777778
felipe guerra|RN,felipe guerra,RN,Northeast,-37.69698552598804,-5.597631599703352,1,15.137627314814814
felisburgo|MG,felisburgo,MG,Southeast,-40.75988870905361,-16.641058746168262,1,13.386504629629629
felixlandia|MG,felixlandia,MG,Southeast,-44.901447792623486,-18.75567273958115,1,10.094618055555555
feliz deserto|AL,feliz deserto,AL,Northeast,-36.3073057873191,-10.292176260076207,2,21.38797453703704
feliz natal|MT,feliz natal,MT,Central-West,-54.93813093976856,-12.383540469599035,1,12.942164351851853
feliz|RS,feliz,RS,South,-51.30360348768455,-29.452812837220797,14,15.73035300925926
fenix|PR,fenix,PR,South,-51.97846183461397,-23.915524982465993,1,12.078506944444445
fernando prestes|SP,fernando prestes,SP,Southeast,-48.687322931652744,-21.26666105408586,6,7.191751543209876
fernandopolis|SP,fernandopolis,SP,Southeast,-50.24895240386773,-20.283955823330007,52,9.67238782051282
fernao|SP,fernao,SP,Southeast,-49.52121135556797,-22.360549707243237,1,9.803101851851851
ferraz de vasconcelos|SP,ferraz de vasconcelos,SP,Southeast,-46.372942660698826,-23.542374064325795,109,8.456631625891948
ferreiros|PE,ferreiros,PE,Northeast,-35.242970354894716,-7.4482934197811215,1,9.291122685185185
ferros|MG,ferros,MG,Southeast,-43.01857708601999,-19.230408891169816,2,8.992112268518518
fervedouro|MG,fervedouro,MG,Southeast,-42.280216908647645,-20.72736899345714,8,12.04603587962963
figueira|PR,figueira,PR,South,-50.40266435286816,-23.849767841364006,4,16.67955439814815
figueiropolis d'oeste|MT,figueiropolis d'oeste,MT,Central-West,-58.73792592972583,-15.447283841262305,2,12.71310763888889
filadelfia|BA,filadelfia,BA,Northeast,-40.13294854510022,-10.742547436100445,1,15.963310185185184
firminopolis|GO,firminopolis,GO,Central-West,-50.30610758799373,-16.579559282405956,7,12.249900793650793
flor da serra do sul|PR,flor da serra do sul,PR,South,-53.307780493354706,-26.258273302930323,2,10.524739583333334
flora rica|SP,flora rica,SP,Southeast,-51.38153984302801,-21.676962204920127,1,9.893773148148147
florai|PR,florai,PR,South,-52.3009150171892,-23.3193187228337,2,14.645341435185184
florania|RN,florania,RN,Northeast,-36.81208635055635,-6.12452592931694,1,14.363599537037038
floreal|SP,floreal,SP,Southeast,-50.15082172262002,-20.676455341376418,2,12.692019675925927
flores da cunha|RS,flores da cunha,RS,South,-51.18237103755592,-29.03074383196863,12,9.837147955246914
flores de goias|GO,flores de goias,GO,Central-West,-47.03695305850954,-14.456224137838381,1,7.74818287037037
floresta do araguaia|PA,floresta do araguaia,PA,North,-49.70208169883211,-7.563987225410065,1,28.805810185185184
florestal|MG,florestal,MG,Southeast,-44.43158082244629,-19.889401897732522,3,7.911913580246914
floresta|PE,floresta,PE,Northeast,-38.57645984099435,-8.598494330847378,6,25.817735339506175
floresta|PR,floresta,PR,South,-52.08395551318225,-23.613825457306277,5,11.830368055555557
florestopolis|PR,florestopolis,PR,South,-51.39077784722064,-22.867243686271337,3,8.801523919753087
flores|CE,flores,CE,Northeast,-38.10098578814206,-5.146241088435032,1,14.322835648148148
flores|PE,flores,PE,Northeast,-37.974219935415945,-7.866359560632615,1,26.482175925925926
florianopolis|SC,florianopolis,SC,South,-48.52212360618027,-27.589984836805336,550,15.107010963804713
floriano|PI,floriano,PI,Northeast,-43.02024071608519,-6.770602267288731,18,21.449587191358024
florida paulista|SP,florida paulista,SP,Southeast,-51.17106680967376,-21.615542599203067,4,9.38074363425926
florida|PR,florida,PR,South,-51.95406951121911,-23.087547451731073,1,11.201481481481482
florinia|SP,florinia,SP,Southeast,-50.72797852770027,-22.90196649617964,1,10.15193287037037
fonseca|MG,fonseca,MG,Southeast,-43.300652944075374,-20.16159337477424,1,11.754282407407407
fontoura xavier|RS,fontoura xavier,RS,South,-52.34653148707805,-28.98289047382019,1,8.454375
formiga|MG,formiga,MG,Southeast,-45.4307357978066,-20.46232843504684,32,10.240256438078704
formigueiro|RS,formigueiro,RS,South,-53.50092863988856,-29.99977502936046,2,9.537853009259258
formosa da serra negra|MA,formosa da serra negra,MA,Northeast,-46.1879057134341,-6.438650205282462,1,42.492592592592594
formosa do oeste|PR,formosa do oeste,PR,South,-53.31302373025406,-24.29632802522082,1,14.124699074074075
formosa do rio preto|BA,formosa do rio preto,BA,Northeast,-45.191723435358156,-11.04186115496844,3,32.457827932098766
formosa|GO,formosa,GO,Central-West,-47.33653822258718,-15.541851497315726,32,12.824113859953703
formoso do araguaia|TO,formoso do araguaia,TO,North,-49.52402383124423,-11.80702701011278,4,21.56961226851852
formoso|GO,formoso,GO,Central-West,-48.87787701702322,-13.653959368438269,1,16.37758101851852
formoso|MG,formoso,MG,Southeast,-46.234376400742384,-14.950168292623449,2,9.27611111111111
forquilha|CE,forquilha,CE,Northeast,-40.262663416546445,-3.801191712546467,4,19.11800925925926
forquilhinha|SC,forquilhinha,SC,South,-49.47356288960601,-28.750357842942407,12,16.443244598765432
fortaleza dos valos|RS,fortaleza dos valos,RS,South,-53.22824455969078,-28.795670808747513,1,15.238668981481482
fortaleza|CE,fortaleza,CE,Northeast,-38.53510999956803,-3.7536783943966503,615,20.639540029358628
fortim|CE,fortim,CE,Northeast,-37.79910897807836,-4.452200050510706,1,30.10068287037037
fortuna|MA,fortuna,MA,Northeast,-44.1563052324624,-5.732984394009163,3,23.66551697530864
foz do iguacu|PR,foz do iguacu,PR,South,-54.56990134265213,-25.529174264237902,85,13.507725081699347
foz do jordao|PR,foz do jordao,PR,South,-52.11802714632357,-25.736297926300445,1,21.128483796296297
fragosos|SC,fragosos,SC,South,-49.38233120063682,-26.174139979809496,1,23.06222222222222
fraiburgo|SC,fraiburgo,SC,South,-50.92133780922423,-27.026425517338332,13,14.29479878917379
franca|SP,franca,SP,Southeast,-47.38827901323783,-20.537686764158725,149,10.52387801391996
francisco badaro|MG,francisco badaro,MG,Southeast,-42.34898855512589,-16.993444099876115,3,12.35082175925926
francisco beltrao|PR,francisco beltrao,PR,South,-53.052996266304255,-26.072931653269592,49,10.276076861300076
francisco dantas|RN,francisco dantas,RN,Northeast,-38.12377482460754,-6.088725000000003,1,15.560347222222223
francisco dumont|MG,francisco dumont,MG,Southeast,-44.232684500009604,-17.313962704779307,2,9.52734375
francisco morato|SP,francisco morato,SP,Southeast,-46.7406616865832,-23.28069898465243,93,8.840489222421345
francisco santos|PI,francisco santos,PI,Northeast,-41.134735010904166,-6.995232700321257,1,20.671099537037037
francisco sa|MG,francisco sa,MG,Southeast,-43.491913118787615,-16.478233227429342,3,15.661994598765432
franco da rocha|SP,franco da rocha,SP,Southeast,-46.724674097223584,-23.32179217727184,106,7.298105345911949
frecheirinha|CE,frecheirinha,CE,Northeast,-40.81646942366048,-3.760065898088552,2,24.676180555555554
frederico westphalen|RS,frederico westphalen,RS,South,-53.397375266644985,-27.357027151971764,14,16.983290343915343
frei gaspar|MG,frei gaspar,MG,Southeast,-41.49102789280846,-18.072755865865354,1,4.919155092592592
frei inocencio|MG,frei inocencio,MG,Southeast,-41.90654077206563,-18.56092669400808,5,9.326238425925926
frei lagonegro|MG,frei lagonegro,MG,Southeast,-42.76691340869475,-18.16781917905284,1,10.033796296296297
frei martinho|PB,frei martinho,PB,Northeast,-36.452185006620226,-6.40230466829914,2,20.835451388888888
frei rogerio|SC,frei rogerio,SC,South,-50.80620482468309,-27.17475931860278,1,11.027118055555556
fronteiras|PI,fronteiras,PI,Northeast,-40.616157747647904,-7.087399704345353,3,19.315856481481482
fronteira|MG,fronteira,MG,Southeast,-49.20331991007704,-20.27948860417464,6,12.025997299382716
fruta de leite|MG,fruta de leite,MG,Southeast,-42.52979418417862,-16.1153434893529,2,17.078524305555554
frutal|MG,frutal,MG,Southeast,-48.93246450185934,-20.027073228628055,23,9.067684178743962
frutuoso gomes|RN,frutuoso gomes,RN,Northeast,-37.84194218881673,-6.160539099842051,1,21.17278935185185
fundao|ES,fundao,ES,Southeast,-40.405765534571934,-19.934163865890653,4,9.216001157407408
gabriel monteiro|SP,gabriel monteiro,SP,Southeast,-50.55246497087643,-21.529884960354728,1,7.60875
galia|SP,galia,SP,Southeast,-49.55139130122395,-22.292003571268513,1,26.02721064814815
galinhos|RN,galinhos,RN,Northeast,-36.24190335057292,-5.097817732907535,1,41.68615740740741
galvao|SC,galvao,SC,South,-52.68701026474975,-26.45582841374338,1,13.449502314814815
gameleiras|MG,gameleiras,MG,Southeast,-43.119371680774776,-15.082864530208546,3,9.154116512345679
gameleira|PE,gameleira,PE,Northeast,-35.38519088705134,-8.582644450953058,4,30.800338541666665
gandu|BA,gandu,BA,Northeast,-39.48727706222378,-13.744813855891184,4,18.778995949074073
garanhuns|PE,garanhuns,PE,Northeast,-36.486684,-8.886919923682791,30,17.859304012345678
garca|SP,garca,SP,Southeast,-49.6557903984333,-22.211035197694002,26,9.930390847578348
garibaldi|RS,garibaldi,RS,South,-51.52913726983239,-29.256268186730658,9,10.624702932098765
garopaba|SC,garopaba,SC,South,-48.62452477827803,-28.030909682841575,21,13.345408950617283
garrafao do norte|PA,garrafao do norte,PA,North,-47.051499589437746,-1.9320974389393328,3,31.232719907407407
garruchos|RS,garruchos,RS,South,-55.63986294958386,-28.185559646953863,1,15.751967592592592
garuva|SC,garuva,SC,South,-48.85257420912001,-26.032982260167476,5,11.031622685185186
gaspar|SC,gaspar,SC,South,-48.9602841812377,-26.927977982529217,29,13.16414990421456
gastao vidigal|SP,gastao vidigal,SP,Southeast,-50.19182318801398,-20.797495058914507,3,7.533078703703704
gaucha do norte|MT,gaucha do norte,MT,Central-West,-53.25563551573141,-13.182357521105676,2,15.005758101851853
gaurama|RS,gaurama,RS,South,-52.092674109787296,-27.58707710897916,2,10.971273148148148
gaviao peixoto|SP,gaviao peixoto,SP,Southeast,-48.49308292499799,-21.83718530519053,2,13.335515046296296
general camara|RS,general camara,RS,South,-51.76452366127448,-29.90869185807562,1,22.967395833333335
general carneiro|PR,general carneiro,PR,South,-51.31485688076489,-26.422674164604746,5,20.25752314814815
general maynard|SE,general maynard,SE,Northeast,-36.98595499961593,-10.685271419019744,1,13.31556712962963
general salgado|SP,general salgado,SP,Southeast,-50.362001345622154,-20.6464540645097,6,10.739832175925926
gentio do ouro|BA,gentio do ouro,BA,Northeast,-42.50579957941182,-11.430435845112113,1,24.42240740740741
getulina|SP,getulina,SP,Southeast,-49.930990371945335,-21.798812555996555,2,14.057505787037037
getulio vargas|RS,getulio vargas,RS,South,-52.22766456816202,-27.885785098916294,8,16.392214988425927
gilbues|PI,gilbues,PI,Northeast,-45.34010854370314,-9.82975440479549,1,38.39974537037037
girau do ponciano|AL,girau do ponciano,AL,Northeast,-36.82361899612163,-9.883948064916789,1,14.491458333333334
girua|RS,girua,RS,South,-54.35087038660696,-28.02917732203228,10,18.466131944444445
glicerio|RJ,glicerio,RJ,Southeast,-42.05348348678783,-22.23505725912044,2,26.190185185185186
glicerio|SP,glicerio,SP,Southeast,-50.209158431585706,-21.383906266057547,2,16.448298611111113
gloria de dourados|MS,gloria de dourados,MS,Central-West,-54.2318204882266,-22.417271242792935,1,20.927002314814814
gloria do goita|PE,gloria do goita,PE,Northeast,-35.29561529803509,-8.000232434889702,2,12.291197916666667
glorinha|RS,glorinha,RS,South,-50.78131661888588,-29.880203746410874,2,6.6421122685185185
godoy moreira|PR,godoy moreira,PR,South,-51.9246951844474,-24.194917551895795,1,12.883923611111111
goiabeira|MG,goiabeira,MG,Southeast,-41.225141549063245,-18.98283076196541,2,16.192581018518517
goianapolis|GO,goianapolis,GO,Central-West,-49.01987623256302,-16.506116999999996,4,12.697175925925926
goiana|MG,goiana,MG,Southeast,-43.1991251711225,-21.5364201110161,3,6.576886574074074
goiana|PE,goiana,PE,Northeast,-35.000769729769424,-7.56241849624909,9,19.140073302469137
goiandira|GO,goiandira,GO,Central-West,-48.08710438875084,-18.135162332682548,1,7.0528356481481485
goianesia do para|PA,goianesia do para,PA,North,-49.098951510103014,-3.847362716061927,3,15.452484567901235
goianesia|GO,goianesia,GO,Central-West,-49.11843957704211,-15.3164616853853,17,14.985582107843138
goiania|GO,goiania,GO,Central-West,-49.267386089090174,-16.693079650996353,651,15.614182827700972
goianinha|RN,goianinha,RN,Northeast,-35.20886031557196,-6.268004657260526,3,13.62619598765432
goianira|GO,goianira,GO,Central-West,-49.42309350171501,-16.49976822233174,8,20.216659432870372
goianorte|TO,goianorte,TO,North,-48.93520450581853,-8.774210204018221,2,16.23925925925926
goias|GO,goias,GO,Central-West,-50.14285866371175,-15.939435832571364,8,14.516468460648149
goiatuba|GO,goiatuba,GO,Central-West,-49.365864121818106,-18.012522221113066,10,17.625395833333332
goioere|PR,goioere,PR,South,-53.02536807864609,-24.186104373118862,11,11.146805555555556
goitacazes|RJ,goitacazes,RJ,Southeast,-41.27395739070479,-21.831104755460984,11,14.387083333333333
goncalves dias|MA,goncalves dias,MA,Northeast,-44.300438414723146,-5.156979203282784,1,48.298969907407404
goncalves|MG,goncalves,MG,Southeast,-45.855910762319894,-22.65917693976674,3,14.290536265432099
gongogi|BA,gongogi,BA,Northeast,-39.466129968207504,-14.324249312165335,1,13.89318287037037
gouveia|MG,gouveia,MG,Southeast,-43.74161446454674,-18.456850472970757,4,23.41922164351852
governador celso ramos|SC,governador celso ramos,SC,South,-48.55099274999999,-27.3357739710509,3,28.767534722222223
governador dix-sept rosado|RN,governador dix-sept rosado,RN,Northeast,-37.51861865126062,-5.456150082476605,1,21.879224537037036
governador eugenio barros|MA,governador eugenio barros,MA,Northeast,-44.243011591276854,-5.321473981142073,1,19.838946759259258
governador lindenberg|ES,governador lindenberg,ES,Southeast,-40.46162396144192,-19.251606586850947,2,10.531770833333333
governador mangabeira|BA,governador mangabeira,BA,Northeast,-39.042338304447114,-12.601556826079443,1,20.217777777777776
governador portela|RJ,governador portela,RJ,Southeast,-43.500169675827166,-22.480313365613505,4,9.430486111111112
governador valadares|MG,governador valadares,MG,Southeast,-41.95010247230675,-18.856557551723448,133,11.573019615009747
graccho cardoso|SE,graccho cardoso,SE,Northeast,-37.19691670316733,-10.22917261887537,1,21.442546296296296
grajau|MA,grajau,MA,Northeast,-46.142981171223774,-5.816916718324891,5,18.36557638888889
gramado dos loureiros|RS,gramado dos loureiros,RS,South,-52.91782514619106,-27.444439809533257,1,11.261111111111111
gramado xavier|RS,gramado xavier,RS,South,-52.578317570734434,-29.26974106322729,1,8.757916666666667
gramado|RS,gramado,RS,South,-50.874708555254045,-29.378080970566504,28,13.608595403439153
grandes rios|PR,grandes rios,PR,South,-51.504798735957785,-24.147699444251387,2,15.486984953703704
granja|CE,granja,CE,Northeast,-40.830390299058074,-3.1212630171787907,5,29.378622685185185
grao mogol|MG,grao mogol,MG,Southeast,-42.89328084555167,-16.563088666484443,3,18.044459876543208
grao para|SC,grao para,SC,South,-49.213681588670426,-28.186647986900375,3,15.624151234567902
gravatai|RS,gravatai,RS,South,-51.01659754939699,-29.935614219777,110,14.307767992424242
gravatal|SC,gravatal,SC,South,-49.05724554734975,-28.32819800695047,6,8.225499614197531
gravata|PE,gravata,PE,Northeast,-35.567257804189055,-8.205386296829058,10,20.369476851851854
groairas|CE,groairas,CE,Northeast,-40.38542542244555,-3.9168339353193513,1,17.221238425925925
grupiara|MG,grupiara,MG,Southeast,-47.72317360025173,-18.49811866095442,1,21.61253472222222
guabiju|RS,guabiju,RS,South,-51.69132065743016,-28.54229970175204,1,18.606944444444444
guabiruba|SC,guabiruba,SC,South,-48.97356104972768,-27.08572048213511,5,18.987252314814818
guacui|ES,guacui,ES,Southeast,-41.67491020458371,-20.772871566216622,16,16.938413628472222
guadalupe|PI,guadalupe,PI,Northeast,-43.57175421777694,-6.7867996362287,4,12.978657407407407
guaiba|RS,guaiba,RS,South,-51.32783537391998,-30.11816673735381,30,14.081302469135803
guaicara|SP,guaicara,SP,Southeast,-49.79801297833681,-21.623831094866652,8,9.582327835648147
guairaca|PR,guairaca,PR,South,-52.6870109806184,-22.939864818454254,1,8.931006944444444
guaira|PR,guaira,PR,South,-54.251010580047556,-24.08528341897731,7,11.07672123015873
guaira|SP,guaira,SP,Southeast,-48.31679585862699,-20.32255173056015,36,10.247822145061729
guaiuba|CE,guaiuba,CE,Northeast,-38.63628810947682,-4.041626306431128,2,18.96001736111111
guajara-mirim|RO,guajara-mirim,RO,North,-65.32923213534946,-10.78071026459307,3,14.013341049382715
guamare|RN,guamare,RN,Northeast,-36.3201227212726,-5.108233599643429,2,17.163408564814816
guamiranga|PR,guamiranga,PR,South,-50.80967298041947,-25.191441,1,8.519849537037038
guanambi|BA,guanambi,BA,Northeast,-42.78006679256768,-14.221024617359033,36,20.550396733539095
guanhaes|MG,guanhaes,MG,Southeast,-42.93346666970913,-18.775054711119513,18,12.099456661522634
guape|MG,guape,MG,Southeast,-45.91810892156437,-20.76281935082109,1,19.131284722222222
guapiacu|SP,guapiacu,SP,Southeast,-49.22433099009323,-20.79424813645893,6,10.470904706790122
guapiara|SP,guapiara,SP,Southeast,-48.53125610123623,-24.187925770620534,3,5.640752314814815
guapimirim|RJ,guapimirim,RJ,Southeast,-42.977909681547956,-22.526252776321712,21,12.26483630952381
guapirama|PR,guapirama,PR,South,-50.043192358549696,-23.516889286809292,1,9.789363425925925
guapore|RS,guapore,RS,South,-51.891284428635885,-28.848044934370005,17,15.79894267429194
guapo|GO,guapo,GO,Central-West,-49.535842831978655,-16.83673139135151,6,13.174103009259259
guarabira|PB,guarabira,PB,Northeast,-35.491003882896216,-6.85162488281507,10,24.69128125
guaracai|SP,guaracai,SP,Southeast,-51.20701073393697,-21.033299784359407,5,11.76504861111111
guaraciaba do norte|CE,guaraciaba do norte,CE,Northeast,-40.75247586732776,-4.163400228312654,4,16.834207175925926
guaraciaba|MG,guaraciaba,MG,Southeast,-43.00953013506273,-20.571633186749647,2,8.327361111111111
guaraciaba|SC,guaraciaba,SC,South,-53.520724085938994,-26.598582682603386,1,5.730173611111111
guaraci|PR,guaraci,PR,South,-51.647906851111486,-22.969338655687597,2,12.973906249999999
guaraci|SP,guaraci,SP,Southeast,-48.946308423313646,-20.498765423305066,2,8.029380787037036
guarai|TO,guarai,TO,North,-48.51068724413237,-8.841148348706644,4,15.164950810185186
guaramirim|SC,guaramirim,SC,South,-48.9895094759831,-26.4735426301037,13,12.27687232905983
guaranesia|MG,guaranesia,MG,Southeast,-46.794430011512056,-21.303128498214033,9,14.317193930041153
guarani das missoes|RS,guarani das missoes,RS,South,-54.55892255955281,-28.144104374976074,2,9.162853009259258
guaraniacu|PR,guaraniacu,PR,South,-52.86887888222241,-25.099141513894626,5,12.001907407407407
guarani|MG,guarani,MG,Southeast,-43.04815597908357,-21.35696150772846,7,16.57981316137566
guaranta do norte|MT,guaranta do norte,MT,Central-West,-54.90768634838035,-9.951985929106954,5,14.316062500000001
guaranta|SP,guaranta,SP,Southeast,-49.5889855232339,-21.894667487797513,5,13.02512037037037
guarapari|ES,guarapari,ES,Southeast,-40.499741981036316,-20.66115628432712,66,14.990619388327723
guarapuava|PR,guarapuava,PR,South,-51.469163019302805,-25.39236938522139,62,12.707641689068101
guarapua|SP,guarapua,SP,Southeast,-48.38464116202757,-22.250351684575868,1,5.866087962962963
guaraquecaba|PR,guaraquecaba,PR,South,-48.32417556727958,-25.29817427620847,1,9.322037037037036
guararapes|SP,guararapes,SP,Southeast,-50.64596986759825,-21.25013905331707,18,11.70191808127572
guarara|MG,guarara,MG,Southeast,-43.03924123306507,-21.72931613013353,2,11.20847800925926
guararema|SP,guararema,SP,Southeast,-46.03530944116793,-23.413674398073603,11,9.352341119528619
guaratinga|BA,guaratinga,BA,Northeast,-39.78204263354724,-16.584435,2,15.807476851851852
guaratingueta|SP,guaratingueta,SP,Southeast,-45.19282695136803,-22.80377603751749,95,11.989586013645225
guaratuba|PR,guaratuba,PR,South,-48.58034898402275,-25.88144273711154,9,10.33764017489712
guara|DF,guara,DF,Central-West,-47.97575217531508,-15.8425529545935,2,12.402164351851852
guara|SP,guara,SP,Southeast,-47.825746426070545,-20.43034840679484,7,9.094887566137567
guarda-mor|MG,guarda-mor,MG,Southeast,-47.097468461154044,-17.76969867646233,2,8.078645833333333
guarei|SP,guarei,SP,Southeast,-48.182512845987915,-23.37230589431445,5,9.025115740740741
guariba|SP,guariba,SP,Southeast,-48.228831091799364,-21.364019805249217,14,12.772950562169312
guariroba|SP,guariroba,SP,Southeast,-48.57495884443414,-21.44830590538028,2,8.305983796296296
guaruja do sul|SC,guaruja do sul,SC,South,-53.52624520862069,-26.38638088443971,4,18.103075810185185
guaruja|SP,guaruja,SP,Southeast,-46.27151082894726,-23.98451511073924,212,8.607613829926624
guarulhos|SP,guarulhos,SP,Southeast,-46.51553610303015,-23.447220663887148,1128,8.023453127052141
guassusse|CE,guassusse,CE,Northeast,-38.91514533294594,-6.245078288454222,1,11.27275462962963
guatapara|SP,guatapara,SP,Southeast,-48.03637663701319,-21.495791317712413,1,9.372731481481482
guaxupe|MG,guaxupe,MG,Southeast,-46.71333059214322,-21.30522569193254,36,12.94862204218107
guia lopes da laguna|MS,guia lopes da laguna,MS,Central-West,-56.107863803649664,-21.459758144464693,1,11.82
guidoval|MG,guidoval,MG,Southeast,-42.79783237852995,-21.152573362377055,2,19.036765046296296
guimaraes|MA,guimaraes,MA,Northeast,-44.604330879869124,-2.1330812140678623,1,17.604305555555555
guimarania|MG,guimarania,MG,Southeast,-46.79550752892863,-18.845590536903252,4,10.887045717592592
guiricema|MG,guiricema,MG,Southeast,-42.71880215875891,-21.00577382628474,1,11.17943287037037
gurupi|TO,gurupi,TO,North,-49.06688766470846,-11.729676624135095,22,14.650868055555556
guzolandia|SP,guzolandia,SP,Southeast,-50.660291885261714,-20.650094241732006,1,10.007164351851852
heliopolis|BA,heliopolis,BA,Northeast,-38.28180445585659,-10.678572543381023,1,17.703217592592594
herculandia|SP,herculandia,SP,Southeast,-50.38809619569336,-22.003707935636236,3,9.094830246913581
herval d'oeste|SC,herval d'oeste,SC,South,-51.493313122876835,-27.17419722811506,9,13.220667438271605
herval|RS,herval,RS,South,-53.39299636323678,-32.0257526818885,1,6.9216898148148145
herveiras|RS,herveiras,RS,South,-52.64930024342031,-29.45393522666306,1,8.222118055555555
hidreletrica tucurui|PA,hidreletrica tucurui,PA,North,-49.673347945937415,-3.7553418784801464,2,16.97619212962963
hidrolandia|CE,hidrolandia,CE,Northeast,-40.404314020153706,-4.40931225651895,7,16.112030423280423
hidrolandia|GO,hidrolandia,GO,Central-West,-49.22824307867434,-16.965715137143903,1,11.281273148148149
hidrolina|GO,hidrolina,GO,Central-West,-49.46867447830396,-14.722475403666715,2,26.97318865740741
holambra ii|SP,holambra ii,SP,Southeast,-47.05726302438613,-22.6409185817509,5,16.982388888888888
holambra|SP,holambra,SP,Southeast,-47.051582146618344,-22.633463550008123,21,8.205849316578483
horizonte|CE,horizonte,CE,Northeast,-38.494390883051814,-4.09794350655281,5,27.85764351851852
horizontina|RS,horizontina,RS,South,-54.31040490614334,-27.62805000864166,6,15.292804783950617
hortolandia|SP,hortolandia,SP,Southeast,-47.21420001345367,-22.887223759266337,140,12.160635912698412
hulha negra|RS,hulha negra,RS,South,-53.87080557640093,-31.405243546114804,1,29.382881944444446
humaita|AM,humaita,AM,North,-63.02912856503356,-7.512400983285715,4,18.243151041666668
humberto de campos|MA,humberto de campos,MA,Northeast,-43.46340661457607,-2.605468147137394,1,19.682094907407407
iacanga|SP,iacanga,SP,Southeast,-49.02214949376338,-21.891155716184027,6,10.486915509259259
iaciara|GO,iaciara,GO,Central-West,-46.63334469685045,-14.099739634369516,3,11.037295524691359
iacri|SP,iacri,SP,Southeast,-50.68777755143762,-21.857601016392028,2,13.959722222222222
iacu|BA,iacu,BA,Northeast,-40.21112871183327,-12.76801490953513,4,24.4359837962963
iapu|MG,iapu,MG,Southeast,-42.21351905092624,-19.436961488630075,4,22.097884837962962
iaras|SP,iaras,SP,Southeast,-49.15928456269308,-22.87442253084249,1,7.9989236111111115
iati|PE,iati,PE,Northeast,-36.84655011114879,-9.044775479271012,3,20.862318672839507
ibaiti|PR,ibaiti,PR,South,-50.190322920354674,-23.8467197767325,11,11.103162878787879
ibarama|RS,ibarama,RS,South,-53.130540372456714,-29.422035584091873,1,14.809328703703704
ibateguara|AL,ibateguara,AL,Northeast,-35.9247517487263,-8.968542996188686,2,15.823020833333334
ibate|SP,ibate,SP,Southeast,-48.00318898286364,-21.95333984351455,12,10.116488233024691
ibatiba|ES,ibatiba,ES,Southeast,-41.50853245323119,-20.23394900351567,9,17.376881430041152
ibema|PR,ibema,PR,South,-53.01613840200264,-25.117550855555848,1,11.048680555555556
ibertioga|MG,ibertioga,MG,Southeast,-43.964198040140715,-21.433288205594952,1,17.131851851851852
ibiaca|RS,ibiaca,RS,South,-51.856063836477034,-28.057520399305776,2,14.06662037037037
ibiai|MG,ibiai,MG,Southeast,-44.908518027193,-16.857927561183935,3,9.433973765432098
ibiajara|BA,ibiajara,BA,Northeast,-23.583939075194323,13.001420173555276,1,27.709131944444444
ibiam|SC,ibiam,SC,South,-51.238494535530236,-27.181012887997156,4,16.11048611111111
ibiapina|CE,ibiapina,CE,Northeast,-40.889024616078174,-3.9225509298895314,3,18.974702932098765
ibiara|PB,ibiara,PB,Northeast,-38.40808639841724,-7.504601158150347,1,16.995208333333334
ibiassuce|BA,ibiassuce,BA,Northeast,-42.25778112373452,-14.271882465855317,2,16.188096064814815
ibia|MG,ibia,MG,Southeast,-46.547513224428,-19.487972011292747,7,16.339603174603177
ibicarai|BA,ibicarai,BA,Northeast,-39.58978320113749,-14.865282854737872,5,18.59974537037037
ibicare|SC,ibicare,SC,South,-51.3676508689043,-27.089981091148097,2,15.312586805555556
ibicoara|BA,ibicoara,BA,Northeast,-41.28437091630435,-13.411194948089578,3,16.957827932098766
ibicuitinga|CE,ibicuitinga,CE,Northeast,-38.637331463179954,-4.97483326429813,1,22.417743055555555
ibimirim|PE,ibimirim,PE,Northeast,-37.69673301137336,-8.539760909909068,3,23.70687885802469
ibipeba|BA,ibipeba,BA,Northeast,-42.011280928639835,-11.640158951430177,1,14.830636574074074
ibipitanga|BA,ibipitanga,BA,Northeast,-42.487913746732566,-12.88134858469802,2,13.278292824074073
ibipora|PR,ibipora,PR,South,-51.05198746232615,-23.26922588754478,11,10.815206228956228
ibiracatu|MG,ibiracatu,MG,Southeast,-44.16584679130705,-15.66712469877085,1,11.955231481481482
ibiraci|MG,ibiraci,MG,Southeast,-47.12678668945126,-20.463374748684004,3,10.199903549382716
ibiracu|ES,ibiracu,ES,Southeast,-40.36770539258077,-19.832402950484052,1,18.23116898148148
ibiraiaras|RS,ibiraiaras,RS,South,-51.6369456507233,-28.37139521612476,2,9.666163194444444
ibiraja|BA,ibiraja,BA,Northeast,-40.218993637182564,-17.199267612467956,2,36.582615740740735
ibirama|SC,ibirama,SC,South,-49.5221629352333,-27.057758960699346,13,13.753998397435897
ibirapua|BA,ibirapua,BA,Northeast,-40.10814054197799,-17.68646037652558,1,13.310960648148148
ibirarema|SP,ibirarema,SP,Southeast,-50.07314761943603,-22.813926324740383,5,8.766016203703703
ibirataia|BA,ibirataia,BA,Northeast,-39.64030458723086,-14.068171721836572,2,11.253784722222223
ibira|SP,ibira,SP,Southeast,-49.239539621648696,-21.08297015984822,6,7.218339120370371
ibirite|MG,ibirite,MG,Southeast,-44.06275949566534,-20.018415861881373,47,10.57059175531915
ibiruba|RS,ibiruba,RS,South,-53.09511159180065,-28.63083023402565,19,13.138227339181286
ibitiara|BA,ibitiara,BA,Northeast,-42.22174630852492,-12.64907962385969,1,12.101574074074074
ibitinga|SP,ibitinga,SP,Southeast,-48.82976816265947,-21.757690120914923,22,9.736975484006734
ibitira|BA,ibitira,BA,Northeast,-42.11626073203683,-14.205943535785892,1,22.764594907407407
ibitita|BA,ibitita,BA,Northeast,-41.97792097508051,-11.547525238540414,1,16.77912037037037
ibitiuva|SP,ibitiuva,SP,Southeast,-48.32576321149923,-21.000315120607215,1,6.744988425925926
ibiuna|SP,ibiuna,SP,Southeast,-47.218740503551544,-23.656709846317163,31,10.498883288530466
ibotirama|BA,ibotirama,BA,Northeast,-43.21593491552102,-12.182476084478994,7,11.972271825396826
icapui|CE,icapui,CE,Northeast,-37.357864021593656,-4.711986359756978,5,22.398224537037038
icarai de minas|MG,icarai de minas,MG,Southeast,-44.90448089832967,-16.219415182842198,2,10.699947916666666
icaraima|PR,icaraima,PR,South,-53.62067103541949,-23.39416256194423,1,10.979768518518519
icara|SC,icara,SC,South,-49.30006950142965,-28.71452758648514,21,13.7783487654321
icatu|MA,icatu,MA,Northeast,-44.059065032782804,-2.7744081785946397,1,16.46346064814815
icem|SP,icem,SP,Southeast,-49.19756749398083,-20.340381021235174,9,7.238207304526749
ichu|BA,ichu,BA,Northeast,-39.190299479506066,-11.747391379668082,2,20.486851851851853
iconha|ES,iconha,ES,Southeast,-40.810693136752334,-20.7940083415249,5,15.123564814814815
ico|CE,ico,CE,Northeast,-38.85755749968649,-6.399875678342177,8,26.687200520833333
ielmo marinho|RN,ielmo marinho,RN,Northeast,-35.552830968995934,-5.823806150301517,2,26.953287037037036
iepe|SP,iepe,SP,Southeast,-51.07538304234637,-22.660784564233175,5,11.541708333333334
igaci|AL,igaci,AL,Northeast,-36.63070656476612,-9.538312027006995,2,38.61480902777778
igapora|BA,igapora,BA,Northeast,-42.71604128163999,-13.771766728317564,1,35.906875
igaracu do tiete|SP,igaracu do tiete,SP,Southeast,-48.56325343829344,-22.515499488770807,4,6.2582783564814815
igarapava|SP,igarapava,SP,Southeast,-47.74970675953888,-20.04172328143195,7,13.866294642857143
igarape-acu|PA,igarape-acu,PA,North,-47.62124810775538,-1.1294227759055562,1,17.393425925925925
igarape-miri|PA,igarape-miri,PA,North,-48.95953585032788,-1.9813438175316973,1,29.157962962962962
igarape|MG,igarape,MG,Southeast,-44.30525216439034,-20.069626211993704,9,13.751445473251028
igarassu|PE,igarassu,PE,Northeast,-34.90860540046981,-7.870880168474788,11,21.26852904040404
igarata|SP,igarata,SP,Southeast,-46.154475444122944,-23.206383967447795,5,12.444708333333333
igaratinga|MG,igaratinga,MG,Southeast,-44.70911759690502,-19.95517789402001,1,9.179780092592592
igrapiuna|BA,igrapiuna,BA,Northeast,-39.142029478727125,-13.82262573068788,1,25.19420138888889
igreja nova|AL,igreja nova,AL,Northeast,-36.65629405695632,-10.127482491062471,2,27.90046875
igrejinha|RS,igrejinha,RS,South,-50.7954726762304,-29.572162305031974,17,14.182342047930282
iguaba grande|RJ,iguaba grande,RJ,Southeast,-42.225932210823395,-22.838534062015846,18,19.556894933127573
iguai|BA,iguai,BA,Northeast,-40.08972758698526,-14.756191114213662,2,14.50746527777778
iguape|SP,iguape,SP,Southeast,-47.560697318012096,-24.706445855271298,14,11.227928240740741
iguaracu|PR,iguaracu,PR,South,-51.82562479508663,-23.196386679637268,1,12.041585648148148
iguatama|MG,iguatama,MG,Southeast,-45.70819546396659,-20.175164692932476,3,9.918082561728395
iguatu|CE,iguatu,CE,Northeast,-39.29682179897089,-6.357789032984386,14,23.460037202380953
iguatu|PR,iguatu,PR,South,-53.08729769006406,-24.71254331424872,1,9.300173611111111
ijui|RS,ijui,RS,South,-53.91661502287606,-28.388810319321834,49,14.897041052532124
ilha comprida|SP,ilha comprida,SP,Southeast,-47.54699863126647,-24.739536869630506,3,6.836828703703704
ilha de itamaraca|PE,ilha de itamaraca,PE,Northeast,-34.83048030118233,-7.749762864692133,4,26.454395254629627
ilha dos valadares|PR,ilha dos valadares,PR,South,-8.723762147513938,42.18400274298598,1,27.27721064814815
ilha grande|PI,ilha grande,PI,Northeast,-41.813432147622294,-2.8527004394349413,1,14.178715277777778
ilha solteira|SP,ilha solteira,SP,Southeast,-51.34101045695876,-20.429438649938668,23,10.153980475040258
ilhabela|SP,ilhabela,SP,Southeast,-45.36485252840012,-23.81971569027226,44,11.322550768097644
ilheus|BA,ilheus,BA,Northeast,-39.03385068366008,-14.798944719273333,69,20.451357856951155
ilhota|SC,ilhota,SC,South,-48.82655548476291,-26.902284278945945,4,14.837685185185185
ilicinea|MG,ilicinea,MG,Southeast,-45.82696971616617,-20.94004902170557,1,16.41434027777778
ilopolis|RS,ilopolis,RS,South,-52.126386773416336,-28.92854918003328,3,11.624818672839506
imaculada|PB,imaculada,PB,Northeast,-37.508623993523585,-7.388569913753139,3,40.342334104938274
imbau|PR,imbau,PR,South,-50.75664037380096,-24.448098643586853,2,8.208651620370372
imbe de minas|MG,imbe de minas,MG,Southeast,-41.968048641005,-19.595795343810604,2,16.852974537037035
imbe|RS,imbe,RS,South,-50.123676626181904,-29.95907737660297,12,15.889410686728395
imbituba|SC,imbituba,SC,South,-48.672978306947584,-28.23876137953961,31,16.266337738948625
imbituva|PR,imbituva,PR,South,-50.6024309952466,-25.229946498284644,8,12.643489583333334
imbuia|SC,imbuia,SC,South,-49.42157928600077,-27.490593631561293,4,16.81039351851852
imigrante|RS,imigrante,RS,South,-51.77354281883774,-29.353846432315194,3,10.385389660493827
imperatriz|MA,imperatriz,MA,Northeast,-47.4841123650027,-5.519794124785971,40,22.011168402777777
inacio martins|PR,inacio martins,PR,South,-51.0778102706275,-25.575255595132976,5,16.29400462962963
inaciolandia|GO,inaciolandia,GO,Central-West,-49.99026187093549,-18.487356338544213,3,23.080976080246913
inaja|PE,inaja,PE,Northeast,-37.82522005722211,-8.901583786013484,2,14.594039351851851
inaja|PR,inaja,PR,South,-52.19795173893489,-22.75046378652603,2,9.214849537037036
inconfidentes|MG,inconfidentes,MG,Southeast,-46.32861302841203,-22.318223584296852,2,16.8614525462963
indaial|SC,indaial,SC,South,-49.239770100159475,-26.893226130061613,25,13.162502777777778
indaiatuba|SP,indaiatuba,SP,Southeast,-47.216807769634734,-23.10029029398992,269,8.5321079874019
independencia|CE,independencia,CE,Northeast,-40.30889230524592,-5.3961377214337425,1,19.483125
indiana|SP,indiana,SP,Southeast,-51.2552189261756,-22.175130862854317,3,7.075466820987654
indianopolis|MG,indianopolis,MG,Southeast,-47.91868838442963,-19.035920789097077,1,16.83712962962963
indianopolis|PR,indianopolis,PR,South,-52.69852516237144,-23.480460863213892,4,13.682077546296297
indiapora|SP,indiapora,SP,Southeast,-50.28912063900293,-19.97992918980853,3,8.787503858024692
indiara|GO,indiara,GO,Central-West,-49.990193788376516,-17.143464577165886,4,17.03427662037037
indiaroba|SE,indiaroba,SE,Northeast,-37.50906216202343,-11.522995864184615,1,39.61178240740741
ingai|MG,ingai,MG,Southeast,-44.9208272780494,-21.402690199748797,1,30.32587962962963
inga|PB,inga,PB,Northeast,-35.60495698872419,-7.289087123466974,1,14.209166666666667
inhambupe|BA,inhambupe,BA,Northeast,-38.35407592533658,-11.787525682582707,7,31.941861772486774
inhapim|MG,inhapim,MG,Southeast,-42.12184508092337,-19.55030577919237,7,11.198141534391535
inhapi|AL,inhapi,AL,Northeast,-37.747323390442716,-9.223000155169288,2,24.875752314814818
inhauma|MG,inhauma,MG,Southeast,-44.38784681526853,-19.49213068679372,2,8.064467592592592
inhumas|GO,inhumas,GO,Central-West,-49.497447892349925,-16.361404053958964,15,17.13632638888889
inhuma|PI,inhuma,PI,Northeast,-41.70789994927027,-6.666020950324466,1,35.336087962962964
inimutaba|MG,inimutaba,MG,Southeast,-44.360766785612384,-18.732431504369792,2,7.537054398148149
inocencia|MS,inocencia,MS,Central-West,-51.928316380658735,-19.731245726024667,1,16.23173611111111
inubia paulista|SP,inubia paulista,SP,Southeast,-50.9624253981769,-21.769701915466086,3,5.314182098765432
iomere|SC,iomere,SC,South,-51.238826914259896,-27.001624153002233,1,2.968611111111111
ipaba|MG,ipaba,MG,Southeast,-42.41584571438497,-19.414569548618264,8,14.71282986111111
ipameri|GO,ipameri,GO,Central-West,-48.15907238891024,-17.7190976018024,12,14.766359953703704
ipanema|MG,ipanema,MG,Southeast,-41.714715020517914,-19.800237383217116,7,12.776326058201057
ipaporanga|CE,ipaporanga,CE,Northeast,-40.75998338352129,-4.905313371025412,2,32.52045138888889
ipatinga|MG,ipatinga,MG,Southeast,-42.562507159587966,-19.469701497922532,163,12.040991678027721
ipaumirim|CE,ipaumirim,CE,Northeast,-38.71823616322421,-6.789511466238066,1,22.62934027777778
ipaussu|SP,ipaussu,SP,Southeast,-49.626774794621625,-23.055647423188177,6,9.236876929012347
ipecaeta|BA,ipecaeta,BA,Northeast,-39.30835163302527,-12.315242629803704,1,29.92335648148148
ipero|SP,ipero,SP,Southeast,-47.69198015475807,-23.353969534958136,17,10.118585239651416
ipe|RS,ipe,RS,South,-51.28037568374776,-28.819465237729652,2,17.083177083333332
ipiabas|RJ,ipiabas,RJ,Southeast,-43.86829218461353,-22.37702555839219,4,20.10169849537037
ipiacu|MG,ipiacu,MG,Southeast,-49.94353061768475,-18.69240378191548,3,11.006527777777778
ipiau|BA,ipiau,BA,Northeast,-39.733998533384806,-14.133744079186092,7,13.00650462962963
ipigua|SP,ipigua,SP,Southeast,-49.38853504073393,-20.65840354593242,2,12.418443287037036
ipiranga de goias|GO,ipiranga de goias,GO,Central-West,-49.67292527141518,-15.17406492966232,1,16.226111111111113
ipiranga do norte|MT,ipiranga do norte,MT,Central-West,-56.14897520790824,-12.241206754131428,1,15.208645833333334
ipiranga do sul|RS,ipiranga do sul,RS,South,-52.42671526329557,-27.93632999999994,1,13.914791666666666
ipiranga|PR,ipiranga,PR,South,-50.58282411755196,-25.02569012249817,3,10.64190586419753
ipira|BA,ipira,BA,Northeast,-39.740045315654505,-12.157556449733203,6,14.711315586419753
ipira|SC,ipira,SC,South,-51.77503749303115,-27.404880040373445,2,11.164021990740741
ipixuna do para|PA,ipixuna do para,PA,North,-47.49893031739857,-2.5585280602510303,2,15.487436342592593
ipojuca|PE,ipojuca,PE,Northeast,-35.017326651754246,-8.44163320750378,15,22.089007716049384
ipora do oeste|SC,ipora do oeste,SC,South,-53.53437463670634,-26.98785101985837,6,16.694033564814816
ipora|GO,ipora,GO,Central-West,-51.117334138045784,-16.440549550013607,15,13.160077160493827
ipora|PR,ipora,PR,South,-53.70919383643067,-24.002145214656707,2,11.130243055555557
ipua|SP,ipua,SP,Southeast,-48.015324264487965,-20.444278723018396,3,17.203256172839506
ipubi|PE,ipubi,PE,Northeast,-40.14912625550516,-7.651281345123479,2,9.919513888888888
ipueiras|CE,ipueiras,CE,Northeast,-40.716001829373106,-4.542478153235954,2,16.22222222222222
ipueira|RN,ipueira,RN,Northeast,-37.198881,-6.815330025901819,1,31.867743055555554
ipuiuna|MG,ipuiuna,MG,Southeast,-46.19075402250269,-22.09924759304525,1,35.96464120370371
ipumirim|SC,ipumirim,SC,South,-52.136687752816,-27.07659971122905,5,14.175960648148148
ipupiara|BA,ipupiara,BA,Northeast,-42.612646739648014,-11.820685499999996,1,23.89738425925926
ipu|CE,ipu,CE,Northeast,-40.71060856702224,-4.326302354051709,4,21.215763888888887
iracemapolis|SP,iracemapolis,SP,Southeast,-47.51274020487925,-22.586427367719512,18,9.955566486625514
iracema|CE,iracema,CE,Northeast,-38.30429410506842,-5.8104850171095395,2,42.1205150462963
irai de minas|MG,irai de minas,MG,Southeast,-47.46269991142253,-18.985775582616174,2,5.986915509259259
irai|RS,irai,RS,South,-53.254448148744004,-27.1950764288156,2,14.985115740740742
iramaia|BA,iramaia,BA,Northeast,-40.95776230950237,-13.293711500050712,2,22.66814814814815
irani|SC,irani,SC,South,-51.89683951658173,-27.02375886934052,4,13.352170138888889
irape|SP,irape,SP,Southeast,-49.735544433190626,-23.060353803047136,2,10.208483796296296
irapua|SP,irapua,SP,Southeast,-49.40941619971977,-21.27943778454704,4,6.265182291666667
irapuru|SP,irapuru,SP,Southeast,-51.351611764007615,-21.568643895945364,6,8.73173225308642
iraquara|BA,iraquara,BA,Northeast,-41.616438567417646,-12.245412406781975,5,20.5273125
irara|BA,irara,BA,Northeast,-38.76605735718155,-12.046631515780197,2,19.186093749999998
irati|PR,irati,PR,South,-50.65054682632399,-25.469780975786964,22,12.112289562289563
iraucuba|CE,iraucuba,CE,Northeast,-39.78405294891584,-3.7465126814415357,2,15.659247685185186
irece|BA,irece,BA,Northeast,-41.854195577796325,-11.304735278402209,13,18.275499465811965
iretama|PR,iretama,PR,South,-52.10234564834761,-24.420347315994043,1,22.49070601851852
irineopolis|SC,irineopolis,SC,South,-50.79700318166896,-26.241596922344534,4,12.063234953703704
irupi|ES,irupi,ES,Southeast,-41.64174562247486,-20.346147192439737,2,10.694456018518519
isaias coelho|PI,isaias coelho,PI,Northeast,-41.67799018348847,-7.737995163302305,1,10.082337962962963
itaara|RS,itaara,RS,South,-53.767123348717845,-29.59928897335415,1,31.098564814814814
itabaiana|SE,itabaiana,SE,Northeast,-37.42703415844027,-10.686135392421832,14,19.84527033730159
itabaianinha|SE,itabaianinha,SE,Northeast,-37.791463763372846,-11.274679008513315,2,25.187609953703703
itabatan|BA,itabatan,BA,Northeast,-39.863064655227475,-17.999945292956085,2,20.079600694444444
itabela|BA,itabela,BA,Northeast,-39.558710035624145,-16.57705511546277,4,19.18130497685185
itaberaba|BA,itaberaba,BA,Northeast,-40.30495396461956,-12.527306698207923,9,17.65149948559671
itaberai|GO,itaberai,GO,Central-West,-49.8017237257634,-16.022489126762082,6,14.10533950617284
itabera|SP,itabera,SP,Southeast,-49.14046304526399,-23.863645030515517,7,12.050854828042327
itabira|MG,itabira,MG,Southeast,-43.22384359497725,-19.629852923974376,75,13.096605092592592
itabirinha|MG,itabirinha,MG,Southeast,-41.23430624891284,-18.568826731446546,1,7.056030092592593
itabirito|MG,itabirito,MG,Southeast,-43.80286849754644,-20.252532778774643,28,11.558697916666667
itaborai|RJ,itaborai,RJ,Southeast,-42.85892456514524,-22.74994800686078,55,18.309607533670032
itabuna|BA,itabuna,BA,Northeast,-39.273225862888815,-14.792933965029716,60,18.39594000771605
itacarambi|MG,itacarambi,MG,Southeast,-44.09566579405765,-15.098355039383632,3,10.553572530864198
itacare|BA,itacare,BA,Northeast,-38.99458401801027,-14.279349295822538,7,30.771679894179893
itacoatiara|AM,itacoatiara,AM,North,-58.431686830492836,-3.1317886291397716,1,46.20960648148148
itagiba|BA,itagiba,BA,Northeast,-39.84498334475137,-14.2843769698301,2,25.00076388888889
itagimirim|BA,itagimirim,BA,Northeast,-39.61427101943911,-16.087524600301162,1,10.345358796296296
itagi|BA,itagi,BA,Northeast,-40.00537125,-14.163465090844523,2,17.07252314814815
itaguacu da bahia|BA,itaguacu da bahia,BA,Northeast,-42.39970515725903,-11.008612887342291,1,21.860023148148148
itaguacu|ES,itaguacu,ES,Southeast,-40.855998248776984,-19.80240576537453,7,15.586628637566138
itaguacu|GO,itaguacu,GO,Central-West,-50.55501793137007,-19.003962708996657,2,13.679322916666667
itaguai|RJ,itaguai,RJ,Southeast,-43.772409074982434,-22.870437366799383,46,11.851638737922706
itaguaje|PR,itaguaje,PR,South,-51.96887155063026,-22.617848674687,2,12.400978009259259
itaguara|MG,itaguara,MG,Southeast,-44.48675529923148,-20.39113963284311,2,8.736585648148148
itaguari|GO,itaguari,GO,Central-West,-49.60506897107029,-15.92097218846128,1,19.8759375
itaguaru|GO,itaguaru,GO,Central-West,-49.63360164898026,-15.761159457245736,2,13.58814236111111
itaicaba|CE,itaicaba,CE,Northeast,-37.82659489637919,-4.679000999320316,1,21.335868055555554
itaiopolis|SC,itaiopolis,SC,South,-49.907586348527474,-26.33963554380196,8,19.398799189814813
itaipava|ES,itaipava,ES,Southeast,-40.7790675,-20.894939217890183,4,13.504716435185186
itaipulandia|PR,itaipulandia,PR,South,-54.30036804674245,-25.14224263802619,6,15.330349151234568
itaitinga|CE,itaitinga,CE,Northeast,-38.52400534560971,-3.970512939269979,3,19.937326388888888
itaituba|PA,itaituba,PA,North,-55.98576923978518,-4.264320591430269,3,34.48033179012346
itai|SP,itai,SP,Southeast,-49.091858387234545,-23.41864995155353,10,9.889118055555555
itajai|SC,itajai,SC,South,-48.67670794954246,-26.91181862157633,119,14.434262566137566
itaja|GO,itaja,GO,Central-West,-51.54703879034617,-19.064813824029205,3,12.836658950617284
itajobi|SP,itajobi,SP,Southeast,-49.055376912433346,-21.31536280257076,9,14.246464763374485
itaju do colonia|BA,itaju do colonia,BA,Northeast,-39.72420626327064,-15.143336384413155,1,18.971921296296298
itajuba|MG,itajuba,MG,Southeast,-45.453658559092595,-22.420436051270105,91,11.450863222425722
itajuipe|BA,itajuipe,BA,Northeast,-39.37573298792869,-14.674651464380743,3,15.299382716049383
itaju|SP,itaju,SP,Southeast,-48.80522791735455,-21.98102953162721,3,14.052874228395062
italva|RJ,italva,RJ,Southeast,-41.69236535136055,-21.423853469687288,12,11.98489486882716
itamaraju|BA,itamaraju,BA,Northeast,-39.53206169221629,-17.036074998406388,11,16.80121212121212
itamarandiba|MG,itamarandiba,MG,Southeast,-42.86302169680557,-17.860578299366427,8,9.598499710648149
itamari|BA,itamari,BA,Northeast,-39.68551570756165,-13.780237499999998,3,21.394050925925924
itambacuri|MG,itambacuri,MG,Southeast,-41.67729995613481,-18.03399211744409,6,11.3330574845679
itambaraca|PR,itambaraca,PR,South,-50.40724891321596,-23.01799352232197,2,13.261435185185185
itambe|BA,itambe,BA,Northeast,-40.62379558963201,-15.245467596484307,3,32.78459104938271
itambe|PE,itambe,PE,Northeast,-35.111812758060196,-7.407684117826793,3,10.979652777777778
itambe|PR,itambe,PR,South,-51.98922009320538,-23.660415425196856,1,19.705625
itamira|BA,itamira,BA,Northeast,-38.228506281685846,-11.723099008554907,2,15.111944444444443
itamogi|MG,itamogi,MG,Southeast,-47.04908087516005,-21.0795879022331,2,17.633217592592594
itamonte|MG,itamonte,MG,Southeast,-44.87042902299854,-22.283068505835775,9,13.656094393004116
itanhaem|SP,itanhaem,SP,Southeast,-46.79049637055164,-24.179855538627187,74,11.010809872372372
itanhandu|MG,itanhandu,MG,Southeast,-44.93729916346488,-22.297529794943134,12,12.576072530864197
itanhanga|MT,itanhanga,MT,Central-West,-56.64320143428098,-12.233913026472672,1,24.75002314814815
itanhem|BA,itanhem,BA,Northeast,-40.33049250765508,-17.166086273047327,1,13.90369212962963
itanhomi|MG,itanhomi,MG,Southeast,-41.86097488103808,-19.171091341582628,4,10.271099537037037
itaobim|MG,itaobim,MG,Southeast,-41.50251820442582,-16.559851361375916,6,11.523331404320988
itaocara|RJ,itaocara,RJ,Southeast,-42.07760014708587,-21.671814840250825,16,13.388174913194444
itaoca|ES,itaoca,ES,Southeast,-41.1328250212329,-20.72706131482259,2,24.6466724537037
itaoca|SP,itaoca,SP,Southeast,-48.83937534998118,-24.64043087708281,1,11.056203703703703
itapaci|GO,itapaci,GO,Central-West,-49.54693574933121,-14.955761512092622,3,17.842847222222222
itapage|CE,itapage,CE,Northeast,-39.58488147432165,-3.68547568318387,1,18.141284722222224
itapagipe|MG,itapagipe,MG,Southeast,-49.36786630758864,-19.90249608231077,5,9.125451388888889
itapaje|CE,itapaje,CE,Northeast,-39.58488147432165,-3.68547568318387,6,20.901363811728395
itaparica|BA,itaparica,BA,Northeast,-38.67597318178283,-12.896704605358313,1,15.235752314814814
itapecerica da serra|SP,itapecerica da serra,SP,Southeast,-46.85103183305166,-23.710979053292142,92,10.094660703502415
itapecerica|MG,itapecerica,MG,Southeast,-45.123145499795335,-20.47194513518614,13,9.535990028490028
itapecuru mirim|MA,itapecuru mirim,MA,Northeast,-44.35630543669049,-3.3944979719389603,4,14.938512731481481
itapejara d'oeste|PR,itapejara d'oeste,PR,South,-52.815730256938544,-25.963944452161765,6,16.007164351851852
itapema|SC,itapema,SC,South,-48.62961349999995,-27.102098999999946,44,12.5619476010101
itapemirim|ES,itapemirim,ES,Southeast,-40.79055880599556,-20.910119411840792,4,15.287653356481481
itaperucu|PR,itaperucu,PR,South,-49.34753966360455,-25.220093721921664,4,12.255737847222221
itaperuna|RJ,itaperuna,RJ,Southeast,-41.89141172373199,-21.20309099954143,45,18.732041923868312
itapetim|PE,itapetim,PE,Northeast,-37.19107352029899,-7.378367670330335,2,17.16778935185185
itapetinga|BA,itapetinga,BA,Northeast,-40.24622186583831,-15.250302992080991,17,16.870170887799564
itapetininga|SP,itapetininga,SP,Southeast,-48.0442202454346,-23.58751434109018,77,9.894920484607985
itapeva|MG,itapeva,MG,Southeast,-46.22232384773267,-22.76807901166989,5,11.795685185185185
itapeva|SP,itapeva,SP,Southeast,-48.883284462606554,-23.98358439359683,52,8.398585069444444
itapevi|SP,itapevi,SP,Southeast,-46.938015,-23.54842124980368,166,8.05945880745203
itape|BA,itape,BA,Northeast,-39.424666179339184,-14.895336499489884,1,12.991782407407408
itapicuru|BA,itapicuru,BA,Northeast,-38.2195815703801,-11.311097874853967,2,28.73876736111111
itapipoca|CE,itapipoca,CE,Northeast,-39.5805599213898,-3.498943335147733,10,26.270971064814816
itapiranga|SC,itapiranga,SC,South,-53.714206007575186,-27.170023615073525,11,13.108623737373737
itapirapua paulista|SP,itapirapua paulista,SP,Southeast,-49.17031902373917,-24.57312264419332,2,8.954502314814814
itapirapua|GO,itapirapua,GO,Central-West,-50.61014350949811,-15.820316369060022,2,15.285295138888888
itapira|SP,itapira,SP,Southeast,-46.82221947230336,-22.43767152117306,51,11.347382443718228
itapissuma|PE,itapissuma,PE,Northeast,-34.89835279961334,-7.773695510620832,3,19.650381944444444
itapitanga|BA,itapitanga,BA,Northeast,-39.56629538123539,-14.421541710119559,3,15.060489969135803
itapiuna|CE,itapiuna,CE,Northeast,-38.921752862690354,-4.561254819410046,2,16.173674768518516
itapoa|SC,itapoa,SC,South,-48.60999510263457,-26.074269544706898,9,16.668298611111112
itapolis|SP,itapolis,SP,Southeast,-48.8110644105608,-21.59505001979666,28,12.949511408730158
itaporanga d'ajuda|SE,itaporanga d'ajuda,SE,Northeast,-37.31442925247881,-10.999654667149931,1,49.04486111111111
itaporanga|PB,itaporanga,PB,Northeast,-38.151354016101436,-7.305664823488078,2,33.30997106481482
itaporanga|SP,itaporanga,SP,Southeast,-49.482958686566384,-23.705939631453408,12,12.56979263117284
itapora|MS,itapora,MS,Central-West,-54.79002120450242,-22.079968081609707,3,13.543325617283951
itapui|SP,itapui,SP,Southeast,-48.72008575861355,-22.23370404240945,7,12.611712962962963
itapuranga|GO,itapuranga,GO,Central-West,-49.94857602107632,-15.560379795838529,6,16.043622685185184
itapura|SP,itapura,SP,Southeast,-51.507276790780196,-20.642856103888857,6,8.318647762345678
itaquaquecetuba|SP,itaquaquecetuba,SP,Southeast,-46.3438467606692,-23.46681894869581,166,9.045583165997323
itaquirai|MS,itaquirai,MS,Central-West,-54.18155904434761,-23.478948708935025,2,24.50878472222222
itaquitinga|PE,itaquitinga,PE,Northeast,-35.10244383748215,-7.668690458136267,2,18.48173611111111
itaqui|RS,itaqui,RS,South,-56.55329060394041,-29.131012996281413,8,15.621498842592592
itarana|ES,itarana,ES,Southeast,-40.87500121675279,-19.872362427086507,2,23.685179398148147
itarantim|BA,itarantim,BA,Northeast,-40.06329388971231,-15.654334940344441,3,17.601095679012346
itarare|SP,itarare,SP,Southeast,-49.33153304217702,-24.112989428946435,28,9.58546585648148
itarema|CE,itarema,CE,Northeast,-39.91261725399927,-2.9233439533625143,1,19.26849537037037
itariri|SP,itariri,SP,Southeast,-47.17449909179466,-24.28999221482884,6,15.816099537037037
itatiaia|RJ,itatiaia,RJ,Southeast,-44.562961979844616,-22.49016442089259,18,18.18782857510288
itatiaiucu|MG,itatiaiucu,MG,Southeast,-44.42209999999994,-20.198139056684656,2,27.167002314814816
itatiba do sul|RS,itatiba do sul,RS,South,-52.455210335206125,-27.38629713831296,1,17.39494212962963
itatiba|SP,itatiba,SP,Southeast,-46.84075801381677,-23.004782211990396,97,7.926303574837724
itatim|BA,itatim,BA,Northeast,-39.698459466762586,-12.70812094187372,2,16.796591435185185
itatinga|SP,itatinga,SP,Southeast,-48.61309710966138,-23.104781921145523,4,11.713197337962963
itau de minas|MG,itau de minas,MG,Southeast,-46.75093239176146,-20.74428957756417,5,12.908631944444444
itauba|MT,itauba,MT,Central-West,-55.244811515324855,-11.00800538828494,5,17.133164351851853
itaueira|PI,itaueira,PI,Northeast,-43.02680360894576,-7.600781248443465,2,14.596788194444445
itauna|MG,itauna,MG,Southeast,-44.577340148485476,-20.076917145110954,55,11.485634259259259
itau|RN,itau,RN,Northeast,-37.99115908497783,-5.840663997006493,2,18.808217592592595
ita|SC,ita,SC,South,-52.34918126376069,-27.27489301484305,3,12.220162037037037
itinga|MG,itinga,MG,Southeast,-41.771695261384,-16.60664931744931,3,14.828730709876544
itiquira|MT,itiquira,MT,Central-West,-54.14623559736019,-17.206222865568588,1,11.420902777777778
itirapina|SP,itirapina,SP,Southeast,-47.81960174393507,-22.25312279156327,2,16.38269097222222
itirucu|BA,itirucu,BA,Northeast,-40.15183237567301,-13.533376466934016,3,26.628954475308642
itiuba|BA,itiuba,BA,Northeast,-39.85197394243108,-10.69244349488568,4,20.11895833333333
itobi|SP,itobi,SP,Southeast,-46.97132495918101,-21.733148061562392,7,7.81306712962963
itororo|BA,itororo,BA,Northeast,-40.06839958860911,-15.116827700165596,2,23.833454861111115
ituacu|BA,ituacu,BA,Northeast,-41.29867703064893,-13.815812826384208,3,14.389618055555555
itubera|BA,itubera,BA,Northeast,-39.14750580174429,-13.734706573728744,3,10.569398148148148
itueta|MG,itueta,MG,Southeast,-41.227721705566864,-19.398350373747554,1,22.054282407407406
ituiutaba|MG,ituiutaba,MG,Southeast,-49.4636254611456,-18.975697629882532,51,12.257865377632534
itumbiara|GO,itumbiara,GO,Central-West,-49.21644868899043,-18.41008280436416,34,12.56641544117647
itupeva|SP,itupeva,SP,Southeast,-47.04923371339493,-23.156299066198635,40,11.714605613425926
itupiranga|PA,itupiranga,PA,North,-49.33237004985033,-5.134785384753941,1,19.963472222222222
ituporanga|SC,ituporanga,SC,South,-49.60080132989587,-27.416469570556252,15,12.760007716049383
iturama|MG,iturama,MG,Southeast,-50.19522319448616,-19.72896443652217,14,15.216661706349207
itutinga|MG,itutinga,MG,Southeast,-44.65778418119325,-21.298217736534337,1,8.331342592592593
ituverava|SP,ituverava,SP,Southeast,-47.786517466948176,-20.334777364608794,27,9.31232767489712
itu|SP,itu,SP,Southeast,-47.300063117548554,-23.2742819753015,126,8.55011436287478
iuna|ES,iuna,ES,Southeast,-41.532601235023876,-20.34762221735915,2,18.078206018518518
ivaipora|PR,ivaipora,PR,South,-51.672314768720135,-24.242670209153136,7,11.197425595238094
ivai|PR,ivai,PR,South,-50.855303740635314,-25.007783330526394,2,12.73633101851852
ivate|PR,ivate,PR,South,-53.36784436337855,-23.407247780167324,3,9.926836419753087
ivinhema|MS,ivinhema,MS,Central-West,-53.82254916362669,-22.306276677052004,3,14.875424382716048
ivora|RS,ivora,RS,South,-53.5778998785527,-29.520498712729545,1,13.024074074074074
ivoti|RS,ivoti,RS,South,-51.16367994367905,-29.604057434931395,13,13.168513176638177
jaboatao dos guararapes|PE,jaboatao dos guararapes,PE,Northeast,-34.93096610117815,-8.159618080893843,131,15.806884983743284
jaborandi|SP,jaborandi,SP,Southeast,-48.41501318702469,-20.688221715464913,3,6.229783950617284
jabora|SC,jabora,SC,South,-51.735928642465936,-27.172688968501397,2,21.361655092592592
jaboticabal|SP,jaboticabal,SP,Southeast,-48.320850739007746,-21.256797694428947,49,10.900968206727136
jaboticatubas|MG,jaboticatubas,MG,Southeast,-43.74803118853069,-19.517850000000003,1,8.825335648148148
jaboti|PR,jaboti,PR,South,-50.07329715482693,-23.742768794597843,2,8.806400462962962
jacaraci|BA,jacaraci,BA,Northeast,-42.43302604495919,-14.84532247710318,4,25.133394097222222
jacareacanga|PA,jacareacanga,PA,North,-57.75800803829402,-6.221364795807537,1,51.92025462962963
jacarei|SP,jacarei,SP,Southeast,-45.96258897068984,-23.302661247830148,188,8.90955218183609
jacarezinho|PR,jacarezinho,PR,South,-49.97736847948426,-23.159406006073,16,11.000769675925925
jacare|SP,jacare,SP,Southeast,-45.964003181721665,-23.293804419856837,8,10.783125
jaciara|MT,jaciara,MT,Central-West,-54.96944224860835,-15.96013748907085,3,20.50429012345679
jacigua|ES,jacigua,ES,Southeast,-41.016831307156934,-20.707060779136413,2,25.927210648148147
jacinto machado|SC,jacinto machado,SC,South,-49.759170261605576,-28.99753141251519,4,13.186160300925925
jacinto|MG,jacinto,MG,Southeast,-40.29635659319957,-16.14784039842374,2,16.186273148148146
jaci|SP,jaci,SP,Southeast,-49.57165727181834,-20.88606956364834,2,11.859322916666667
jacobina|BA,jacobina,BA,Northeast,-40.514901956930586,-11.183265848517188,23,17.201283212560387
jacuizinho|RS,jacuizinho,RS,South,-53.04832096214403,-29.033645685238604,1,19.608599537037037
jacui|MG,jacui,MG,Southeast,-46.742470340863846,-21.01923004670805,4,11.668862847222222
jacunda|PA,jacunda,PA,North,-49.11483200098034,-4.448494309243434,6,22.04820408950617
jacupiranga|SP,jacupiranga,SP,Southeast,-48.005789511719584,-24.701819644464283,5,9.560523148148148
jacutinga|MG,jacutinga,MG,Southeast,-46.61380166682788,-22.28793624001079,18,12.909498456790123
jacutinga|RS,jacutinga,RS,South,-52.537491045681705,-27.729372911015968,1,29.147800925925925
jaguaquara|BA,jaguaquara,BA,Northeast,-39.9694437679826,-13.528742361850982,2,29.200815972222223
jaguaracu|MG,jaguaracu,MG,Southeast,-42.755876471507236,-19.651422429121034,1,13.373773148148148
jaguarao|RS,jaguarao,RS,South,-53.37992756980514,-32.56205739043337,8,14.818289930555556
jaguare|ES,jaguare,ES,Southeast,-40.076198480426235,-18.907541802994345,13,13.30008725071225
jaguariaiva|PR,jaguariaiva,PR,South,-49.71645951480758,-24.25631191956125,17,9.533457244008716
jaguaribara|CE,jaguaribara,CE,Northeast,-38.46299838290441,-5.453583981678744,1,20.000127314814815
jaguaribe|CE,jaguaribe,CE,Northeast,-38.623717560786346,-5.89275411223783,5,20.195865740740743
jaguariuna|SP,jaguariuna,SP,Southeast,-46.987014376493164,-22.69515790939998,59,7.908321563088513
jaguari|RS,jaguari,RS,South,-54.691369977160974,-29.498189231229773,3,12.415246913580246
jaguaruana|CE,jaguaruana,CE,Northeast,-37.78251146537571,-4.8392234688660745,4,21.547060185185185
jaguaruna|SC,jaguaruna,SC,South,-49.02509319244566,-28.62278894415899,2,10.948622685185185
jaiba|MG,jaiba,MG,Southeast,-43.67078980287361,-15.342922358229634,6,14.352841435185185
jales|SP,jales,SP,Southeast,-50.54646481535692,-20.27008382293739,27,8.144114797668038
jamaica|SP,jamaica,SP,Southeast,-46.881716622148595,-24.222400115114276,1,14.280659722222222
jamapara|RJ,jamapara,RJ,Southeast,-42.71302960833004,-21.895515078174306,1,10.350833333333334
jambeiro|SP,jambeiro,SP,Southeast,-45.694161765258556,-23.254550463796555,4,10.937664930555556
jampruca|MG,jampruca,MG,Southeast,-41.80576735278377,-18.46147325490596,1,8.940347222222222
janauba|MG,janauba,MG,Southeast,-43.30849638319817,-15.807107713706078,16,11.869896556712963
jandaia do sul|PR,jandaia do sul,PR,South,-51.64320082937779,-23.6010664210396,8,14.44929542824074
jandaia|GO,jandaia,GO,Central-West,-50.14789944775264,-17.045780895299654,1,10.060011574074075
jandaira|BA,jandaira,BA,Northeast,-37.782842823008146,-11.563868419374757,1,14.363993055555556
jandaira|RN,jandaira,RN,Northeast,-36.12479979396372,-5.3566304784021925,1,14.7134375
jandira|SP,jandira,SP,Southeast,-46.904781110147944,-23.54201338813129,83,8.02010500334672
janduis|RN,janduis,RN,Northeast,-37.407339526453825,-6.0173997458115895,1,42.005833333333335
janiopolis|PR,janiopolis,PR,South,-52.780433681796595,-24.143180093242997,3,14.655733024691358
januaria|MG,januaria,MG,Southeast,-44.366260125717474,-15.48492917957338,22,18.829418665824917
japaraiba|MG,japaraiba,MG,Southeast,-45.50616116930835,-20.13974722950019,1,7.000034722222222
japaratuba|SE,japaratuba,SE,Northeast,-36.94269474600019,-10.591125094655087,1,20.271064814814814
japeri|RJ,japeri,RJ,Southeast,-43.61239070414389,-22.67183818295079,33,15.50409336419753
japira|PR,japira,PR,South,-50.14040134826855,-23.81221708129019,2,12.683119212962964
japi|RN,japi,RN,Northeast,-35.946507183473116,-6.466736793112053,1,44.202650462962964
japoata|SE,japoata,SE,Northeast,-36.79915606589811,-10.345054813235642,1,26.022986111111113
japuiba|RJ,japuiba,RJ,Southeast,-42.690060380601174,-22.561260404548616,5,17.810956018518517
japura|PR,japura,PR,South,-52.55535174805048,-23.473684165564865,5,18.995215277777778
jaqueira|PE,jaqueira,PE,Northeast,-35.79526574008669,-8.72925839154065,3,14.177704475308643
jaquirana|RS,jaquirana,RS,South,-50.358298730172635,-28.88388241961676,1,14.120347222222222
jaragua do sul|SC,jaragua do sul,SC,South,-49.106232000000006,-26.488493474897464,87,13.346719481694338
jaraguari|MS,jaraguari,MS,Central-West,-54.43527835823029,-20.101292344013533,2,12.96490740740741
jaragua|GO,jaragua,GO,Central-West,-49.33087219163024,-15.75119642587254,7,15.715973875661376
jardim abc de goias|GO,jardim abc de goias,GO,Central-West,-56.171869203037616,-21.46782908813674,1,9.46287037037037
jardim alegre|PR,jardim alegre,PR,South,-51.69281814932676,-24.180034716552814,2,12.680515046296296
jardim de piranhas|RN,jardim de piranhas,RN,Northeast,-37.350113671272275,-6.379079930805314,1,14.857974537037038
jardim do serido|RN,jardim do serido,RN,Northeast,-36.77429217736615,-6.588520929366438,3,21.17890046296296
jardim olinda|PR,jardim olinda,PR,South,-52.038031393845955,-22.55284171147607,1,12.381446759259259
jardim|CE,jardim,CE,Northeast,-39.27823659217944,-7.58712144230463,2,17.179600694444446
jardim|MS,jardim,MS,Central-West,-56.148567703995596,-21.481310918693175,3,8.941454475308642
jardinopolis|SP,jardinopolis,SP,Southeast,-47.77108986665113,-21.024152501545007,13,9.895595619658119
jarinu|SP,jarinu,SP,Southeast,-46.71726009296573,-23.09784541994768,18,10.213372556584362
jari|RS,jari,RS,South,-54.21910895928057,-29.289423550575545,4,13.064409722222223
jaru|RO,jaru,RO,North,-62.472690831765085,-10.434205391835228,5,16.193810185185185
jatai|GO,jatai,GO,Central-West,-51.72758141836998,-17.884664706480535,51,16.60055056281772
jatauba|PE,jatauba,PE,Northeast,-36.4966301210269,-7.98769691680641,2,27.85753472222222
jatoba|MA,jatoba,MA,Northeast,-44.224600493904205,-5.818367879674888,1,33.10552083333334
jatoba|PE,jatoba,PE,Northeast,-38.25079085688253,-9.179126561048138,3,18.855613425925924
jaupaci|GO,jaupaci,GO,Central-West,-50.95312994403947,-16.18300806942621,1,13.6621875
jauru|MT,jauru,MT,Central-West,-58.87343813716766,-15.338707238937864,5,17.10222222222222
jau|SP,jau,SP,Southeast,-48.55501036164806,-22.292048121664983,72,8.333417727623457
jeceaba|MG,jeceaba,MG,Southeast,-43.98254664133645,-20.53731337220195,6,13.396045524691358
jenipapo de minas|MG,jenipapo de minas,MG,Southeast,-42.257518807758125,-17.08428347276333,1,7.29505787037037
jequeri|MG,jequeri,MG,Southeast,-42.66681555841232,-20.4552675,1,32.469722222222224
jequia da praia|AL,jequia da praia,AL,Northeast,-39.98569839476325,-14.95783622727698,2,17.079166666666666
jequie|BA,jequie,BA,Northeast,-40.08330134859661,-13.859603228327394,34,20.452020356753813
jequitai|MG,jequitai,MG,Southeast,-44.43989691517159,-17.231551999077375,2,17.054814814814815
jequitiba|MG,jequitiba,MG,Southeast,-44.02604803868425,-19.239466550865753,2,9.181684027777777
jequitinhonha|MG,jequitinhonha,MG,Southeast,-41.00889491142415,-16.440501985791833,11,11.757392676767676
jeremoabo|BA,jeremoabo,BA,Northeast,-38.89643953608658,-9.871010693199649,6,24.19674961419753
jerico|PB,jerico,PB,Northeast,-37.80564976176574,-6.553907839329411,1,16.89096064814815
jeriquara|SP,jeriquara,SP,Southeast,-47.59147195245583,-20.30815166318691,1,14.161631944444444
jeronimo monteiro|ES,jeronimo monteiro,ES,Southeast,-41.39333156508593,-20.791765972388355,2,15.711828703703704
jesuania|MG,jesuania,MG,Southeast,-45.289106008204556,-21.99947503040822,4,10.936947337962962
jesuitas|PR,jesuitas,PR,South,-53.38629885308596,-24.38231624843599,4,12.959033564814815
jesupolis|GO,jesupolis,GO,Central-West,-49.37770641632478,-15.955318898315726,2,8.130497685185185
ji-parana|RO,ji-parana,RO,North,-61.95980934800322,-10.877756265582942,17,18.679183687363835
jijoca de jericoacoara|CE,jijoca de jericoacoara,CE,Northeast,-40.457137499999995,-2.8945590152724296,4,15.27052662037037
jiquirica|BA,jiquirica,BA,Northeast,-39.57159600019938,-13.257180632657864,1,47.274537037037035
joacaba|SC,joacaba,SC,South,-51.50738060224988,-27.172563180968265,26,18.460787927350427
joaima|MG,joaima,MG,Southeast,-41.02571071730726,-16.659415476369716,1,13.172824074074073
joanopolis|SP,joanopolis,SP,Southeast,-46.27575295079885,-22.930150408703312,6,12.59849537037037
joao alfredo|PE,joao alfredo,PE,Northeast,-35.5895450372224,-7.861569808479987,3,20.63253086419753
joao camara|RN,joao camara,RN,Northeast,-35.81791874999998,-5.538613499999997,2,20.040520833333332
joao dourado|BA,joao dourado,BA,Northeast,-41.6613892809055,-11.347727535793053,1,16.14346064814815
joao lisboa|MA,joao lisboa,MA,Northeast,-47.40662419913808,-5.446567589386321,5,13.592090277777778
joao monlevade|MG,joao monlevade,MG,Southeast,-43.1739175118738,-19.813069492842576,48,10.924280719521605
joao neiva|ES,joao neiva,ES,Southeast,-40.385221986787215,-19.755333076175948,7,11.005669642857143
joao pessoa|PB,joao pessoa,PB,Northeast,-34.84206944018698,-7.122855065689306,243,20.503162103718946
joao pinheiro|MG,joao pinheiro,MG,Southeast,-46.176428346244755,-17.741854541742683,16,12.627116608796296
joao ramalho|SP,joao ramalho,SP,Southeast,-50.768419538106755,-22.249998898567455,3,9.824417438271604
joaquim nabuco|PE,joaquim nabuco,PE,Northeast,-35.526723032791296,-8.624887364304147,4,29.950590277777778
joaquim pires|PI,joaquim pires,PI,Northeast,-42.19278846124722,-3.506735865765622,1,26.878761574074073
joaquim tavora|PR,joaquim tavora,PR,South,-49.921449870962846,-23.499933090836965,3,13.123410493827162
joinville|SC,joinville,SC,South,-48.84333054293403,-26.287225554532892,253,15.301092034475186
jordania|MG,jordania,MG,Southeast,-40.18181818980215,-15.897366176201949,5,10.00025462962963
jose boiteux|SC,jose boiteux,SC,South,-49.629128489241445,-26.958430883170905,1,17.84746527777778
jose bonifacio|SP,jose bonifacio,SP,Southeast,-49.685857901733485,-21.055563339687144,12,9.622804783950617
jose da penha|RN,jose da penha,RN,Northeast,-38.28541617894542,-6.317678812882784,1,18.421886574074072
jose de freitas|PI,jose de freitas,PI,Northeast,-42.57751214972696,-4.756884949474152,3,13.408414351851851
joselandia|MA,joselandia,MA,Northeast,-44.69886712060317,-4.981514184837257,1,45.05815972222222
joviania|GO,joviania,GO,Central-West,-49.62083897217746,-17.806073102087684,5,17.563826388888888
juara|MT,juara,MT,Central-West,-57.51283305841073,-11.255146850344577,4,19.86294849537037
juatuba|MG,juatuba,MG,Southeast,-44.34250895995549,-19.957310559178076,4,14.083234953703704
juazeiro do norte|CE,juazeiro do norte,CE,Northeast,-39.31694800908709,-7.22464837945308,31,20.25320788530466
juazeiro|BA,juazeiro,BA,Northeast,-40.50382464696305,-9.422417089843092,40,23.92129542824074
jucas|CE,jucas,CE,Northeast,-39.52598756929984,-6.521426222762358,1,34.023148148148145
jucurucu|BA,jucurucu,BA,Northeast,-40.16093487967252,-16.843126431128702,2,14.038819444444444
jucurutu|RN,jucurutu,RN,Northeast,-37.022377113697324,-6.0391462768728,4,19.024172453703706
juina|MT,juina,MT,Central-West,-58.762016312315296,-11.418498479917067,17,16.625848992374728
juiz de fora|MG,juiz de fora,MG,Southeast,-43.35358361441803,-21.76280635059824,421,12.481235896674585
julio de castilhos|RS,julio de castilhos,RS,South,-53.68158220247091,-29.231312405602875,10,14.355631944444445
julio mesquita|SP,julio mesquita,SP,Southeast,-49.791408080514515,-22.011604969162068,2,13.736840277777777
jumirim|SP,jumirim,SP,Southeast,-47.79185695707955,-23.077888798867733,3,9.237426697530864
junco do serido|PB,junco do serido,PB,Northeast,-36.71354526836351,-6.994129999999927,2,16.235659722222223
jundiai do sul|PR,jundiai do sul,PR,South,-50.24652921278158,-23.438648492316897,3,16.34920138888889
jundiai|SP,jundiai,SP,Southeast,-46.896837001804485,-23.183003818209336,541,8.990200246457178
junqueiropolis|SP,junqueiropolis,SP,Southeast,-51.435475634257486,-21.512084669365102,15,10.284253858024691
junqueiro|AL,junqueiro,AL,Northeast,-36.46836013110915,-9.888675029135362,2,15.523206018518518
jupi|PE,jupi,PE,Northeast,-36.416049545178666,-8.712751565735138,2,11.202662037037037
juquia|SP,juquia,SP,Southeast,-47.63511222435076,-24.316571888585685,8,8.489223090277777
juquitiba|SP,juquitiba,SP,Southeast,-47.069107133845506,-23.932149549927907,21,7.196695877425044
juranda|PR,juranda,PR,South,-52.84238912019251,-24.41962455063525,2,25.53811921296296
jurema|PE,jurema,PE,Northeast,-36.62521091833055,-9.828342384889478,1,17.606608796296296
juripiranga|PB,juripiranga,PB,Northeast,-35.23917294598159,-7.373512760571632,1,18.689918981481483
juruaia|MG,juruaia,MG,Southeast,-46.577887954313724,-21.253392000000005,6,14.234185956790125
juruena|MT,juruena,MT,Central-West,-58.494285138507976,-10.328780330028657,3,14.069668209876543
juruti|PA,juruti,PA,North,-56.09095459568192,-2.1553397213432355,1,27.721145833333335
juru|PB,juru,PB,Northeast,-37.818229584798154,-7.538167050623209,1,12.941655092592592
juscimeira|MT,juscimeira,MT,Central-West,-54.889219441169026,-16.05367271542334,2,24.73733796296296
jussara|GO,jussara,GO,Central-West,-50.86742383886169,-15.869375107362702,3,12.928595679012346
jussara|PR,jussara,PR,South,-52.46925317823966,-23.622154732271355,1,9.103472222222223
jussari|BA,jussari,BA,Northeast,-39.49516223724786,-15.189133744391862,2,14.406550925925925
jussiape|BA,jussiape,BA,Northeast,-41.59299581183551,-13.515608312929098,1,7.074641203703703
juti|MS,juti,MS,Central-West,-54.60426174545849,-22.857753306419763,4,11.303451967592594
juvenilia|MG,juvenilia,MG,Southeast,-44.16069661866804,-14.268165029595052,2,7.660659722222222
kalore|PR,kalore,PR,South,-51.66768034220569,-23.823281510866902,2,14.594149305555554
ladainha|MG,ladainha,MG,Southeast,-41.73940021619475,-17.62783824101259,2,8.704681712962962
ladario|MS,ladario,MS,Central-West,-57.6033208823713,-19.008224794710134,4,16.26949652777778
lagarto|SE,lagarto,SE,Northeast,-37.67092165463835,-10.914487637567749,10,20.315631944444444
lages|CE,lages,CE,Northeast,-38.69394848431212,-3.9532422291143487,1,16.90287037037037
lages|SC,lages,SC,South,-50.32417414126611,-27.81761539020385,82,14.645492462737128
lago da pedra|MA,lago da pedra,MA,Northeast,-45.130023257952075,-4.56866309967997,5,26.848416666666665
lago verde|MA,lago verde,MA,Northeast,-44.936375296461286,-4.040041710027904,1,22.245358796296298
lagoa d'anta|RN,lagoa d'anta,RN,Northeast,-35.598248458381086,-6.388547788464541,1,20.25265046296296
lagoa da canoa|AL,lagoa da canoa,AL,Northeast,-36.74350553020881,-9.826357936406035,1,46.02311342592593
lagoa da confusao|TO,lagoa da confusao,TO,North,-49.621259901243704,-10.788026997531993,5,23.10525462962963
lagoa da prata|MG,lagoa da prata,MG,Southeast,-45.53953430395729,-20.024210235883093,10,12.026550925925926
lagoa de sao francisco|PI,lagoa de sao francisco,PI,Northeast,-41.59335864969289,-4.392026961078054,1,13.799016203703705
lagoa de velhos|RN,lagoa de velhos,RN,Northeast,-35.869540046256034,-6.000320081801697,1,18.963032407407407
lagoa do carro|PE,lagoa do carro,PE,Northeast,-35.31213899999999,-7.842486085061491,2,13.131475694444445
lagoa do mato|CE,lagoa do mato,CE,Northeast,-39.06652089566502,-4.2386007227785445,1,31.315208333333334
lagoa do ouro|PE,lagoa do ouro,PE,Northeast,-36.45907272765322,-9.12510319238321,2,14.291608796296295
lagoa do piaui|PI,lagoa do piaui,PI,Northeast,-42.64681246377987,-5.409658556365997,1,22.74361111111111
lagoa dos gatos|PE,lagoa dos gatos,PE,Northeast,-35.905803277039865,-8.658156327166404,3,11.146720679012345
lagoa dos patos|MG,lagoa dos patos,MG,Southeast,-44.57935443055107,-16.982516541919793,1,8.744918981481481
lagoa dos tres cantos|RS,lagoa dos tres cantos,RS,South,-52.85779268604005,-28.568446461106554,1,15.75300925925926
lagoa dourada|MG,lagoa dourada,MG,Southeast,-44.07414299999999,-20.91775744324502,5,15.284865740740742
lagoa formosa|MG,lagoa formosa,MG,Southeast,-46.40467319819316,-18.775628590786063,7,10.368439153439153
lagoa grande|MG,lagoa grande,MG,Southeast,-46.51770895095981,-17.838883574437528,4,7.922942708333333
lagoa grande|PE,lagoa grande,PE,Northeast,-40.27184894455727,-8.995694202421916,4,19.10900173611111
lagoa nova|RN,lagoa nova,RN,Northeast,-36.47050131678721,-6.094249386922085,2,22.28925925925926
lagoa real|BA,lagoa real,BA,Northeast,-42.14113959390009,-14.036419099133573,1,12.928425925925925
lagoa salgada|RN,lagoa salgada,RN,Northeast,-35.475278930623794,-6.122106000000002,1,35.625844907407405
lagoa santa|MG,lagoa santa,MG,Southeast,-43.9017184626404,-19.63863100472473,58,10.925240062260537
lagoa vermelha|RS,lagoa vermelha,RS,South,-51.52461936483638,-28.210966847625375,14,13.201779927248676
lagoao|RS,lagoao,RS,South,-52.77415761940253,-29.226602376254583,1,8.120868055555556
lagoa|PB,lagoa,PB,Northeast,-37.914991718688505,-6.590651668559654,1,44.93758101851852
lagoinha do piaui|PI,lagoinha do piaui,PI,Northeast,-42.6280274290776,-5.83736152435818,1,22.81445601851852
lagoinha|SP,lagoinha,SP,Southeast,-45.19115544997071,-23.09059474050045,3,12.741751543209876
laguna|SC,laguna,SC,South,-48.78243520831508,-28.47872374430677,14,17.789680886243385
laje do muriae|RJ,laje do muriae,RJ,Southeast,-42.11854222656466,-21.209422710299826,1,14.882743055555556
lajeado grande|SC,lajeado grande,SC,South,-52.56659110262859,-26.857914551758288,1,22.439525462962962
lajeado|RS,lajeado,RS,South,-51.96731353723487,-29.459435610902617,49,15.898691893424036
lajeado|TO,lajeado,TO,North,-48.35481792633079,-9.754577767604635,1,15.646458333333333
lajedo|PE,lajedo,PE,Northeast,-36.32359638002987,-8.661555968819814,6,14.52535686728395
lajinha|MG,lajinha,MG,Southeast,-41.62052168870762,-20.151504478916767,3,9.882145061728394
lamarao|BA,lamarao,BA,Northeast,-38.88365094145973,-11.795649902432892,1,9.717175925925925
lambari|MG,lambari,MG,Southeast,-45.349323055945256,-21.974296272308592,8,11.892783564814815
lamim|MG,lamim,MG,Southeast,-43.47312730010208,-20.788742170839136,1,15.341516203703703
lapa|PR,lapa,PR,South,-49.72022327777802,-25.76621577893401,14,12.730395998677249
laranja da terra|ES,laranja da terra,ES,Southeast,-41.05661635852334,-19.89829303352684,1,18.855891203703703
laranjal do jari|AP,laranjal do jari,AP,North,-52.52064008447096,-0.8400280364528813,2,26.18043402777778
laranjal paulista|SP,laranjal paulista,SP,Southeast,-47.83614945236365,-23.052705625933136,17,12.12355936819172
laranjal|MG,laranjal,MG,Southeast,-42.47769998765439,-21.36477477293513,1,8.027384259259259
laranjal|PR,laranjal,PR,South,-52.47338531278709,-24.89006801342847,1,21.156238425925928
laranjeiras do sul|PR,laranjeiras do sul,PR,South,-52.4116721980017,-25.406665878440407,19,11.778712231968811
laurentino|SC,laurentino,SC,South,-49.730939088275846,-27.222002197732333,5,18.190627314814815
lauro de freitas|BA,lauro de freitas,BA,Northeast,-38.31168489141462,-12.88473197640749,71,17.618950834637456
lauro muller|SC,lauro muller,SC,South,-49.396865005459915,-28.3904828196052,8,17.826809895833332
lavinia|SP,lavinia,SP,Southeast,-51.04260008836805,-21.16727485481273,4,8.378365162037037
lavras da mangabeira|CE,lavras da mangabeira,CE,Northeast,-38.966945186115346,-6.753351594328776,2,12.475439814814814
lavras do sul|RS,lavras do sul,RS,South,-53.90072530178445,-30.81055996682582,3,10.971423611111112
lavras|MG,lavras,MG,Southeast,-44.99836509644241,-21.24481728187358,79,16.016749882794187
lavrinhas|SP,lavrinhas,SP,Southeast,-44.92369619430949,-22.562988575962095,1,12.244293981481482
leandro ferreira|MG,leandro ferreira,MG,Southeast,-45.025079119876025,-19.716294912892515,2,12.288628472222221
leme|SP,leme,SP,Southeast,-47.381182005942904,-22.18674446677089,49,10.92019392479214
lencois paulista|SP,lencois paulista,SP,Southeast,-48.79959560964876,-22.599104624433256,43,9.024608365633075
lencois|BA,lencois,BA,Northeast,-41.38956161978423,-12.562304992926002,1,12.047372685185184
leoberto leal|SC,leoberto leal,SC,South,-49.28753948115703,-27.508016935879684,1,33.80577546296296
leopoldina|MG,leopoldina,MG,Southeast,-42.64068767726689,-21.53139691635985,17,11.652785947712418
leopoldo de bulhoes|GO,leopoldo de bulhoes,GO,Central-West,-48.74287418649165,-16.62177781648658,1,18.22653935185185
leopolis|PR,leopolis,PR,South,-50.750213783912216,-23.079655253340206,1,14.936111111111112
liberato salzano|RS,liberato salzano,RS,South,-53.07477781616786,-27.60017038076796,1,11.642233796296296
liberdade|MG,liberdade,MG,Southeast,-44.320234850153355,-22.026875620838414,3,8.944895833333334
lima duarte|MG,lima duarte,MG,Southeast,-43.79507354242558,-21.844365300067388,6,13.859697145061729
limeira do oeste|MG,limeira do oeste,MG,Southeast,-50.578676050779464,-19.550493415347287,2,27.97457175925926
limeira|SP,limeira,SP,Southeast,-47.40879928660274,-22.56837653077375,183,8.44539029295689
limoeiro do norte|CE,limoeiro do norte,CE,Northeast,-38.096363432305225,-5.148467999999998,11,19.1356734006734
limoeiro|PE,limoeiro,PE,Northeast,-35.44741665339606,-7.879504362922869,7,22.045271164021162
lindoeste|PR,lindoeste,PR,South,-53.57525385622262,-25.260406330556417,2,14.588414351851851
lindoia do sul|SC,lindoia do sul,SC,South,-52.08577013050033,-27.05190374892221,1,9.8483680555555555
lindoia|SP,lindoia,SP,Southeast,-46.64756741512481,-22.522864316107068,9,9.876891718106997
lindolfo collor|RS,lindolfo collor,RS,South,-51.20574112077987,-29.59935976512044,1,9.105729166666666
linhares|ES,linhares,ES,Southeast,-40.0579167622179,-19.39249526706558,63,13.630255364491475
lins|SP,lins,SP,Southeast,-49.75706520613485,-21.6736142894858,54,12.357026748971194
livramento de nossa senhora|BA,livramento de nossa senhora,BA,Northeast,-41.8425807959674,-13.647714613058108,5,14.701261574074074
loanda|PR,loanda,PR,South,-53.13643816611373,-22.93040826023513,13,11.184126602564103
lobato|PR,lobato,PR,South,-51.95186529600022,-23.011183378298185,3,19.784564043209876
londrina|PR,londrina,PR,South,-51.1673625,-23.312708528449416,297,11.276247389013593
lontras|SC,lontras,SC,South,-49.54017665954211,-27.17077254348396,3,15.06176311728395
lorena|SP,lorena,SP,Southeast,-45.11541069830917,-22.741045192206663,80,11.041162181712963
loreto|MA,loreto,MA,Northeast,-45.13750679905472,-7.086485108360601,1,18.04513888888889
lourdes|SP,lourdes,SP,Southeast,-50.225531203594926,-20.965762091620658,2,15.216741898148147
louveira|SP,louveira,SP,Southeast,-46.954171930582575,-23.086036875382305,43,11.876225506029286
lucas do rio verde|MT,lucas do rio verde,MT,Central-West,-55.91917142615319,-13.069834727942652,23,19.840324074074076
lucelia|SP,lucelia,SP,Southeast,-51.019558263941654,-21.72326963958982,12,11.865634645061728
lucena|PB,lucena,PB,Northeast,-34.868912391045335,-6.9306786089546515,1,36.04675925925926
lucianopolis|SP,lucianopolis,SP,Southeast,-49.52220191387249,-22.43093421200132,1,11.850833333333334
luis antonio|SP,luis antonio,SP,Southeast,-47.70050114604854,-21.55431114847907,7,9.081342592592593
luis correia|PI,luis correia,PI,Northeast,-41.66019410041544,-2.882177206369019,1,20.124791666666667
luis eduardo magalhaes|BA,luis eduardo magalhaes,BA,Northeast,-45.79618023024447,-12.08925543763249,36,21.843697916666667
luisburgo|MG,luisburgo,MG,Southeast,-42.103564214398126,-20.439748924648413,1,14.328472222222222
luiz alves|SC,luiz alves,SC,South,-48.910733996757976,-26.712764458431977,2,11.242864583333334
luiziana|PR,luiziana,PR,South,-52.27593230268512,-24.285677240949788,2,10.755289351851852
luiziania|SP,luiziania,SP,Southeast,-50.3284179350587,-21.67535270745588,3,6.4585995370370375
luizlandia do oeste|MG,luizlandia do oeste,MG,Southeast,-49.26334299589584,-16.68752740840022,2,17.728871527777777
luminarias|MG,luminarias,MG,Southeast,-44.90303238758407,-21.511037943831976,3,15.036060956790124
lunardelli|PR,lunardelli,PR,South,-51.743007314268155,-24.07852007530372,2,17.004322916666666
lupercio|SP,lupercio,SP,Southeast,-49.817860633575876,-22.414948932952957,3,9.136631944444444
lupionopolis|PR,lupionopolis,PR,South,-51.65811348139744,-22.755214197178173,2,14.747494212962962
lutecia|SP,lutecia,SP,Southeast,-50.39276298840477,-22.33913826238127,1,9.072407407407407
luziania|GO,luziania,GO,Central-West,-47.95471518732214,-16.249924225077788,30,13.408617669753086
luzilandia|PI,luzilandia,PI,Northeast,-42.36996855947915,-3.460927992738546,3,21.240659722222222
luz|MG,luz,MG,Southeast,-45.68132247197748,-19.794082895546886,2,13.7421875
macae|RJ,macae,RJ,Southeast,-41.784916340966845,-22.38290092043735,222,17.46120479854855
macaiba|RN,macaiba,RN,Northeast,-35.3498149380262,-5.856355235489476,5,21.044988425925926
macambara|RS,macambara,RS,South,-56.06641226263275,-29.148267812365418,2,17.54222222222222
macambira|SE,macambira,SE,Northeast,-37.54262934137765,-10.666070019560696,1,35.836354166666666
macaparana|PE,macaparana,PE,Northeast,-35.45035391136143,-7.554112157018084,2,9.692945601851852
macapa|AP,macapa,AP,North,-51.062590688261295,0.03489295737761646,52,24.69565705128205
macatuba|SP,macatuba,SP,Southeast,-48.71754721686363,-22.51322529681131,12,10.716866319444444
macaubas|BA,macaubas,BA,Northeast,-42.6940706350244,-13.018238266412734,8,27.849267939814816
macau|RN,macau,RN,Northeast,-36.63321115967305,-5.112587778573852,5,21.467425925925923
macedonia|SP,macedonia,SP,Southeast,-50.195603250000005,-20.146467305729395,4,9.825517939814814
maceio|AL,maceio,AL,Northeast,-35.725373025809354,-9.632971026920206,235,25.732329787234043
machacalis|MG,machacalis,MG,Southeast,-40.718192719027265,-17.076467676654154,2,11.80728587962963
machadinho d'oeste|RO,machadinho d'oeste,RO,North,-62.00240618076608,-9.425537217792286,3,24.64528549382716
machadinho|RS,machadinho,RS,South,-51.66817612776451,-27.567702497641726,1,65.79159722222222
machados|PE,machados,PE,Northeast,-35.51523698759426,-7.686090000000002,1,14.154791666666666
machado|MG,machado,MG,Southeast,-45.92160843709808,-21.680280267709847,21,12.519871031746032
macieira|SC,macieira,SC,South,-51.37545811192968,-26.855912252440515,1,22.141331018518517
macuco de minas|MG,macuco de minas,MG,Southeast,-44.76210187580432,-21.28254569184987,1,16.10886574074074
macuco|RJ,macuco,RJ,Southeast,-42.25191374512157,-21.98342615449177,1,13.053900462962963
madalena|CE,madalena,CE,Northeast,-39.573173332638575,-4.850886666110852,1,22.76037037037037
madre de deus de minas|MG,madre de deus de minas,MG,Southeast,-44.33219212607048,-21.48224736960269,3,16.086053240740743
madre de deus|BA,madre de deus,BA,Northeast,-38.615320272863045,-12.741730341397567,7,18.180717592592593
mae d'agua|PB,mae d'agua,PB,Northeast,-37.426544581682464,-7.25785955146032,1,13.032754629629629
mae do rio|PA,mae do rio,PA,North,-47.55477419367378,-2.045555563184317,2,25.421730324074076
mafra|SC,mafra,SC,South,-49.81014356799168,-26.12368768391795,25,12.870000462962963
magalhaes de almeida|MA,magalhaes de almeida,MA,Northeast,-42.20607866023042,-3.3953753112907563,1,25.08244212962963
magda|SP,magda,SP,Southeast,-50.22329714108505,-20.64556327245253,2,6.813912037037037
mage|RJ,mage,RJ,Southeast,-43.15922788529016,-22.64887761193259,102,13.227641271786492
maiquinique|BA,maiquinique,BA,Northeast,-40.26348070952356,-15.619993483759323,1,16.139270833333335
mairinque|SP,mairinque,SP,Southeast,-47.19010685592537,-23.542371685756248,24,10.802694830246914
mairipora|SP,mairipora,SP,Southeast,-46.58973137816835,-23.322352248071105,75,8.20977175925926
mairi|BA,mairi,BA,Northeast,-40.14986729571574,-11.710539980204132,2,14.524392361111111
major vieira|SC,major vieira,SC,South,-50.327054276602226,-26.365684064704325,3,12.291473765432098
malacacheta|MG,malacacheta,MG,Southeast,-42.07921679795352,-17.84602073837803,6,14.869496527777779
malhador|SE,malhador,SE,Northeast,-37.306933443589166,-10.658443860791625,1,21.682083333333335
mallet|PR,mallet,PR,South,-50.82749075826996,-25.884216144675257,6,11.877702546296296
mamanguape|PB,mamanguape,PB,Northeast,-35.1258813045852,-6.836752023202399,6,25.45233989197531
mambai|GO,mambai,GO,Central-West,-46.111957309519305,-14.494387045136037,2,11.552146990740741
mambore|PR,mambore,PR,South,-52.52943843154543,-24.314531402289155,8,15.099094328703703
mamonas|MG,mamonas,MG,Southeast,-42.95271036298868,-15.048060958072707,1,15.139872685185185
manaira|PB,manaira,PB,Northeast,-38.15581683769214,-7.707566133392543,1,15.991817129629629
manaus|AM,manaus,AM,North,-60.01020551636287,-3.0877671471577344,137,26.46490014193025
mandaguacu|PR,mandaguacu,PR,South,-52.097729995258916,-23.346041610911996,4,11.488541666666666
mandaguari|PR,mandaguari,PR,South,-51.67660312131849,-23.522169194460325,18,14.125790895061728
mandirituba|PR,mandirituba,PR,South,-49.32567120533014,-25.774917402461387,1,30.15804398148148
manduri|SP,manduri,SP,Southeast,-49.31771619174537,-23.006100140694915,3,8.231288580246915
manfrinopolis|PR,manfrinopolis,PR,South,-53.30937474560909,-26.14346340346807,1,12.398067129629629
mangaratiba|RJ,mangaratiba,RJ,Southeast,-44.03538,-22.94104597120424,12,19.493224344135804
manga|MG,manga,MG,Southeast,-43.935710644450026,-14.755301958433925,3,10.264733796296296
mangueirinha|PR,mangueirinha,PR,South,-52.17484476835637,-25.941166826552763,8,18.46025173611111
manhuacu|MG,manhuacu,MG,Southeast,-42.03398861864436,-20.25624491956578,64,11.48341579861111
manhumirim|MG,manhumirim,MG,Southeast,-41.95832428001232,-20.356331322476656,16,12.609019820601851
manoel ribas|PR,manoel ribas,PR,South,-51.66898385040216,-24.515866052353243,4,20.223148148148148
manoel urbano|AC,manoel urbano,AC,North,-69.26237687665842,-8.83893545814722,1,12.469050925925925
manoel viana|RS,manoel viana,RS,South,-55.48404747119544,-29.58884672634437,3,16.979502314814816
mansidao|BA,mansidao,BA,Northeast,-44.03490962562292,-10.718925363098435,1,12.027731481481482
mantena|MG,mantena,MG,Southeast,-40.98233943400835,-18.778876939686782,10,13.32792361111111
mantenopolis|ES,mantenopolis,ES,Southeast,-41.12142234061895,-18.86220828038126,4,8.366276041666666
maquine|RS,maquine,RS,South,-50.20609383311558,-29.674313976067793,1,15.294988425925926
mar de espanha|MG,mar de espanha,MG,Southeast,-43.00812266988549,-21.864353127850947,9,10.992847222222222
mar vermelho|AL,mar vermelho,AL,Northeast,-36.387711825813625,-9.451208581887236,2,12.99829861111111
mara rosa|GO,mara rosa,GO,Central-West,-49.17903468897963,-14.017692127211063,2,18.228333333333335
maraba|PA,maraba,PA,North,-49.11877926683461,-5.368370463928294,21,25.876135912698413
maracacume|MA,maracacume,MA,Northeast,-45.95717809214692,-2.0463877432014783,4,20.49855324074074
maracai|SP,maracai,SP,Southeast,-50.66835212800474,-22.612725827643096,7,8.700028108465608
maracaju|MS,maracaju,MS,Central-West,-55.16264905910546,-21.624848211615983,13,15.497024572649572
maracanau|CE,maracanau,CE,Northeast,-38.614460059999956,-3.8693024798564384,29,21.418846184546616
maracana|SC,maracana,SC,South,-49.45228712295371,-28.86100263994921,2,13.604600694444445
maracas|BA,maracas,BA,Northeast,-40.43356024720803,-13.439696827874164,5,12.422074074074075
maragogipe|BA,maragogipe,BA,Northeast,-38.91676673192304,-12.778077194072882,2,17.419849537037038
maragogi|AL,maragogi,AL,Northeast,-35.22251120919649,-9.012057256338917,5,33.507164351851856
maranguape|CE,maranguape,CE,Northeast,-38.68301314380476,-3.8965961502793176,3,18.98961033950617
maranhaozinho|MA,maranhaozinho,MA,Northeast,-45.858779952057795,-2.244517173586477,1,29.020127314814815
marataizes|ES,marataizes,ES,Southeast,-40.8173252110489,-21.029499135744356,16,13.530415219907407
marau|RS,marau,RS,South,-52.200140304573225,-28.447361138467933,20,13.013096064814814
maravilhas|MG,maravilhas,MG,Southeast,-44.675739783582614,-19.513873033626606,4,7.880943287037037
maravilha|AL,maravilha,AL,Northeast,-37.351242395668066,-9.231736927151,2,24.318315972222223
maravilha|SC,maravilha,SC,South,-53.182333681184865,-26.767435213108254,9,18.031900720164607
marcelino vieira|RN,marcelino vieira,RN,Northeast,-38.16103663400958,-6.294895929599387,1,78.18239583333333
marcos parente|PI,marcos parente,PI,Northeast,-43.89051074841007,-7.122169999999926,1,11.069756944444444
marco|CE,marco,CE,Northeast,-40.14862607529205,-3.121340437205527,3,18.014031635802468
marechal candido rondon|PR,marechal candido rondon,PR,South,-54.05625021025181,-24.55728630994457,30,14.865015046296296
marechal deodoro|AL,marechal deodoro,AL,Northeast,-35.84784491977605,-9.724170699914287,1,19.774965277777778
marechal floriano|ES,marechal floriano,ES,Southeast,-40.67663071762754,-20.412246929281157,5,14.802854166666666
maria da fe|MG,maria da fe,MG,Southeast,-45.3739122891593,-22.308376792710277,3,10.694259259259258
marialva|PR,marialva,PR,South,-51.79720835040352,-23.484229918795755,16,13.429925491898148
mariana|MG,mariana,MG,Southeast,-43.41744554260201,-20.373626262192097,33,12.109271534792368
mariano moro|RS,mariano moro,RS,South,-52.14591167355646,-27.35417595349777,1,5.942199074074074
mariapolis|SP,mariapolis,SP,Southeast,-51.18208883660527,-21.796119005923835,2,9.96078125
maribondo|AL,maribondo,AL,Northeast,-36.303998814147164,-9.577198924076276,1,17.107060185185187
marica|RJ,marica,RJ,Southeast,-42.88783827716344,-22.925136313501376,130,16.868712873931624
mariental|PR,mariental,PR,South,-49.298553,-25.50943247821568,1,20.207766203703702
marilac|MG,marilac,MG,Southeast,-42.0819274930971,-18.5085533547538,1,9.351724537037038
marilandia do sul|PR,marilandia do sul,PR,South,-51.30505827107321,-23.74614244672373,1,12.05162037037037
marilandia|ES,marilandia,ES,Southeast,-40.5436216264985,-19.412168952136533,8,15.741659432870371
marilena|PR,marilena,PR,South,-53.032827804894424,-22.73773431887325,1,13.114351851851852
marilia|SP,marilia,SP,Southeast,-49.947294336805335,-22.210601786438325,192,9.900769314236111
mariluz|PR,mariluz,PR,South,-53.1487391117597,-24.00721391896477,2,12.65810763888889
maringa|PR,maringa,PR,South,-51.93507277308207,-23.4196947375498,258,12.216232908053403
marinopolis|SP,marinopolis,SP,Southeast,-50.823212222965566,-20.44184566357639,2,6.47136574074074
mario campos|MG,mario campos,MG,Southeast,-44.18405603933445,-20.056715869541005,3,10.381041666666667
mariopolis|PR,mariopolis,PR,South,-52.55450575182658,-26.35497150472119,1,11.176898148148148
maripa|PR,maripa,PR,South,-53.83050105697322,-24.418284950351193,3,16.2963387345679
maristela|SP,maristela,SP,Southeast,-47.89509625959579,-23.038737694836765,4,18.096440972222222
marituba|PA,marituba,PA,North,-48.338657652026114,-1.3667488537613912,14,25.60231150793651
mari|PB,mari,PB,Northeast,-35.316197086100644,-7.058760517666207,3,15.43750385802469
marmeleiro|PR,marmeleiro,PR,South,-53.03081268920672,-26.149502121951713,7,24.84001984126984
marques de souza|RS,marques de souza,RS,South,-52.09929475098524,-29.32625864496012,1,28.7578125
martinesia|MG,martinesia,MG,Southeast,-48.17591170124266,-18.947673738116592,1,10.068472222222223
martinho campos|MG,martinho campos,MG,Southeast,-45.23841835488146,-19.328890295049863,2,7.658194444444444
martinopolis|SP,martinopolis,SP,Southeast,-51.1718395743982,-22.149698145529893,8,9.498891782407407
martins soares|MG,martins soares,MG,Southeast,-41.87710453336336,-20.258354643791325,6,11.72711612654321
martins|RN,martins,RN,Northeast,-37.9116564789656,-6.089348134670923,2,14.615104166666667
mascote|BA,mascote,BA,Northeast,-39.407656515254466,-15.5679798308451,2,26.11057291666667
massape|CE,massape,CE,Northeast,-40.34302662785753,-3.5229639844619816,2,17.91320601851852
massaranduba|SC,massaranduba,SC,South,-49.00620417524838,-26.6106124562893,3,18.37127700617284
mata de sao joao|BA,mata de sao joao,BA,Northeast,-38.29707501748269,-12.530544151256535,10,21.872193287037035
mata grande|AL,mata grande,AL,Northeast,-37.73112626610862,-9.118185299007378,2,20.581475694444443
mata roma|MA,mata roma,MA,Northeast,-43.113998235147854,-3.621806529386368,2,20.342690972222222
mata verde|MG,mata verde,MG,Southeast,-40.73975040908559,-15.68761799500826,5,11.653590277777777
matao|SP,matao,SP,Southeast,-48.364117950098276,-21.60420797769884,50,9.84884050925926
mata|RS,mata,RS,South,-54.45596096029338,-29.563884053065262,1,9.09357638888889
matelandia|PR,matelandia,PR,South,-53.978154780038146,-25.24072690949273,2,11.128570601851852
materlandia|MG,materlandia,MG,Southeast,-43.06021304118754,-18.473372132149052,2,10.677609953703703
mateus leme|MG,mateus leme,MG,Southeast,-44.43044527644809,-19.989037300364373,8,12.577782118055556
matias barbosa|MG,matias barbosa,MG,Southeast,-43.318429878503636,-21.87070053883194,12,17.165731095679014
matias olimpio|PI,matias olimpio,PI,Northeast,-42.55546319093487,-3.7150748699828484,1,11.081643518518518
matinhos|PR,matinhos,PR,South,-48.53977422405385,-25.819017540003703,27,11.991777692043895
matipo|MG,matipo,MG,Southeast,-42.340625840730375,-20.28612386942528,4,9.395972222222222
mato leitao|RS,mato leitao,RS,South,-52.12641373400003,-29.524349999999945,2,13.614207175925927
mato rico|PR,mato rico,PR,South,-52.150794491325065,-24.70357805783763,1,13.132418981481482
mato verde|MG,mato verde,MG,Southeast,-42.8603895,-15.395424173430523,3,7.899344135802469
matoes do norte|MA,matoes do norte,MA,Northeast,-44.55874198755373,-3.6303331421674048,2,43.014375
matoes|MA,matoes,MA,Northeast,-43.203422404981126,-5.521744400051782,1,15.153773148148149
matozinhos|MG,matozinhos,MG,Southeast,-44.079038380544326,-19.56312578114846,12,8.607086226851852
matrincha|GO,matrincha,GO,Central-West,-50.74492289650541,-15.435740556269902,2,15.998721064814816
matriz de camaragibe|AL,matriz de camaragibe,AL,Northeast,-35.53335727211882,-9.156437595719355,1,11.897835648148147
matupa|MT,matupa,MT,Central-West,-54.92944250846987,-10.172726999999997,7,12.718981481481482
matutina|MG,matutina,MG,Southeast,-45.96956546234219,-19.22229440217035,2,6.664797453703704
maua da serra|PR,maua da serra,PR,South,-51.226266294368486,-23.897440699780528,2,10.584438657407407
maua|SP,maua,SP,Southeast,-46.45081654830993,-23.670394104622392,313,8.831526224707135
maurilandia|GO,maurilandia,GO,Central-West,-50.33972184853396,-17.972648500477398,4,13.351594328703703
mauriti|CE,mauriti,CE,Northeast,-38.77462040431432,-7.3870306374723285,1,24.889652777777776
maximiliano de almeida|RS,maximiliano de almeida,RS,South,-51.80385085372652,-27.63229305709563,3,10.373912037037037
medeiros neto|BA,medeiros neto,BA,Northeast,-40.222468158284485,-17.37305401784472,7,16.140636574074072
medeiros|MG,medeiros,MG,Southeast,-46.219988805824784,-19.99646648421225,2,12.05607638888889
medianeira|PR,medianeira,PR,South,-54.09528282563785,-25.295796800882325,21,14.027511574074074
medicilandia|PA,medicilandia,PA,North,-52.89115463919715,-3.4517309537575014,1,36.25688657407407
medina|MG,medina,MG,Southeast,-41.47848080308121,-16.22635691312604,5,16.435513888888888
meleiro|SC,meleiro,SC,South,-49.63180879032156,-28.831913323844148,3,15.117573302469136
mendes pimentel|MG,mendes pimentel,MG,Southeast,-41.404821059461646,-18.660136453970154,5,9.103550925925926
mendes|RJ,mendes,RJ,Southeast,-43.73639999999998,-22.526205551600853,11,8.773378577441077
mendonca|MG,mendonca,MG,Southeast,-43.35523022384441,-21.77059918122806,1,28.289375
mendonca|SP,mendonca,SP,Southeast,-49.57923664527502,-21.184497576820245,4,12.397445023148148
mercedes|PR,mercedes,PR,South,-54.16408974776349,-24.453407512521622,1,38.216956018518516
merces|MG,merces,MG,Southeast,-43.34142632600967,-21.196721882192616,4,19.55790509259259
meridiano|SP,meridiano,SP,Southeast,-50.17426346499293,-20.356239618743267,1,5.250775462962963
meruoca|CE,meruoca,CE,Northeast,-40.45753460240587,-3.5399000602352277,2,21.601828703703703
mesquita|MG,mesquita,MG,Southeast,-42.61346501346776,-19.22648465424472,1,10.972546296296295
mesquita|RJ,mesquita,RJ,Southeast,-43.4247207169429,-22.781514193726554,73,14.21912227295789
messias targino|RN,messias targino,RN,Northeast,-37.51449013025185,-6.079277221816363,1,14.749467592592593
miguel calmon|BA,miguel calmon,BA,Northeast,-40.59745750437225,-11.430460469498792,5,45.68297916666666
miguel pereira|RJ,miguel pereira,RJ,Southeast,-43.46995999999996,-22.454208324425295,27,14.577685185185185
miguelopolis|SP,miguelopolis,SP,Southeast,-48.02585889278285,-20.18269909955703,14,9.450625826719577
milagres|BA,milagres,BA,Northeast,-39.860892153720954,-12.86594517097567,2,18.185619212962962
milagres|CE,milagres,CE,Northeast,-38.94460767504994,-7.312662848968314,2,8.711116898148148
milha|CE,milha,CE,Northeast,-39.19440203164771,-5.676580228529606,2,17.75787037037037
mimoso de goias|GO,mimoso de goias,GO,Central-West,-48.162097409277266,-15.058871369808053,1,7.860601851851852
mimoso do sul|ES,mimoso do sul,ES,Southeast,-41.36313505093294,-21.06171922205094,9,14.95440715020576
minacu|GO,minacu,GO,Central-West,-48.218463795694575,-13.52993648050779,10,13.74116087962963
minas do leao|RS,minas do leao,RS,South,-52.04573751182782,-30.13927962363236,1,12.089444444444444
minas novas|MG,minas novas,MG,Southeast,-42.58941076176692,-17.22082692099123,4,12.433313078703705
minduri|MG,minduri,MG,Southeast,-44.59912068316466,-21.68196633642923,1,6.349571759259259
mineiros do tiete|SP,mineiros do tiete,SP,Southeast,-48.45158291779485,-22.41266271777723,3,8.077403549382716
mineiros|GO,mineiros,GO,Central-West,-52.548089312017424,-17.55693279765454,25,13.267296296296296
ministro andreazza|RO,ministro andreazza,RO,North,-61.51993749909266,-11.19815999999999,1,17.211458333333333
mira estrela|SP,mira estrela,SP,Southeast,-50.1366453920656,-19.97878529803598,1,10.644039351851852
miracatu|SP,miracatu,SP,Southeast,-47.454631298734306,-24.284409634662858,4,11.229204282407407
miracema|RJ,miracema,RJ,Southeast,-42.19823122564208,-21.41176520098328,17,14.27380991285403
miradouro|MG,miradouro,MG,Southeast,-42.344239341280094,-20.89045245513346,1,11.725833333333334
miraguai|RS,miraguai,RS,South,-53.685096836808484,-27.490369627617724,1,5.095983796296296
miraima|CE,miraima,CE,Northeast,-39.96859384107746,-3.5683480593504213,2,25.67508101851852
mirai|MG,mirai,MG,Southeast,-42.61458274339288,-21.196942023774103,8,11.663446180555557
miranda do norte|MA,miranda do norte,MA,Northeast,-44.58332973503095,-3.565526684874679,1,16.770995370370372
miranda|MS,miranda,MS,Central-West,-56.380958561629626,-20.240340646209944,4,11.444059606481481
mirandiba|PE,mirandiba,PE,Northeast,-38.72903863442301,-8.122101093862518,3,10.871755401234568
mirandopolis|SP,mirandopolis,SP,Southeast,-51.10328439406817,-21.134712204873303,12,10.360873842592593
miranorte|TO,miranorte,TO,North,-48.59190725821084,-9.537258549704145,2,27.482118055555556
mirante da serra|RO,mirante da serra,RO,North,-62.67108095781101,-11.030273896660464,1,17.045150462962962
mirante do paranapanema|SP,mirante do paranapanema,SP,Southeast,-51.90759816817474,-22.295184933553475,3,11.314564043209876
mirassol d'oeste|MT,mirassol d'oeste,MT,Central-West,-58.089298941659536,-15.675597140895494,14,16.568037367724866
mirassol|SP,mirassol,SP,Southeast,-49.50746551808157,-20.815284251516896,29,9.801700590676884
miravania|MG,miravania,MG,Southeast,-44.410055108092934,-14.749446454070547,1,13.502106481481482
mirinzal|MA,mirinzal,MA,Northeast,-44.78273999999999,-2.0668208494169655,3,19.18658950617284
missal|PR,missal,PR,South,-54.24465858348745,-25.09125837363345,7,18.94061507936508
missao velha|CE,missao velha,CE,Northeast,-39.14203725000001,-7.249209796467104,1,23.76550925925926
mocajuba|PA,mocajuba,PA,North,-49.50650418984154,-2.5797126646766677,1,30.847974537037036
mococa|SP,mococa,SP,Southeast,-47.00531582543479,-21.46659046556102,33,9.81759820426487
moeda|MG,moeda,MG,Southeast,-44.05325770346866,-20.33171231774106,1,6.248622685185185
moema|MG,moema,MG,Southeast,-45.41330468831548,-19.842823426718734,1,11.39398148148148
mogi das cruzes|SP,mogi das cruzes,SP,Southeast,-46.19054482764663,-23.52821852883758,366,7.738009480621332
mogi mirim|SP,mogi mirim,SP,Southeast,-46.96442091571881,-22.436760384124867,75,7.844909259259259
mogi-guacu|SP,mogi-guacu,SP,Southeast,-46.93846334133782,-22.355234634875504,88,9.763203782617845
mogi-mirim|SP,mogi-mirim,SP,Southeast,-46.96852129141904,-22.418709706012145,2,5.897835648148148
mojui dos campos|PA,mojui dos campos,PA,North,-54.641590541463295,-2.681821177397352,2,27.957552083333333
moju|PA,moju,PA,North,-48.76687164926332,-1.8898549954497168,4,25.72755787037037
mombaca|CE,mombaca,CE,Northeast,-39.62807679463587,-5.744598364220554,1,18.225069444444443
mombuca|SP,mombuca,SP,Southeast,-47.56319365342264,-22.92940931834325,3,17.218638117283948
moncao|MA,moncao,MA,Northeast,-45.251258948912906,-3.485993283808376,1,12.990092592592593
moncoes|SP,moncoes,SP,Southeast,-50.09000253258576,-20.85293079465043,2,10.77923611111111
mondai|SC,mondai,SC,South,-53.399274195411415,-27.1017773185697,2,11.470850694444444
mongagua|SP,mongagua,SP,Southeast,-46.667482359857104,-24.112863197007353,40,11.310998263888889
monsenhor paulo|MG,monsenhor paulo,MG,Southeast,-45.54212194584337,-21.75799999999998,1,9.375381944444445
monsenhor tabosa|CE,monsenhor tabosa,CE,Northeast,-40.065232646150605,-4.79265151578855,3,20.969648919753087
montadas|PB,montadas,PB,Northeast,-35.95801081737413,-7.086548064765291,1,36.29952546296296
montalvania|MG,montalvania,MG,Southeast,-44.36903497386772,-14.422046081581517,3,16.867283950617285
montanhas|RN,montanhas,RN,Northeast,-35.28867529061041,-6.489401487553692,1,12.845520833333333
montanha|ES,montanha,ES,Southeast,-40.36198462361434,-18.127554689346876,8,10.640555555555554
montauri|RS,montauri,RS,South,-52.07641933328173,-28.653837582959454,2,13.021030092592593
monte alegre de minas|MG,monte alegre de minas,MG,Southeast,-48.87903889047985,-18.868246639603573,4,7.729195601851852
monte alegre de sergipe|SE,monte alegre de sergipe,SE,Northeast,-37.56364136202046,-10.028529456530032,1,19.784247685185186
monte alegre do sul|SP,monte alegre do sul,SP,Southeast,-46.974548121739566,-22.698782160568776,6,7.631981095679012
monte alegre|PA,monte alegre,PA,North,-54.06969363333113,-2.00144797576012,1,24.11019675925926
monte alegre|RN,monte alegre,RN,Northeast,-35.334023611830716,-6.06770159240466,1,11.018136574074074
monte alto|SP,monte alto,SP,Southeast,-48.495645,-21.263914108288613,32,10.048160083912038
monte alverne|RS,monte alverne,RS,South,-52.389486761273076,-29.63334025597507,1,12.044074074074073
monte aprazivel|SP,monte aprazivel,SP,Southeast,-49.711937107379796,-20.771488397804,9,12.447174639917696
monte azul paulista|SP,monte azul paulista,SP,Southeast,-48.641110232682266,-20.905361488327202,19,10.579860501949318
monte azul|MG,monte azul,MG,Southeast,-42.870982537246704,-15.152364395697298,5,14.669511574074075
monte belo do sul|RS,monte belo do sul,RS,South,-51.635838253407826,-29.163277928626055,1,10.846203703703704
monte belo|MG,monte belo,MG,Southeast,-46.368093498940254,-21.326252348603074,5,12.51675
monte bonito|RS,monte bonito,RS,South,-52.41553423919472,-31.63880715441437,1,31.074479166666666
monte carlo|SC,monte carlo,SC,South,-50.97735245343768,-27.22011394959787,3,11.568800154320988
monte carmelo|MG,monte carmelo,MG,Southeast,-47.49757252964008,-18.72990246179288,23,9.332825583735909
monte castelo|SC,monte castelo,SC,South,-50.22820257716885,-26.459819545003143,1,6.76525462962963
monte castelo|SP,monte castelo,SP,Southeast,-51.567750788645306,-21.299375398773257,1,9.23324074074074
monte formoso|MG,monte formoso,MG,Southeast,-41.254940906085174,-16.866729996774893,2,9.604716435185185
monte gordo|BA,monte gordo,BA,Northeast,-38.084184617585976,-12.62804264782433,1,37.135474537037034
monte mor|SP,monte mor,SP,Southeast,-47.30653160819561,-22.947960386642016,38,11.303943408869396
monte santo de minas|MG,monte santo de minas,MG,Southeast,-46.976469327738386,-21.190455882572863,9,14.253105709876543
monte santo|BA,monte santo,BA,Northeast,-39.33149581697264,-10.438996139264443,1,27.482916666666668
monte siao|MG,monte siao,MG,Southeast,-46.57343370165055,-22.43068953453729,19,12.845238791423002
monte verde|MG,monte verde,MG,Southeast,-46.030274987018394,-22.858040775193498,3,31.533788580246917
monteiropolis|AL,monteiropolis,AL,Northeast,-37.24849386111683,-9.60383932729064,1,34.92863425925926
montenegro|RS,montenegro,RS,South,-51.46313816602653,-29.685849300812553,32,12.816127025462963
montes claros|MG,montes claros,MG,Southeast,-43.86324095489327,-16.726438713451063,205,11.107921635049683
montezuma|MG,montezuma,MG,Southeast,-42.49963329392081,-15.17063023996429,2,17.242112268518518
montividiu do norte|GO,montividiu do norte,GO,Central-West,-48.68993822630988,-13.353154205541037,1,18.18460648148148
morada nova de minas|MG,morada nova de minas,MG,Southeast,-45.356045036532365,-18.601813571952466,3,12.561288580246913
morada nova|CE,morada nova,CE,Northeast,-38.370507967786686,-5.10565452365309,9,18.39378472222222
morada nova|PA,morada nova,PA,North,-49.12499133553474,-5.367055329732242,1,17.93761574074074
moreilandia|PE,moreilandia,PE,Northeast,-39.55012588881277,-7.628361990818581,2,18.045497685185182
moreira sales|PR,moreira sales,PR,South,-53.01007079965152,-24.05043066724441,3,10.321392746913581
moreno|PE,moreno,PE,Northeast,-35.097260008050085,-8.117923820416719,5,14.229277777777778
morpara|BA,morpara,BA,Northeast,-43.27587755787843,-11.564283806391948,2,10.620671296296296
morretes|PR,morretes,PR,South,-48.831785785096734,-25.4781591566974,3,13.008499228395062
morrinhos|CE,morrinhos,CE,Northeast,-40.12416756664208,-3.2289960188415785,4,24.45980613425926
morrinhos|GO,morrinhos,GO,Central-West,-49.11180619402262,-17.733479770995473,14,16.826717923280423
morro agudo de goias|GO,morro agudo de goias,GO,Central-West,-50.05753921816009,-15.31692512208676,1,19.47394675925926
morro agudo|SP,morro agudo,SP,Southeast,-48.05139839044597,-20.72943917276647,9,8.337256944444444
morro da fumaca|SC,morro da fumaca,SC,South,-49.20892298675693,-28.65235703381236,7,10.97670634920635
morro da garca|MG,morro da garca,MG,Southeast,-44.60308392529306,-18.544338064545762,1,14.850034722222222
morro de sao paulo|BA,morro de sao paulo,BA,Northeast,-38.91777758421755,-13.379664287161836,1,23.813877314814814
morro do chapeu|BA,morro do chapeu,BA,Northeast,-41.158478210703606,-11.548337694262967,6,16.896221064814814
morro do ferro|MG,morro do ferro,MG,Southeast,-44.5799427501144,-20.767027612797403,1,12.310138888888888
morro do pilar|MG,morro do pilar,MG,Southeast,-43.38179885091165,-19.21837453084651,1,13.250636574074074
morro grande|SC,morro grande,SC,South,-49.717509546121754,-28.80057223529704,1,19.76769675925926
morro redondo|RS,morro redondo,RS,South,-52.62554248759219,-31.59257613318028,1,14.225844907407408
morro reuter|RS,morro reuter,RS,South,-51.08265829819196,-29.53955345706677,3,12.97917438271605
morro vermelho|MG,morro vermelho,MG,Southeast,-43.694252481961534,-19.960277030532666,1,15.14125
morungaba|SP,morungaba,SP,Southeast,-46.79325865446836,-22.876653901964033,7,10.263115079365079
mossamedes|GO,mossamedes,GO,Central-West,-50.21559308817943,-16.125432176358853,1,13.241400462962963
mossoro|RN,mossoro,RN,Northeast,-37.33975388667655,-5.190036147235065,34,20.17434980936819
mostardas|RS,mostardas,RS,South,-50.91792461855431,-31.105720986518016,11,15.034971590909091
motuca|SP,motuca,SP,Southeast,-48.15000856188345,-21.509230127255858,2,9.497268518518519
mozarlandia|GO,mozarlandia,GO,Central-West,-50.57121144338822,-14.74906291929308,7,15.33256283068783
mucambo|CE,mucambo,CE,Northeast,-40.74550799712108,-3.9056539251047337,1,15.997395833333334
mucuge|BA,mucuge,BA,Northeast,-41.3712510836053,-13.006964375318343,1,10.237488425925926
mucurici|ES,mucurici,ES,Southeast,-40.51944015875085,-18.09463532181922,1,12.861400462962964
mucuri|BA,mucuri,BA,Northeast,-39.54697228936604,-18.080427677962714,7,19.140229828042326
mundo novo|BA,mundo novo,BA,Northeast,-40.471535475448675,-11.858476038529663,1,14.203564814814815
mundo novo|GO,mundo novo,GO,Central-West,-50.27770810368348,-13.772712794490864,2,10.826880787037037
mundo novo|MS,mundo novo,MS,Central-West,-54.28830655320956,-23.9382055073588,3,12.19284336419753
munhoz de melo|PR,munhoz de melo,PR,South,-51.77319815760647,-23.148837550248146,4,16.412219328703703
munhoz|MG,munhoz,MG,Southeast,-46.36205083370973,-22.614051120084035,4,11.977106481481481
muniz freire|ES,muniz freire,ES,Southeast,-41.41385853904322,-20.463511801649492,2,10.059079861111112
muquem do sao francisco|BA,muquem do sao francisco,BA,Northeast,-43.55133312855042,-12.066256988344296,2,16.972158564814812
muqui|ES,muqui,ES,Southeast,-41.34182622919502,-20.953274997597106,3,17.867550154320988
muriae|MG,muriae,MG,Southeast,-42.36636076158465,-21.132255496367456,63,11.47847571281599
murici|AL,murici,AL,Northeast,-35.94495047251242,-9.310788911907633,1,13.87037037037037
muritiba|BA,muritiba,BA,Northeast,-38.98942875,-12.622803516657836,1,7.663449074074074
murucupi|PA,murucupi,PA,North,-48.76087656864421,-1.5654746249551983,1,24.97261574074074
murutinga do sul|SP,murutinga do sul,SP,Southeast,-51.277042170050784,-20.993598058022393,2,9.346666666666668
mussurepe|RJ,mussurepe,RJ,Southeast,-41.25341551332294,-21.842512578489497,1,39.02626157407408
mutuipe|BA,mutuipe,BA,Northeast,-39.50584649713243,-13.228184823758374,4,17.657277199074073
mutum parana|RO,mutum parana,RO,North,-64.54620566428042,-9.295210662863695,1,25.864814814814814
mutum|MG,mutum,MG,Southeast,-41.440484876150514,-19.819046636715825,8,11.975714699074075
mutunopolis|GO,mutunopolis,GO,Central-West,-49.27631620755117,-13.730072659174358,1,21.006203703703704
muzambinho|MG,muzambinho,MG,Southeast,-46.52423987024633,-21.36803251989009,9,13.730322788065843
nacip raydan|MG,nacip raydan,MG,Southeast,-42.24915851252606,-18.454040710477425,1,15.703148148148149
nantes|SP,nantes,SP,Southeast,-51.237708564439885,-22.619672383515827,1,5.448958333333334
nanuque|MG,nanuque,MG,Southeast,-40.3464798270996,-17.843405678766587,25,15.535140740740742
nao-me-toque|RS,nao-me-toque,RS,South,-52.81950741633953,-28.46171415913445,7,18.10076884920635
narandiba|SP,narandiba,SP,Southeast,-51.52378576881859,-22.406817965916034,2,11.251452546296296
natal|RN,natal,RN,Northeast,-35.21378653730722,-5.817677322234381,202,18.288725247524752
natercia|MG,natercia,MG,Southeast,-45.51187059133844,-22.118826352137233,1,13.021481481481482
natividade da serra|SP,natividade da serra,SP,Southeast,-45.444301866968466,-23.377335668731536,1,14.94099537037037
natividade|RJ,natividade,RJ,Southeast,-41.973743180047386,-21.044337571676227,14,15.599484953703703
natividade|TO,natividade,TO,North,-47.72555549601093,-11.706932288672249,1,10.938391203703704
navegantes|SC,navegantes,SC,South,-48.65193750938463,-26.89059349827484,31,13.133612231182795
navirai|MS,navirai,MS,Central-West,-54.20014379020705,-23.06114075365084,8,20.218956886574073
nazare da mata|PE,nazare da mata,PE,Northeast,-35.22483272072237,-7.741496431358764,1,16.25803240740741
nazare paulista|SP,nazare paulista,SP,Southeast,-46.39657987222844,-23.17916027128887,7,9.422638888888889
nazareno|MG,nazareno,MG,Southeast,-44.61439038668769,-21.21801470244464,2,6.663570601851852
nazare|BA,nazare,BA,Northeast,-39.028784254314175,-13.025947815305006,3,13.4840625
nazario|GO,nazario,GO,Central-West,-49.88257767947121,-16.580630472706815,2,15.311701388888888
neopolis|SE,neopolis,SE,Northeast,-36.5773439964007,-10.319987863284457,1,20.074837962962963
nepomuceno|MG,nepomuceno,MG,Southeast,-45.23503525381257,-21.235511065863147,9,14.465873199588478
neropolis|GO,neropolis,GO,Central-West,-49.22242531709503,-16.40623184585344,7,13.297852182539682
neves paulista|SP,neves paulista,SP,Southeast,-49.63200751332374,-20.84393830631697,3,9.322912808641975
nhandeara|SP,nhandeara,SP,Southeast,-50.04237071280033,-20.69388606223859,7,11.982936507936508
nilopolis|RJ,nilopolis,RJ,Southeast,-43.41628252879276,-22.80930209839471,99,14.371685255331089
nipoa|SP,nipoa,SP,Southeast,-49.777691126338695,-20.913223286992167,2,8.050850694444446
niquelandia|GO,niquelandia,GO,Central-West,-48.45892788920529,-14.468654381928491,13,14.582283653846154
niteroi|RJ,niteroi,RJ,Southeast,-43.0995147477723,-22.903166252842077,812,14.702144510582011
nobres|MT,nobres,MT,Central-West,-56.33042838244035,-14.720892452367378,1,14.110740740740741
nonoai|RS,nonoai,RS,South,-52.77325002891834,-27.36838514338261,2,12.062366898148149
nortelandia|MT,nortelandia,MT,Central-West,-56.80388008502467,-14.452914340131471,1,15.987743055555555
nossa senhora da gloria|SE,nossa senhora da gloria,SE,Northeast,-37.422692026364025,-10.216900421133477,2,23.68516203703704
nossa senhora das dores|SE,nossa senhora das dores,SE,Northeast,-37.197253246589234,-10.48556619332078,1,28.84306712962963
nossa senhora das gracas|PR,nossa senhora das gracas,PR,South,-51.796695223611685,-22.913883239269765,2,12.54035300925926
nossa senhora de caravaggio|SC,nossa senhora de caravaggio,SC,South,-49.46698683315874,-28.66012113500275,1,10.083865740740741
nossa senhora de lourdes|SE,nossa senhora de lourdes,SE,Northeast,-37.056328922665735,-10.07904194360822,1,18.954050925925927
nossa senhora do o|PE,nossa senhora do o,PE,Northeast,-35.01547549307508,-8.442357495700826,1,8.769733796296297
nossa senhora do socorro|SE,nossa senhora do socorro,SE,Northeast,-37.08593457569617,-10.85666556707265,14,24.823439153439153
nova alvorada do sul|MS,nova alvorada do sul,MS,Central-West,-54.37606147295011,-21.45727633081372,3,17.390671296296297
nova alvorada|RS,nova alvorada,RS,South,-52.16671674491494,-28.675772782591427,3,12.612665895061728
nova america da colina|PR,nova america da colina,PR,South,-50.71856449207652,-23.33103016686766,1,11.115219907407408
nova america|GO,nova america,GO,Central-West,-49.89609240961383,-15.020283020253917,1,15.8159375
nova andradina|MS,nova andradina,MS,Central-West,-53.34629444506231,-22.248664467820937,11,15.459394991582492
nova araca|RS,nova araca,RS,South,-51.74540576836856,-28.660310309523236,1,10.894479166666667
nova aurora|GO,nova aurora,GO,Central-West,-48.25580523242086,-18.057781375903147,1,7.939826388888889
nova aurora|PR,nova aurora,PR,South,-53.25847879352649,-24.527610420384207,3,12.532091049382716
nova bandeirantes|MT,nova bandeirantes,MT,Central-West,-57.81509002149938,-9.854084647788792,4,18.960946180555556
nova bassano|RS,nova bassano,RS,South,-51.70326719528906,-28.73299654391061,4,13.467769097222222
nova boa vista|RS,nova boa vista,RS,South,-52.980466256468475,-27.994914324539504,1,23.09849537037037
nova brasilandia d'oeste|RO,nova brasilandia d'oeste,RO,North,-62.31448888735491,-11.726124338809417,2,21.208466435185183
nova campina|SP,nova campina,SP,Southeast,-48.904930206676646,-24.121066445176464,2,10.73353587962963
nova canaa do norte|MT,nova canaa do norte,MT,Central-West,-55.71470605574875,-10.632969000000005,2,10.812609953703705
nova canaa paulista|SP,nova canaa paulista,SP,Southeast,-50.94917525157589,-20.38493774177744,2,7.761533564814815
nova canaa|BA,nova canaa,BA,Northeast,-40.14343731251016,-14.7937968017234,2,26.14744212962963
nova cantu|PR,nova cantu,PR,South,-52.57078107800011,-24.671685317533495,2,12.775086805555556
nova crixas|GO,nova crixas,GO,Central-West,-50.33600384776577,-14.095711977009376,1,14.005740740740741
nova cruz|RN,nova cruz,RN,Northeast,-35.43211124999999,-6.480796008247225,3,12.563468364197531
nova era|MG,nova era,MG,Southeast,-43.02992329183104,-19.765570948161123,15,11.403393518518518
nova erechim|SC,nova erechim,SC,South,-52.90560942648533,-26.903016230248316,3,26.9910262345679
nova esperanca do piria|PA,nova esperanca do piria,PA,North,-46.96965323359007,-2.2685283084937313,1,17.794409722222223
nova esperanca do sudoeste|PR,nova esperanca do sudoeste,PR,South,-53.26058142080278,-25.901899060320666,1,13.010486111111112
nova esperanca do sul|RS,nova esperanca do sul,RS,South,-54.82812856593894,-29.40959645171018,2,9.05494212962963
nova esperanca|PR,nova esperanca,PR,South,-52.202511885166075,-23.184113415457734,8,11.882667824074074
nova europa|SP,nova europa,SP,Southeast,-48.56614031179258,-21.781184410288212,8,11.153441840277777
nova fatima|BA,nova fatima,BA,Northeast,-39.63159675146457,-11.607759409031724,1,23.276550925925925
nova fatima|PR,nova fatima,PR,South,-50.56261387290171,-23.434233290168425,4,13.52460648148148
nova floresta|PB,nova floresta,PB,Northeast,-36.207110328230875,-6.455069440245824,1,27.849247685185187
nova friburgo|RJ,nova friburgo,RJ,Southeast,-42.53188506035592,-22.283580504736797,138,19.81336444914117
nova granada|SP,nova granada,SP,Southeast,-49.32157569604032,-20.535126774583137,18,11.171939943415637
nova guarita|MT,nova guarita,MT,Central-West,-55.40549229237987,-10.31183723764426,1,16.005752314814814
nova guataporanga|SP,nova guataporanga,SP,Southeast,-51.64561249999995,-21.333015081384488,1,6.8895486111111115
nova hartz|RS,nova hartz,RS,South,-50.90204599999995,-29.585108969135305,2,20.18084490740741
nova iguacu|RJ,nova iguacu,RJ,Southeast,-43.45611220461891,-22.74917048968087,420,14.07373363095238
nova independencia|SP,nova independencia,SP,Southeast,-51.491248547757316,-21.107498990731827,1,8.38775462962963
nova itaberaba|SC,nova itaberaba,SC,South,-52.81329830796565,-26.94116626653139,2,19.413177083333334
nova lacerda|MT,nova lacerda,MT,Central-West,-59.586932511277155,-14.474353567017117,1,21.84
nova laranjeiras|PR,nova laranjeiras,PR,South,-52.53740277063798,-25.308761589833864,1,7.958854166666667
nova lima|MG,nova lima,MG,Southeast,-43.8883942701527,-19.993200811276644,95,12.310357090643276
nova londrina|PR,nova londrina,PR,South,-52.98784117454758,-22.763066865525133,9,12.01102237654321
nova luzitania|SP,nova luzitania,SP,Southeast,-50.26324405267282,-20.85701499972968,1,27.086770833333333
nova mamore|RO,nova mamore,RO,North,-65.33241985343662,-10.405735611800601,2,22.874340277777776
nova monte verde|MT,nova monte verde,MT,Central-West,-57.4687748251441,-9.982319809702837,2,13.41626736111111
nova mutum|MT,nova mutum,MT,Central-West,-56.08142940888967,-13.816620976182644,5,13.171791666666667
nova odessa|SP,nova odessa,SP,Southeast,-47.29447635337095,-22.781609144364303,37,9.126517767767767
nova olimpia|MT,nova olimpia,MT,Central-West,-57.28538993838858,-14.781971784821668,2,22.175254629629627
nova olinda do maranhao|MA,nova olinda do maranhao,MA,Northeast,-45.70422578918863,-2.806864478486903,4,17.46736689814815
nova olinda|CE,nova olinda,CE,Northeast,-39.67899770804151,-7.093317077729385,3,15.895432098765433
nova olinda|TO,nova olinda,TO,North,-48.4231706322424,-7.630892831752231,1,29.10644675925926
nova padua|RS,nova padua,RS,South,-51.3090667713138,-29.027734445149225,1,13.816319444444444
nova palma|RS,nova palma,RS,South,-53.47154816222633,-29.471356571856987,2,12.048859953703703
nova petropolis|RS,nova petropolis,RS,South,-51.11291251665831,-29.375948615054558,8,17.438234953703702
nova ponte|MG,nova ponte,MG,Southeast,-47.67705975448232,-19.169359099709144,8,13.711021412037036
nova prata do iguacu|PR,nova prata do iguacu,PR,South,-53.34430215103402,-25.63738558355729,6,18.391109182098766
nova prata|RS,nova prata,RS,South,-51.60930864778699,-28.783017300613224,16,10.863173466435185
nova redencao|BA,nova redencao,BA,Northeast,-41.069826407941974,-12.818437426088707,1,32.881331018518516
nova resende|MG,nova resende,MG,Southeast,-46.42174314136419,-21.123115449356018,1,12.5284375
nova roma do sul|RS,nova roma do sul,RS,South,-51.40691268200849,-28.98697117385384,1,9.389467592592593
nova roma|GO,nova roma,GO,Central-West,-46.88129856256247,-13.741792111390412,1,17.529409722222223
nova russas|CE,nova russas,CE,Northeast,-40.56130570161928,-4.705682064138259,7,20.816545965608466
nova santa barbara|PR,nova santa barbara,PR,South,-50.763419898711966,-23.588156512759543,1,11.77275462962963
nova santa rita|PI,nova santa rita,PI,Northeast,-42.04957966429256,-8.074864933538636,1,15.969305555555556
nova santa rita|RS,nova santa rita,RS,South,-51.273430816339435,-29.856377320571312,5,13.789497685185186
nova santa rosa|PR,nova santa rosa,PR,South,-53.95374448055237,-24.4671875469541,4,7.813587962962963
nova serrana|MG,nova serrana,MG,Southeast,-44.98560567343412,-19.87482809063998,49,13.808554894179894
nova soure|BA,nova soure,BA,Northeast,-38.48102343398035,-11.240870225103476,3,9.52994598765432
nova timboteua|PA,nova timboteua,PA,North,-47.390620257867226,-1.2063494230530867,1,18.848993055555557
nova trento|SC,nova trento,SC,South,-48.93067305098359,-27.28609964803281,6,10.585501543209876
nova ubirata|MT,nova ubirata,MT,Central-West,-55.25191734760326,-13.03725753059068,1,12.862291666666666
nova venecia|ES,nova venecia,ES,Southeast,-40.39895990968596,-18.707823797662655,19,13.067109527290448
nova veneza|GO,nova veneza,GO,Central-West,-49.31659067811212,-16.372543729933078,4,14.813680555555555
nova veneza|SC,nova veneza,SC,South,-49.500268119588874,-28.639903081819998,3,30.04201388888889
nova vicosa|BA,nova vicosa,BA,Northeast,-39.37211339753366,-17.897354150947002,1,24.859421296296297
nova xavantina|MT,nova xavantina,MT,Central-West,-52.35516875300326,-14.66436528580766,10,15.259559027777778
novais|SP,novais,SP,Southeast,-48.91922515265274,-20.995718628433977,1,9.009699074074074
novo alegre|TO,novo alegre,TO,North,-46.57347405787643,-12.914392789145461,1,20.41002314814815
novo barreiro|RS,novo barreiro,RS,South,-53.11590072095152,-27.908358229193187,2,12.141325231481481
novo brasil|ES,novo brasil,ES,Southeast,-40.59334872383429,-19.22421162165951,1,148.17450231481482
novo cabrais|RS,novo cabrais,RS,South,-52.94597399999999,-29.73230965206004,1,19.065821759259258
novo cruzeiro|MG,novo cruzeiro,MG,Southeast,-41.88051168598881,-17.465792523167565,9,12.335961934156378
novo gama|GO,novo gama,GO,Central-West,-48.03368201916949,-16.054012235645153,11,17.416421506734007
novo hamburgo|RS,novo hamburgo,RS,South,-51.125829722250835,-29.684144340906037,119,14.446684368191722
novo horizonte|SC,novo horizonte,SC,South,-52.83189378868771,-26.44814868211812,1,17.95346064814815
novo horizonte|SP,novo horizonte,SP,Southeast,-49.22271248704437,-21.469019615660827,15,10.256959104938272
novo itacolomi|PR,novo itacolomi,PR,South,-51.50680719584472,-23.76493474309611,1,12.034803240740741
novo jardim|TO,novo jardim,TO,North,-46.626201400973954,-11.820377920911389,1,21.07263888888889
novo lino|AL,novo lino,AL,Northeast,-35.664990857434795,-8.941622452683772,1,14.352905092592593
novo machado|RS,novo machado,RS,South,-54.502630782135014,-27.57572097059852,1,11.868229166666667
novo mundo|MT,novo mundo,MT,Central-West,-55.17068079333467,-9.975387390303156,1,17.306435185185187
novo oriente do piaui|PI,novo oriente do piaui,PI,Northeast,-41.92449013011539,-6.45076898850479,2,17.177320601851854
novo oriente|CE,novo oriente,CE,Northeast,-40.77312791363684,-5.53677473880047,3,16.23195601851852
novo planalto|GO,novo planalto,GO,Central-West,-49.508109514455896,-13.240084236575292,1,11.64355324074074
novo progresso|PA,novo progresso,PA,North,-55.41758019974569,-7.038132527202683,5,33.01148148148148
novo repartimento|PA,novo repartimento,PA,North,-49.95155773144527,-4.25028282191143,2,15.960983796296297
novo sao joaquim|MT,novo sao joaquim,MT,Central-West,-53.01927829015219,-14.913626524438412,3,15.07346450617284
nucleo residencial pilar|BA,nucleo residencial pilar,BA,Northeast,-40.15152490130053,-10.33361416984474,8,30.518314525462962
nuporanga|SP,nuporanga,SP,Southeast,-47.75230325216032,-20.729601494303047,3,9.70065200617284
ocara|CE,ocara,CE,Northeast,-38.5905381963681,-4.487463044317072,2,30.100833333333334
ocaucu|SP,ocaucu,SP,Southeast,-49.92032479498194,-22.43963659141131,5,10.724652777777777
oeiras do para|PA,oeiras do para,PA,North,-49.85823793220211,-2.003189943890424,2,21.95419560185185
oeiras|PI,oeiras,PI,Northeast,-42.12535055257861,-7.016174809326362,6,14.674890046296296
oiapoque|AP,oiapoque,AP,North,-51.83391721583143,3.844931405069822,1,30.41640046296296
olaria|MG,olaria,MG,Southeast,-43.93540762223418,-21.86084295267034,1,10.070092592592593
oleo|SP,oleo,SP,Southeast,-49.34051370368371,-22.940447965225154,1,9.217326388888889
olho d'agua das cunhas|MA,olho d'agua das cunhas,MA,Northeast,-45.11455021964247,-4.141545834075046,2,15.189207175925926
olho d'agua das flores|AL,olho d'agua das flores,AL,Northeast,-37.29593528600605,-9.53380482124702,3,22.30121913580247
olhos d'agua|MG,olhos d'agua,MG,Southeast,-43.57128414982227,-17.400241285577152,1,22.13175925925926
olimpia|SP,olimpia,SP,Southeast,-48.91093038579832,-20.737991365075317,36,10.415268775720165
olinda|PE,olinda,PE,Northeast,-34.85367597169481,-7.992954649460425,89,21.101870578443613
olindina|BA,olindina,BA,Northeast,-38.327480822336746,-11.35810386900948,2,20.04517361111111
oliveira dos brejinhos|BA,oliveira dos brejinhos,BA,Northeast,-42.891936749999985,-12.318159513028895,2,24.513616898148147
oliveira|MG,oliveira,MG,Southeast,-44.828783209226586,-20.69743859460673,22,12.277181712962962
onda verde|SP,onda verde,SP,Southeast,-49.297329212792015,-20.607672806842682,1,8.376087962962963
oriente|SP,oriente,SP,Southeast,-50.0950935,-22.153216028066836,3,7.890644290123457
orindiuva|SP,orindiuva,SP,Southeast,-49.35330074032008,-20.184913745784478,5,12.059462962962963
orizania|MG,orizania,MG,Southeast,-42.2051023322919,-20.5057246201565,1,14.318564814814815
orizona|GO,orizona,GO,Central-West,-48.30074370727952,-17.03324575071435,6,19.39100308641975
orlandia|SP,orlandia,SP,Southeast,-47.878333086473205,-20.71706301120797,28,9.152055224867725
orleans|SC,orleans,SC,South,-49.28854561206733,-28.357215737475403,8,10.19513888888889
orobo|PE,orobo,PE,Northeast,-35.603845632894476,-7.749324847786628,1,23.887581018518517
oroco|PE,oroco,PE,Northeast,-39.60227892937364,-8.617963012525735,3,24.66346064814815
oros|CE,oros,CE,Northeast,-38.91475625660571,-6.244523524319248,2,16.24162037037037
ortigueira|PR,ortigueira,PR,South,-50.92804192446341,-24.210604273399767,8,9.25357494212963
osasco|SP,osasco,SP,Southeast,-46.78850494829349,-23.53615007297639,711,7.7160787330051575
oscar bressane|SP,oscar bressane,SP,Southeast,-50.282611271770435,-22.315912361354144,3,7.713495370370371
osorio|RS,osorio,RS,South,-50.26569650087135,-29.892226969737827,35,12.10528373015873
osvaldo cruz|SP,osvaldo cruz,SP,Southeast,-50.8792022587087,-21.79651124143253,16,9.302900028935186
osvaldo kroeff|RS,osvaldo kroeff,RS,South,-50.063262953888945,-28.976685770130608,1,20.79449074074074
otacilio costa|SC,otacilio costa,SC,South,-50.117463574858576,-27.50338404506416,5,20.64973148148148
ourem|PA,ourem,PA,North,-47.11413562068216,-1.5488957830419186,1,57.39652777777778
ouricuri|PE,ouricuri,PE,Northeast,-40.08459948967437,-7.887754083032841,8,18.812139756944443
ourilandia do norte|PA,ourilandia do norte,PA,North,-51.078762,-6.7521594588432094,5,21.29562962962963
ourinhos|SP,ourinhos,SP,Southeast,-49.87061220483005,-22.979794547319532,76,10.171590521442495
ourizona|PR,ourizona,PR,South,-52.19415902260171,-23.404301785354026,1,19.498333333333335
ouro branco|MG,ouro branco,MG,Southeast,-43.70624063811853,-20.519076442778164,40,13.328827835648148
ouro fino|MG,ouro fino,MG,Southeast,-46.37007419909239,-22.280517751677763,15,12.75368287037037
ouro preto do oeste|RO,ouro preto do oeste,RO,North,-62.2571412633596,-10.719292994831891,4,18.365303819444446
ouro preto|MG,ouro preto,MG,Southeast,-43.506711008289,-20.386870311646724,54,14.174383573388203
ouro verde de goias|GO,ouro verde de goias,GO,Central-West,-49.19644775576628,-16.217600462636685,1,7.211585648148148
ouro verde de minas|MG,ouro verde de minas,MG,Southeast,-41.27244005955116,-18.069633805722116,2,15.114166666666666
ouro verde do oeste|PR,ouro verde do oeste,PR,South,-53.90444151582523,-24.774167921940087,1,9.64539351851852
ouro verde|SP,ouro verde,SP,Southeast,-51.700847868926246,-21.489882376851902,3,8.771801697530865
ouroeste|SP,ouroeste,SP,Southeast,-50.37558054591818,-20.0019394282266,11,12.871462542087542
ouro|SC,ouro,SC,South,-51.59986250234024,-27.330752532693182,1,16.92591435185185
ouvidor|GO,ouvidor,GO,Central-West,-47.83517566936648,-18.234915486406862,1,13.311273148148148
pacaembu|SP,pacaembu,SP,Southeast,-51.26400190026158,-21.56240518890957,6,8.766653163580248
pacaja|PA,pacaja,PA,North,-50.63720488520979,-3.83403952496045,6,25.933007330246912
pacajus|CE,pacajus,CE,Northeast,-38.46325331944655,-4.175169843732408,6,27.781676311728393
pacatuba|CE,pacatuba,CE,Northeast,-38.60311288599996,-3.9052822574765287,5,16.250391203703703
paco do lumiar|MA,paco do lumiar,MA,Northeast,-44.165083840386245,-2.535273621324342,7,25.366631944444443
pacoti|CE,pacoti,CE,Northeast,-38.91811606468846,-4.224936243027124,2,27.731255787037036
pacotuba|ES,pacotuba,ES,Southeast,-41.271606233951005,-20.762729094305136,1,30.322349537037038
pacuja|CE,pacuja,CE,Northeast,-40.69620637830805,-3.979748254325719,1,18.43865740740741
padre bernardo|GO,padre bernardo,GO,Central-West,-48.28505174479047,-15.164877575381645,4,19.484739583333333
padre carvalho|MG,padre carvalho,MG,Southeast,-42.51587004900935,-16.364410104468934,1,19.861226851851853
padre gonzales|RS,padre gonzales,RS,South,-53.96116798493659,-27.4340091145216,1,13.243900462962962
padre paraiso|MG,padre paraiso,MG,Southeast,-41.48533318593329,-17.074799554590776,1,18.973645833333332
paial|SC,paial,SC,South,-52.4997044822799,-27.255730105672143,1,16.346793981481483
paicandu|PR,paicandu,PR,South,-52.03958779913393,-23.45755697213253,10,12.693806712962964
paineiras|MG,paineiras,MG,Southeast,-45.53284671971072,-18.905318813124666,1,7.437465277777778
pains|MG,pains,MG,Southeast,-45.66168642036263,-20.36989412978704,3,13.405358796296296
paiva|MG,paiva,MG,Southeast,-43.41634052388421,-21.28806785539019,2,18.02271412037037
palestina|SP,palestina,SP,Southeast,-49.43330678037226,-20.39033246553589,10,8.718141203703704
palhano|CE,palhano,CE,Northeast,-37.96219425843858,-4.744889851907237,1,17.99789351851852
palhoca|SC,palhoca,SC,South,-48.673749065851965,-27.642501237607874,89,16.272498829588017
palma sola|SC,palma sola,SC,South,-53.278338552733466,-26.34880918740813,4,14.826941550925927
palmares do sul|RS,palmares do sul,RS,South,-50.51081630771957,-30.260658602867338,5,13.845590277777777
palmares paulista|SP,palmares paulista,SP,Southeast,-48.804270769976,-21.08607934821609,1,7.906215277777778
palmares|PE,palmares,PE,Northeast,-35.58958677543614,-8.679757132903017,8,15.192822627314815
palmas|PR,palmas,PR,South,-51.98993370830179,-26.485276026772077,18,16.91468878600823
palmas|TO,palmas,TO,North,-48.3227514387811,-10.198894885037259,84,16.274574514991183
palma|MG,palma,MG,Southeast,-42.31413117217626,-21.37617510196632,4,7.434487847222222
palmeira d oeste|SP,palmeira d oeste,SP,Southeast,-50.7625513424886,-20.416194370617323,1,8.428055555555556
palmeira d'oeste|SP,palmeira d'oeste,SP,Southeast,-50.7625513424886,-20.416194370617323,5,12.917023148148148
palmeira das missoes|RS,palmeira das missoes,RS,South,-53.3110308143229,-27.898517519845587,16,12.403751446759259
palmeira dos indios|AL,palmeira dos indios,AL,Northeast,-36.626836485210276,-9.412369379755646,8,23.45673755787037
palmeiras de goias|GO,palmeiras de goias,GO,Central-West,-49.921788205606745,-16.805476175755572,3,25.140320216049382
palmeiras|BA,palmeiras,BA,Northeast,-41.57776652874743,-12.515396057693538,2,22.852905092592593
palmeira|PR,palmeira,PR,South,-50.00108186252767,-25.42340442454359,12,15.539941165123457
palmeira|SC,palmeira,SC,South,-50.15598753108445,-27.578101957543815,3,11.878410493827161
palminopolis|GO,palminopolis,GO,Central-West,-50.16350778959935,-16.79428682599757,1,12.753252314814814
palmital|PR,palmital,PR,South,-52.21093709474273,-24.88538076077976,1,10.108113425925925
palmital|SP,palmital,SP,Southeast,-50.218924720930985,-22.786149701039736,18,11.35518325617284
palmitinho|RS,palmitinho,RS,South,-53.55806515159905,-27.353477548262962,5,14.345055555555556
palmitos|SC,palmitos,SC,South,-53.1600588830589,-27.069850009754063,5,10.780356481481482
palmopolis|MG,palmopolis,MG,Southeast,-40.42106824735219,-16.737299935328362,1,15.326030092592593
palotina|PR,palotina,PR,South,-53.83681660068629,-24.285848983118,10,13.498618055555555
panambi|RS,panambi,RS,South,-53.50140090980917,-28.29127509034286,17,16.83480936819172
pancas|ES,pancas,ES,Southeast,-40.850348948335856,-19.22331824916031,1,17.53363425925926
panelas|PE,panelas,PE,Northeast,-36.00839195334091,-8.663873702374305,2,18.029751157407407
panorama|SP,panorama,SP,Southeast,-51.85724255165111,-21.361250377133736,5,14.46679861111111
pantano grande|RS,pantano grande,RS,South,-52.37304440904624,-30.192281146431828,3,15.758074845679014
papagaios|MG,papagaios,MG,Southeast,-44.746025898887666,-19.44915971573536,4,12.450896990740741
papanduva|SC,papanduva,SC,South,-50.14356351293541,-26.404862461231307,8,14.665737847222221
papucaia|RJ,papucaia,RJ,Southeast,-42.7410265101044,-22.59951081576307,10,12.786225694444445
para de minas|MG,para de minas,MG,Southeast,-44.609683856452435,-19.85811424923072,35,11.724118716931217
paracambi|RJ,paracambi,RJ,Southeast,-43.705664291359106,-22.61402477034372,35,14.371564814814814
paracatu|MG,paracatu,MG,Southeast,-46.87518788782276,-17.223373086135236,59,12.349868173258004
paracuru|CE,paracuru,CE,Northeast,-39.03098931818123,-3.4162410280541495,4,25.546796875000002
paragominas|PA,paragominas,PA,North,-47.35655305959712,-2.996303967386479,18,22.899234182098766
paraguacu paulista|SP,paraguacu paulista,SP,Southeast,-50.580260732823085,-22.418411119085356,20,9.247651041666666
paraguacu|MG,paraguacu,MG,Southeast,-45.73502135869359,-21.549597094674127,12,14.562743055555556
paraiba do sul|RJ,paraiba do sul,RJ,Southeast,-43.29243581235953,-22.16352848399153,18,14.784241898148148
paraibano|MA,paraibano,MA,Northeast,-43.988422579877614,-6.4319735958881354,2,26.954542824074075
paraibuna|SP,paraibuna,SP,Southeast,-45.663568407747974,-23.38893510810519,10,11.88361574074074
paraipaba|CE,paraipaba,CE,Northeast,-39.14880374123813,-3.437670146235157,5,24.226199074074074
paraiso das aguas|MS,paraiso das aguas,MS,Central-West,-53.01175174154174,-19.022025795366883,1,14.771782407407407
paraiso do norte|PR,paraiso do norte,PR,South,-52.60368489798803,-23.28275870567674,3,18.738144290123454
paraiso do sul|RS,paraiso do sul,RS,South,-53.180565898819914,-29.729744819052378,1,8.974675925925926
paraiso do tocantins|TO,paraiso do tocantins,TO,North,-48.88827885869645,-10.17419584360433,9,13.483854166666667
paraisopolis|MG,paraisopolis,MG,Southeast,-45.778868948597626,-22.551360312684533,15,13.23619675925926
paraiso|SC,paraiso,SC,South,-53.67477322147168,-26.619902740785086,1,20.215810185185184
paraiso|SP,paraiso,SP,Southeast,-48.77403805179215,-21.018977918357912,5,8.211967592592593
parai|RS,parai,RS,South,-51.7876694965912,-28.597099899111946,3,14.764394290123457
paraju|ES,paraju,ES,Southeast,-40.73167973417412,-20.340183139504454,1,27.225833333333334
parambu|CE,parambu,CE,Northeast,-40.69751399188712,-6.211127769012904,3,18.46670910493827
paramirim|BA,paramirim,BA,Northeast,-42.24157912296723,-13.445678006846968,5,21.40698611111111
paranacity|PR,paranacity,PR,South,-52.15515332649818,-22.930772913385745,3,13.664864969135802
paranagua|PR,paranagua,PR,South,-48.53402839616051,-25.526515082133404,57,12.720936484730345
paranaiba|MS,paranaiba,MS,Central-West,-51.187487415554855,-19.67713021644721,14,12.15931960978836
paranaiguara|GO,paranaiguara,GO,Central-West,-50.65040795296374,-18.910824508076033,3,13.571786265432099
paranaita|MT,paranaita,MT,Central-West,-56.67645049999996,-9.710975999999944,4,17.55316261574074
paranapanema|SP,paranapanema,SP,Southeast,-48.72521095117318,-23.385781657436016,9,15.721372170781892
paranapoema|PR,paranapoema,PR,South,-52.08327445972216,-22.657256282603655,1,19.46408564814815
paranapua|SP,paranapua,SP,Southeast,-50.58925986678376,-20.102547557468114,2,8.637453703703704
paranatinga|MT,paranatinga,MT,Central-West,-54.05227450461726,-14.429003374193966,2,11.463489583333333
paranavai|PR,paranavai,PR,South,-52.45778248906223,-23.079852,43,13.631712962962963
parana|TO,parana,TO,North,-47.8785944198539,-12.617354289559659,2,29.309091435185188
paranhos|MS,paranhos,MS,Central-West,-55.429066459240744,-23.89054697077335,1,14.163981481481482
paraopeba|MG,paraopeba,MG,Southeast,-44.401119032029975,-19.27834170545684,9,14.565806327160493
parapua|SP,parapua,SP,Southeast,-50.79137335892627,-21.782409239033026,8,8.354451678240741
parati|RJ,parati,RJ,Southeast,-44.7185363572174,-23.220810878485008,13,14.003496260683761
paraty|RJ,paraty,RJ,Southeast,-44.7185363572174,-23.220810878485008,18,20.164846965020576
parauapebas|PA,parauapebas,PA,North,-49.897436959141274,-6.074258046829258,27,24.118688271604938
parauna|GO,parauna,GO,Central-West,-50.44525062527353,-16.949870992111112,4,12.216163194444444
pareci novo|RS,pareci novo,RS,South,-51.404450128933206,-29.639490484267206,1,9.932118055555556
parelhas|RN,parelhas,RN,Northeast,-36.66106927779843,-6.688202576547993,4,14.35072337962963
paripiranga|BA,paripiranga,BA,Northeast,-37.86343608122833,-10.683692401008404,2,20.55825810185185
paripueira|AL,paripueira,AL,Northeast,-35.546658409559754,-9.463731413114727,1,26.667673611111113
pariquera-acu|SP,pariquera-acu,SP,Southeast,-47.88222264042576,-24.71454598873831,14,12.571909722222223
parisi|SP,parisi,SP,Southeast,-50.011713846250125,-20.305961689039542,1,12.850277777777778
parnaiba|PI,parnaiba,PI,Northeast,-41.76106403497418,-2.913219680890455,22,16.000760206228957
parnamirim|PE,parnamirim,PE,Northeast,-39.579351359137455,-8.091617080084557,4,21.440885416666667
parnamirim|RN,parnamirim,RN,Northeast,-35.21108270294172,-5.883279199078862,56,16.1654261739418
parnarama|MA,parnarama,MA,Northeast,-43.09131718864158,-5.683054025405038,1,19.8590625
parobe|RS,parobe,RS,South,-50.8349836530182,-29.6304704925703,12,10.58924575617284
passa quatro|MG,passa quatro,MG,Southeast,-44.96712748339958,-22.38852599999999,9,11.136715534979423
passa tempo|MG,passa tempo,MG,Southeast,-44.49103301699697,-20.65188848787687,1,7.984409722222222
passa tres|RJ,passa tres,RJ,Southeast,-44.00307276400802,-22.69585502763494,2,21.456510416666667
passagem franca|MA,passagem franca,MA,Northeast,-43.77899615522325,-6.179407005949789,1,20.56829861111111
passira|PE,passira,PE,Northeast,-35.581715106229424,-7.977456202295261,1,50.038773148148145
passo de torres|SC,passo de torres,SC,South,-49.723190336884706,-29.32215004190755,7,18.606684854497356
passo fundo|RS,passo fundo,RS,South,-52.406503307382735,-28.25857565440532,109,14.300148870200475
passos maia|SC,passos maia,SC,South,-52.058405593021675,-26.780776367019538,2,16.516099537037036
passos|MG,passos,MG,Southeast,-46.60596530719522,-20.72024570526651,42,12.756758983686067
pastos bons|MA,pastos bons,MA,Northeast,-44.08289176542563,-6.600806913257494,2,18.52822916666667
patis|MG,patis,MG,Southeast,-44.08134909531705,-16.08033275489652,1,23.33050925925926
pato bragado|PR,pato bragado,PR,South,-54.22535674193618,-24.62624865068431,2,19.501174768518517
pato branco|PR,pato branco,PR,South,-52.674125886266715,-26.22580808081601,52,11.791476807336183
patos de minas|MG,patos de minas,MG,Southeast,-46.51316490528758,-18.57787049171123,99,12.285147072577628
patos|PB,patos,PB,Northeast,-37.28184148590845,-7.035505526628873,15,17.54127160493827
patrocinio do muriae|MG,patrocinio do muriae,MG,Southeast,-42.2134701152184,-21.153277691761645,2,21.78162615740741
patrocinio paulista|SP,patrocinio paulista,SP,Southeast,-47.28159132688134,-20.643655095950287,2,17.768153935185182
patrocinio|MG,patrocinio,MG,Southeast,-46.992556091981434,-18.942245642308222,44,11.302254050925926
patu|RN,patu,RN,Northeast,-37.63896832855385,-6.101670821311124,3,19.202056327160495
paty do alferes|RJ,paty do alferes,RJ,Southeast,-43.42262438050091,-22.426059337381854,13,18.147057514245013
pau brasil|BA,pau brasil,BA,Northeast,-39.65210590629356,-15.46364332332971,1,21.960231481481483
pau d'arco|PA,pau d'arco,PA,North,-50.04157082744215,-7.83386403901651,1,28.079618055555557
pau dos ferros|RN,pau dos ferros,RN,Northeast,-38.20705837871289,-6.112109414045769,9,19.23127443415638
paudalho|PE,paudalho,PE,Northeast,-35.17909779513988,-7.8963748386943156,2,22.767725694444444
paula candido|MG,paula candido,MG,Southeast,-42.98235427165083,-20.873599430098988,1,22.625428240740742
pauliceia|SP,pauliceia,SP,Southeast,-51.83632451652854,-21.31344244845384,1,27.27233796296296
paulinia|SP,paulinia,SP,Southeast,-47.16973983875547,-22.770399908130887,126,8.525179214432686
paulistana|PI,paulistana,PI,Northeast,-41.14490806596287,-8.135446428667821,3,17.02280864197531
paulistania|SP,paulistania,SP,Southeast,-49.40369050988732,-22.578742863275487,1,8.798981481481482
paulista|PB,paulista,PB,Northeast,-37.6236811074435,-6.598703646060374,1,21.16696759259259
paulista|PE,paulista,PE,Northeast,-34.85949607998323,-7.935646442507905,40,19.689802372685186
paulo afonso|BA,paulo afonso,BA,Northeast,-38.2209248616833,-9.40289833611647,39,19.88406339031339
paulo de faria|SP,paulo de faria,SP,Southeast,-49.40526672102189,-20.031060125768164,5,10.49981712962963
paulo frontin|PR,paulo frontin,PR,South,-50.83015342153281,-26.04311615872968,4,8.833353587962963
paulo jacinto|AL,paulo jacinto,AL,Northeast,-36.36987808134629,-9.36758787012202,2,14.332957175925927
paulo lopes|SC,paulo lopes,SC,South,-48.680847136996434,-27.967982288743094,2,17.429560185185185
pavao|MG,pavao,MG,Southeast,-41.00034487707475,-17.4302587741122,1,8.145706018518519
peabiru|PR,peabiru,PR,South,-52.34530202903304,-23.916030612585978,4,19.536634837962964
pecanha|MG,pecanha,MG,Southeast,-42.56168106500322,-18.54626428214143,4,15.591941550925926
pederneiras|SP,pederneiras,SP,Southeast,-48.7803437644446,-22.347145496413017,21,9.523743386243387
pedra azul|MG,pedra azul,MG,Southeast,-41.280258640299486,-16.002971703588432,5,20.117891203703703
pedra bela|SP,pedra bela,SP,Southeast,-46.44325632119495,-22.7954018665543,2,3.829247685185185
pedra branca|CE,pedra branca,CE,Northeast,-39.71729676275866,-5.453532734162918,2,18.273333333333333
pedra branca|PB,pedra branca,PB,Northeast,-38.071386501612736,-7.428450389061927,1,34.976226851851855
pedra do indaia|MG,pedra do indaia,MG,Southeast,-45.20967498744281,-20.25919419552127,1,12.608645833333334
pedra lavrada|PB,pedra lavrada,PB,Northeast,-36.46738900688163,-6.757645319738492,1,39.002604166666664
pedra menina|MG,pedra menina,MG,Southeast,-46.150542635850535,-21.358676506270264,1,14.454768518518518
pedra preta|MT,pedra preta,MT,Central-West,-54.47379441988548,-16.620811476996337,3,26.004764660493827
pedralva|MG,pedralva,MG,Southeast,-45.46611657652232,-22.24633808239392,2,13.994872685185186
pedranopolis|SP,pedranopolis,SP,Southeast,-50.11008182346432,-20.24931062018371,1,7.9976157407407404
pedrao|BA,pedrao,BA,Northeast,-38.64382697435264,-12.146156745779068,1,13.649965277777778
pedras altas|RS,pedras altas,RS,South,-53.585818350434835,-31.733460573784622,1,17.57496527777778
pedras de fogo|PB,pedras de fogo,PB,Northeast,-35.114314813506965,-7.4024993844629865,2,23.174866898148146
pedra|PE,pedra,PE,Northeast,-36.944805860650064,-8.499558409931083,3,31.575555555555557
pedregulho|SP,pedregulho,SP,Southeast,-47.47875722206474,-20.252961069259563,2,15.529097222222223
pedreiras|MA,pedreiras,MA,Northeast,-44.59909288112787,-4.572645932708786,3,14.53835262345679
pedreira|SP,pedreira,SP,Southeast,-46.895858577758595,-22.740517490717608,36,9.326497235082305
pedrinhas paulista|SP,pedrinhas paulista,SP,Southeast,-50.7913278915386,-22.814862913076944,4,12.64531539351852
pedrinopolis|MG,pedrinopolis,MG,Southeast,-47.46441501224078,-19.228748391434365,3,10.787411265432098
pedro afonso|TO,pedro afonso,TO,North,-48.17106841018423,-8.979040071847326,3,18.85653163580247
pedro canario|ES,pedro canario,ES,Southeast,-39.954340172390374,-18.300724395913875,5,18.422472222222222
pedro de toledo|SP,pedro de toledo,SP,Southeast,-47.23409718906814,-24.27687613395027,8,13.701967592592593
pedro gomes|MS,pedro gomes,MS,Central-West,-54.552221971562574,-18.09975928134049,1,16.50056712962963
pedro ii|PI,pedro ii,PI,Northeast,-41.45370304292375,-4.4263568799403625,1,13.332337962962963
pedro leopoldo|MG,pedro leopoldo,MG,Southeast,-44.03957234517303,-19.619071315709977,39,9.969843304843305
pedro osorio|RS,pedro osorio,RS,South,-52.820254555682055,-31.86608498471726,3,14.447195216049384
pedro velho|RN,pedro velho,RN,Northeast,-35.21793606215127,-6.436233222342002,1,23.994027777777777
peixe|TO,peixe,TO,North,-48.53848066649441,-12.032118457708911,1,20.14693287037037
peixoto de azevedo|MT,peixoto de azevedo,MT,Central-West,-54.99564958034666,-10.240555537240292,4,15.29552662037037
pejucara|RS,pejucara,RS,South,-53.65441661840675,-28.41886999171285,4,16.10396412037037
pelotas|RS,pelotas,RS,South,-52.33860395288248,-31.75457286326405,177,17.534369637999582
penaforte|CE,penaforte,CE,Northeast,-39.075655919310115,-7.829225035932756,2,22.254971064814818
penapolis|SP,penapolis,SP,Southeast,-50.07620982068566,-21.419488144874002,35,8.334277116402117
pendencias|RN,pendencias,RN,Northeast,-36.719157624399145,-5.260444391948207,2,18.67117476851852
penedo|AL,penedo,AL,Northeast,-36.56896711283726,-10.28623653947544,8,20.257926793981483
penedo|RJ,penedo,RJ,Southeast,-44.528682555030095,-22.441560085303095,1,20.05207175925926
penha|SC,penha,SC,South,-48.63372228909931,-26.790714198403233,15,16.40811574074074
pentecoste|CE,pentecoste,CE,Northeast,-39.26789770043057,-3.793344971689634,2,13.957291666666666
pequizeiro|TO,pequizeiro,TO,North,-48.935191826183534,-8.596002743132457,1,15.427152777777778
pequi|MG,pequi,MG,Southeast,-44.66135198599183,-19.629519999999957,1,6.8495486111111115
perdigao|MG,perdigao,MG,Southeast,-45.07988777828941,-19.95373642753192,6,13.108385416666666
perdizes|MG,perdizes,MG,Southeast,-47.29559663804816,-19.350890325314055,6,10.712837577160494
perdoes|MG,perdoes,MG,Southeast,-45.0890815832082,-21.096597731745458,9,9.601702674897119
pereira barreto|SP,pereira barreto,SP,Southeast,-51.107688277732,-20.642090936188612,18,12.446285365226338
pereiras|SP,pereiras,SP,Southeast,-47.97581742542941,-23.07439294482925,1,8.451863425925925
pereiro|CE,pereiro,CE,Northeast,-38.46065224734376,-6.046217640265667,3,20.054764660493827
peri mirim|MA,peri mirim,MA,Northeast,-44.856665411120176,-2.5778763574653656,1,12.038518518518519
periquito|MG,periquito,MG,Southeast,-42.241394819976534,-19.15571888718725,2,8.716788194444444
peritiba|SC,peritiba,SC,South,-51.906158571803935,-27.37277285216888,2,13.204247685185184
perobal|PR,perobal,PR,South,-53.40692680514361,-23.894211630230167,1,28.45658564814815
perola d'oeste|PR,perola d'oeste,PR,South,-53.74156345609367,-25.826963190223214,2,17.981880787037035
perola|PR,perola,PR,South,-53.68138266481786,-23.802780029988032,2,16.45700810185185
perpetuo socorro|MG,perpetuo socorro,MG,Southeast,-42.37152857163858,-19.31062083894571,2,10.694583333333334
peruibe|SP,peruibe,SP,Southeast,-46.99171352379555,-24.306217522621033,42,13.079648368606701
pescador|MG,pescador,MG,Southeast,-41.5963790951054,-18.35645453864126,1,24.88259259259259
pesqueira|PE,pesqueira,PE,Northeast,-36.695785344659065,-8.357916347879435,9,16.19784593621399
petrolandia|PE,petrolandia,PE,Northeast,-38.22098085320928,-8.9779018275595,9,13.333757716049384
petrolandia|SC,petrolandia,SC,South,-49.69863581816969,-27.53171564847648,5,13.3978125
petrolina|PE,petrolina,PE,Northeast,-40.50198423368349,-9.386199165752384,61,16.612874734365512
petropolis|RJ,petropolis,RJ,Southeast,-43.17707706348803,-22.508449771958414,228,15.339783036874595
piacabucu|AL,piacabucu,AL,Northeast,-36.43146422237221,-10.406601787257872,2,19.424114583333335
piacatu|SP,piacatu,SP,Southeast,-50.599908763585965,-21.593251283995137,1,8.210266203703704
piacu|ES,piacu,ES,Southeast,-41.3904879524313,-20.335972909905706,1,25.023298611111112
pianco|PB,pianco,PB,Northeast,-37.92567710919748,-7.1983980938500105,1,27.438564814814814
piata|BA,piata,BA,Northeast,-41.77418878299902,-13.151977256355504,2,28.07660300925926
piau|MG,piau,MG,Southeast,-43.3226870668653,-21.50861849999999,2,7.911851851851852
picada cafe|RS,picada cafe,RS,South,-51.13404414924808,-29.45249438104614,1,8.96974537037037
picarras|SC,picarras,SC,South,-48.67973449062277,-26.764562856256525,1,24.75809027777778
picarra|PA,picarra,PA,North,-48.86801532375545,-6.448834687831596,1,12.805277777777778
picos|PI,picos,PI,Northeast,-41.47048951098802,-7.084738516932346,16,19.730864438657406
picui|PB,picui,PB,Northeast,-36.346060796541366,-6.5094942623161,2,19.14570023148148
piedade de caratinga|MG,piedade de caratinga,MG,Southeast,-42.07633240711027,-19.760453851069386,7,15.677838955026456
piedade do rio grande|MG,piedade do rio grande,MG,Southeast,-44.19702771782344,-21.468000978469377,3,17.772438271604937
piedade dos gerais|MG,piedade dos gerais,MG,Southeast,-44.22300845978314,-20.468306790224997,3,8.037272376543209
piedade|SP,piedade,SP,Southeast,-47.41623869785824,-23.712859098700683,22,13.36083385942761
pien|PR,pien,PR,South,-49.42763408456355,-26.09957619022336,4,17.19953414351852
pilao arcado|BA,pilao arcado,BA,Northeast,-42.482772016298384,-9.999240712714386,4,15.917740162037036
pilar do sul|SP,pilar do sul,SP,Southeast,-47.71895832790252,-23.81286528566852,12,9.791599151234568
pilar|AL,pilar,AL,Northeast,-35.95663184422575,-9.600804862143182,3,29.588225308641977
pilar|PB,pilar,PB,Northeast,-35.26037387251013,-7.262389717269752,1,24.058263888888888
pimenta bueno|RO,pimenta bueno,RO,North,-61.1772732055972,-11.67957628458245,7,21.602101521164023
pimenta|MG,pimenta,MG,Southeast,-45.80279530161478,-20.482108534427393,2,10.491672453703703
pimenteiras|PI,pimenteiras,PI,Northeast,-41.420750442064055,-6.23651998613621,2,9.891313657407407
pindai|BA,pindai,BA,Northeast,-42.684691499999985,-14.489076024942982,2,23.212083333333332
pindamonhangaba|SP,pindamonhangaba,SP,Southeast,-45.45668764211132,-22.934478547775733,97,10.997583404925544
pindare mirim|MA,pindare mirim,MA,Northeast,-45.34172963166411,-3.6090760349263444,3,20.685250771604938
pindobacu|BA,pindobacu,BA,Northeast,-40.362421983246215,-10.743081624476481,3,16.638939043209877
pindoba|AL,pindoba,AL,Northeast,-36.28889862394603,-9.474804666921838,2,12.190335648148148
pindorama do tocantins|TO,pindorama do tocantins,TO,North,-47.577584814446155,-11.136895788631303,2,14.465734953703706
pindorama|SP,pindorama,SP,Southeast,-48.90648664492037,-21.18586591167535,2,8.455376157407407
pindoretama|CE,pindoretama,CE,Northeast,-38.303779997967325,-4.029275999999946,1,14.889872685185185
pingo-d'agua|MG,pingo-d'agua,MG,Southeast,-42.41334896360328,-19.726089192668454,1,7.827789351851852
pinhais|PR,pinhais,PR,South,-49.18538771381174,-25.437089594076483,66,10.429754664702582
pinhal da serra|RS,pinhal da serra,RS,South,-50.23357365986018,-30.233660772021313,1,13.635636574074073
pinhalao|PR,pinhalao,PR,South,-50.05869087273602,-23.789612044629692,7,8.878450727513227
pinhalzinho|SC,pinhalzinho,SC,South,-52.987054241020594,-26.847643015419337,9,17.298960905349794
pinhalzinho|SP,pinhalzinho,SP,Southeast,-46.59025263142381,-22.78149969138461,12,11.969626736111111
pinhao|PR,pinhao,PR,South,-51.65973263131541,-25.695483177625615,8,11.565500578703704
pinhao|SE,pinhao,SE,Northeast,-37.72279101789968,-10.568795284298629,1,37.18013888888889
pinheiral|RJ,pinheiral,RJ,Southeast,-44.00769904247543,-22.514769134748217,14,16.844013723544972
pinheiro machado|RS,pinheiro machado,RS,South,-53.381243753045055,-31.579006111777552,5,13.960175925925926
pinheiros|ES,pinheiros,ES,Southeast,-40.21478707573601,-18.412745195730892,8,9.262732928240741
pinheiro|MA,pinheiro,MA,Northeast,-45.08403685536379,-2.523474629434556,4,19.587630208333334
pintadas|BA,pintadas,BA,Northeast,-39.90722419740425,-11.813046338729034,2,17.121863425925927
pio ix|PI,pio ix,PI,Northeast,-40.61414067539283,-6.834647838584811,1,33.08254629629629
pio xii|MA,pio xii,MA,Northeast,-45.17079030101099,-3.889927011993598,1,15.548020833333334
piquerobi|SP,piquerobi,SP,Southeast,-51.72973270234117,-21.887276930109973,1,4.916828703703704
piquete|SP,piquete,SP,Southeast,-45.183750281691275,-22.608837843343913,9,8.049583333333333
piracaia|SP,piracaia,SP,Southeast,-46.356023811597574,-23.055126865752523,21,11.066739417989417
piracanjuba|GO,piracanjuba,GO,Central-West,-49.02400798975774,-17.303533209194768,9,16.173656121399176
piracema|MG,piracema,MG,Southeast,-44.47557467695195,-20.509773640420057,1,20.284166666666668
piracicaba|SP,piracicaba,SP,Southeast,-47.640815255900485,-22.727575602833376,354,7.7686303358443185
piracuruca|PI,piracuruca,PI,Northeast,-41.70897933369849,-3.9286817543397703,2,20.787372685185186
pirai do norte|BA,pirai do norte,BA,Northeast,-39.373967522316136,-13.76239546172142,1,24.25085648148148
pirai do sul|PR,pirai do sul,PR,South,-49.93901605352255,-24.533754008543134,6,10.201894290123457
pirai|RJ,pirai,RJ,Southeast,-43.90141215047634,-22.62631471428204,14,21.162813326719576
pirajuba|MG,pirajuba,MG,Southeast,-48.70175423259071,-19.90830815363434,1,23.88513888888889
pirajui|SP,pirajui,SP,Southeast,-49.4564802282474,-21.996077229850343,11,8.831416245791246
piraju|SP,piraju,SP,Southeast,-49.38206353932333,-23.19878141814114,17,8.81979098583878
pirambu|SE,pirambu,SE,Northeast,-36.85754087578226,-10.739110102630233,1,21.271273148148147
piranga|MG,piranga,MG,Southeast,-43.30117119431512,-20.682562524330905,4,13.451669560185186
pirangi|SP,pirangi,SP,Southeast,-48.66292150064223,-21.097050683190034,7,10.755386904761904
piranguinho|MG,piranguinho,MG,Southeast,-45.53617292633968,-22.4027145,8,17.61542679398148
piranhas|GO,piranhas,GO,Central-West,-51.818386823575906,-16.432230399998662,4,13.274157986111112
pirapetinga|MG,pirapetinga,MG,Southeast,-42.34524133575233,-21.657552779484597,7,12.328083664021165
pirapora do bom jesus|SP,pirapora do bom jesus,SP,Southeast,-47.002958093063846,-23.399894126728977,16,6.717283709490741
pirapora|MG,pirapora,MG,Southeast,-44.933708773072134,-17.342303063567126,42,10.913457341269842
pirapozinho|SP,pirapozinho,SP,Southeast,-51.49888375467775,-22.276420505192757,14,9.337767857142858
pirapo|PR,pirapo,PR,South,-51.535804681774565,-23.559692457013067,1,19.156076388888888
piraquara|PR,piraquara,PR,South,-49.07226630010553,-25.447907798915832,13,10.994837072649572
pirassununga|SP,pirassununga,SP,Southeast,-47.423967959224214,-21.99397856797825,67,11.637378213101162
piratininga|SP,piratininga,SP,Southeast,-49.13740817070234,-22.414446697897635,8,10.817327835648149
piratini|RS,piratini,RS,South,-53.102461453693266,-31.44348794221981,1,23.93372685185185
piratuba|SC,piratuba,SC,South,-51.77319130070453,-27.420257375465702,5,12.976460648148148
pirauba|MG,pirauba,MG,Southeast,-43.02703840391332,-21.272968746741515,3,7.867959104938271
pirenopolis|GO,pirenopolis,GO,Central-West,-48.959986171928605,-15.855610499999996,4,17.782717013888888
pires do rio|GO,pires do rio,GO,Central-West,-48.282677752546064,-17.304023608769885,12,15.92127025462963
pires ferreira|CE,pires ferreira,CE,Northeast,-40.64412862180548,-4.247634390996915,1,25.883842592592593
piripa|BA,piripa,BA,Northeast,-41.71868459839649,-14.943193526785398,2,19.809537037037035
piripiri|PI,piripiri,PI,Northeast,-41.778064060818615,-4.276327767034922,7,16.582757936507935
piritiba|BA,piritiba,BA,Northeast,-40.55536090302155,-11.730068479902942,5,14.615027777777778
pirpirituba|PB,pirpirituba,PB,Northeast,-35.49680936725973,-6.779793390016996,1,19.434988425925926
pitanga|PR,pitanga,PR,South,-51.76326682447936,-24.7583753371102,3,12.521439043209877
pitangueiras|SP,pitangueiras,SP,Southeast,-48.219083519514626,-21.009698989929387,15,10.632476851851852
pitangui|MG,pitangui,MG,Southeast,-44.89198171666868,-19.68416178355147,21,12.403101851851853
pitimbu|PB,pitimbu,PB,Northeast,-34.808150612796595,-7.474283017479785,1,11.358263888888889
piuma|ES,piuma,ES,Southeast,-40.73199542739829,-20.840553495212134,17,13.360867374727668
piumhii|MG,piumhii,MG,Southeast,-45.96141713422532,-20.470089924781412,28,11.388249007936508
piumhi|MG,piumhi,MG,Southeast,-45.96141713422532,-20.470089924781412,3,7.731693672839507
pium|TO,pium,TO,North,-49.17927389719306,-10.441230484585047,1,13.6734375
placas|PA,placas,PA,North,-54.21792404271855,-3.8681474491762944,2,56.35477430555555
planaltina de goias|GO,planaltina de goias,GO,Central-West,-47.60120021499995,-15.454584999999952,2,10.237847222222221
planaltina do parana|PR,planaltina do parana,PR,South,-52.920916196425,-23.02133681726383,1,14.898738425925925
planaltina|GO,planaltina,GO,Central-West,-47.60473273399998,-15.454584999999952,10,13.80151273148148
planaltino|BA,planaltino,BA,Northeast,-40.37050971707123,-13.261762029145656,1,21.12707175925926
planalto|BA,planalto,BA,Northeast,-40.47759556480152,-14.66800822295596,1,21.68263888888889
planalto|PR,planalto,PR,South,-53.76647708419807,-25.72064294312818,4,15.419233217592593
planalto|RS,planalto,RS,South,-53.0588161223638,-27.332838465318332,3,9.667507716049382
planalto|SP,planalto,SP,Southeast,-49.92773095238893,-21.032233280423092,1,4.652615740740741
planura|MG,planura,MG,Southeast,-48.70367583084358,-20.13975091078232,2,9.013547453703705
poa|SP,poa,SP,Southeast,-46.346238276864355,-23.528073991949913,84,6.509297426146384
pocao de pedras|MA,pocao de pedras,MA,Northeast,-44.942838244950394,-4.752375992027931,1,27.359444444444446
pocao|PE,pocao,PE,Northeast,-36.704897505559934,-8.18530301162818,1,23.187083333333334
pocinhos|PB,pocinhos,PB,Northeast,-36.05964217381339,-7.078254231012027,3,22.25466049382716
poco fundo|MG,poco fundo,MG,Southeast,-45.96717264633618,-21.78098906805787,8,14.069341724537038
poco redondo|SE,poco redondo,SE,Northeast,-37.68278240173461,-9.805982674049972,1,9.098391203703704
poco verde|SE,poco verde,SE,Northeast,-38.177678663099435,-10.712039651822504,4,24.251767939814815
pocoes|BA,pocoes,BA,Northeast,-40.367270333657615,-14.528506838176344,2,15.187019675925924
pocos de caldas|MG,pocos de caldas,MG,Southeast,-46.565584849600626,-21.788259192047157,113,12.628004445263848
pocrane|MG,pocrane,MG,Southeast,-41.63499676843618,-19.61889625456582,3,15.80809413580247
pojuca|BA,pojuca,BA,Northeast,-38.32837310702847,-12.425706503878423,13,16.293599537037036
poloni|SP,poloni,SP,Southeast,-49.81535988380554,-20.784732823166237,3,11.677704475308643
pombal|PB,pombal,PB,Northeast,-37.79529701126036,-6.766953359979558,6,18.512935956790123
pombos|PE,pombos,PE,Northeast,-35.395747100576756,-8.141340374920139,1,31.315625
pomerode|SC,pomerode,SC,South,-49.17179755276431,-26.735210530892083,9,10.154652777777777
pompeia|SP,pompeia,SP,Southeast,-50.178282023539516,-22.104972987025352,17,12.057367238562092
pompeu|MG,pompeu,MG,Southeast,-45.00063407953552,-19.22451979434427,11,12.642575757575758
pongai|SP,pongai,SP,Southeast,-49.358572413042566,-21.737384370444076,4,11.420361689814815
ponta grossa|PR,ponta grossa,PR,South,-50.16000603191186,-25.094231884269107,140,12.065873429232804
ponta pora|MS,ponta pora,MS,Central-West,-55.72591171915679,-22.533177424719124,17,15.529390659041393
pontal do parana|PR,pontal do parana,PR,South,-48.44440651546505,-25.645223999999946,8,12.748627025462962
pontalina|GO,pontalina,GO,Central-West,-49.44935444685551,-17.518156445726,2,13.282627314814814
pontalinda|SP,pontalinda,SP,Southeast,-50.52246730435475,-20.440479712099357,2,10.62329861111111
pontal|SP,pontal,SP,Southeast,-48.03704675279472,-21.025501448535998,12,9.358860918209876
pontao|RS,pontao,RS,South,-52.67794826806638,-28.06178503192524,1,19.121956018518517
ponte alta do norte|SC,ponte alta do norte,SC,South,-50.46882327962235,-27.16482234814201,1,8.485474537037037
ponte nova|MG,ponte nova,MG,Southeast,-42.89642624318659,-20.4100278727316,39,12.279743589743589
ponte serrada|SC,ponte serrada,SC,South,-52.01549107967847,-26.872026783872,3,13.561631944444445
pontes e lacerda|MT,pontes e lacerda,MT,Central-West,-59.333290197084864,-15.2319216637812,9,14.602097479423868
pontes gestal|SP,pontes gestal,SP,Southeast,-49.70142022966549,-20.182815357796365,1,13.331875
ponto belo|ES,ponto belo,ES,Southeast,-40.539745629382,-18.12306283083362,1,8.51837962962963
ponto do marambaia|MG,ponto do marambaia,MG,Southeast,-44.95442285575326,-9.290888362386307,1,15.115949074074074
ponto dos volantes|MG,ponto dos volantes,MG,Southeast,-41.50546805501819,-16.75226688699671,2,15.396603009259259
ponto novo|BA,ponto novo,BA,Northeast,-40.13192058234363,-10.864015160557805,1,32.177384259259256
populina|SP,populina,SP,Southeast,-50.5382881803198,-19.94272166420496,1,10.950428240740742
porangaba|SP,porangaba,SP,Southeast,-48.12287683595369,-23.176483409053557,2,7.988657407407407
porangatu|GO,porangatu,GO,Central-West,-49.147183161934976,-13.440861784452997,12,16.32963348765432
porciuncula|RJ,porciuncula,RJ,Southeast,-42.04251216796661,-20.967458166665136,8,12.340868055555555
porecatu|PR,porecatu,PR,South,-51.37934251386626,-22.7537877671447,9,14.949138374485596
portalegre|RN,portalegre,RN,Northeast,-37.98790589616509,-6.025444000746216,2,33.78523148148148
portao|RS,portao,RS,South,-51.23382991140509,-29.69368554157689,10,12.791107638888889
porteiras|CE,porteiras,CE,Northeast,-39.114742727802906,-7.533753687475956,1,9.408935185185186
porteirinha|MG,porteirinha,MG,Southeast,-43.02835015915494,-15.743426174748896,5,20.345372685185186
portelandia|GO,portelandia,GO,Central-West,-52.67840961521809,-17.35619882517208,2,16.387951388888887
portela|RJ,portela,RJ,Southeast,-41.993175988880516,-21.635279875388406,1,28.774305555555557
porto acre|AC,porto acre,AC,North,-67.54378071549554,-9.595002404582806,1,28.61627314814815
porto alegre do norte|MT,porto alegre do norte,MT,Central-West,-51.635298077388846,-10.87980506452956,1,21.720925925925926
porto alegre|RS,porto alegre,RS,South,-51.19448024861386,-30.03751350691113,1320,16.039570636924804
porto amazonas|PR,porto amazonas,PR,South,-49.896029085887825,-25.54842428492408,2,10.322592592592592
porto belo|SC,porto belo,SC,South,-48.57545479253679,-27.155747106172225,9,13.2119341563786
porto calvo|AL,porto calvo,AL,Northeast,-35.39831714616591,-9.05504746611814,2,25.956747685185185
porto de pedras|AL,porto de pedras,AL,Northeast,-35.29669586643556,-9.155345527148668,1,7.3147569444444445
porto esperidiao|MT,porto esperidiao,MT,Central-West,-58.46784009890603,-15.85443401318299,2,33.16142939814815
porto estrela|MT,porto estrela,MT,Central-West,-57.20065491809883,-15.329466368899276,1,9.886759259259259
porto feliz|SP,porto feliz,SP,Southeast,-47.52249609927289,-23.21124348136533,21,8.376669973544974
porto ferreira|SP,porto ferreira,SP,Southeast,-47.479547009279315,-21.857734875394762,26,9.854090544871795
porto firme|MG,porto firme,MG,Southeast,-43.0846617738695,-20.672781415159825,2,8.365648148148148
porto franco|MA,porto franco,MA,Northeast,-47.39551548457139,-6.3418486271497825,2,32.62967013888889
porto grande|AP,porto grande,AP,North,-51.41029959770701,0.7087304780808059,1,22.244641203703704
porto lucena|RS,porto lucena,RS,South,-55.017370879976866,-27.855240504748885,1,17.714756944444446
porto murtinho|MS,porto murtinho,MS,Central-West,-57.88441392735439,-21.699397609328717,1,12.467523148148148
porto nacional|TO,porto nacional,TO,North,-48.40658648976063,-10.70653555337566,8,12.77816116898148
porto real|RJ,porto real,RJ,Southeast,-44.30673502146157,-22.423482000000003,7,32.3528835978836
porto rico|PR,porto rico,PR,South,-53.26766033096884,-22.773401766861895,1,7.481400462962963
porto seguro|BA,porto seguro,BA,Northeast,-39.07585856311037,-16.432305466129215,39,22.71369450379867
porto trombetas|PA,porto trombetas,PA,North,-8.57785501800488,41.14620290949943,2,27.331626157407406
porto uniao|SC,porto uniao,SC,South,-51.08184044585502,-26.250362486521272,14,15.201886574074074
porto velho|RO,porto velho,RO,North,-63.87552318025777,-8.756458065449426,107,19.266642436829354
porto xavier|RS,porto xavier,RS,South,-55.13854135473556,-27.90694089699689,5,12.260083333333334
posse|GO,posse,GO,Central-West,-46.363734278209265,-14.08727378540156,15,18.150569444444443
posto da mata|BA,posto da mata,BA,Northeast,-39.86087419947462,-17.88896510994165,4,14.677922453703705
potengi|CE,potengi,CE,Northeast,-40.02920665048336,-7.092273525996401,2,19.587164351851854
pote|MG,pote,MG,Southeast,-41.78675150919591,-17.80542184284593,3,8.760524691358025
potim|SP,potim,SP,Southeast,-45.25748753892743,-22.838225385446492,2,8.919947916666667
potiragua|BA,potiragua,BA,Northeast,-39.874221880536254,-15.595748022145012,7,14.65354828042328
potirendaba|SP,potirendaba,SP,Southeast,-49.37640342648608,-21.045600324885605,8,10.375151909722222
pouso alegre|MG,pouso alegre,MG,Southeast,-45.93435440552749,-22.232278307809917,127,12.151417049431322
pouso alto|MG,pouso alto,MG,Southeast,-44.97342943162587,-22.196959081861632,3,11.744016203703703
pouso novo|RS,pouso novo,RS,South,-52.22337642558496,-29.156799645179525,1,18.88982638888889
pouso redondo|SC,pouso redondo,SC,South,-49.93294827666639,-27.25715480415264,3,12.413545524691358
poxoreu|MT,poxoreu,MT,Central-West,-54.39518434909404,-15.830333980218803,2,14.162962962962963
pradopolis|SP,pradopolis,SP,Southeast,-48.072412538636975,-21.360061895511276,10,8.103246527777777
prados|MG,prados,MG,Southeast,-44.079538705804026,-21.056445661910637,3,10.284066358024692
prado|BA,prado,BA,Northeast,-39.225084823893255,-17.33826448350878,5,10.923763888888889
praia grande|ES,praia grande,ES,Southeast,-40.18926088786387,-20.0406314302874,1,16.066689814814815
praia grande|SC,praia grande,SC,South,-49.950948465056975,-29.19584950329305,4,16.462511574074075
praia grande|SP,praia grande,SP,Southeast,-46.44662711012716,-24.014540409660096,290,10.695470665708813
praia norte|TO,praia norte,TO,North,-47.8101391620624,-5.395893368695774,1,29.020833333333332
pranchita|PR,pranchita,PR,South,-53.74009735889659,-26.018720318079733,1,20.214641203703703
pratapolis|MG,pratapolis,MG,Southeast,-46.860736594970355,-20.744132790460984,1,13.172256944444445
prata|MG,prata,MG,Southeast,-48.92364575965328,-19.30586133085611,10,11.484664351851851
prata|PB,prata,PB,Northeast,-37.0828479450466,-7.694465659802073,1,13.74193287037037
presidente alves|SP,presidente alves,SP,Southeast,-49.438660374787304,-22.097112859277757,2,8.116990740740741
presidente bernardes|SP,presidente bernardes,SP,Southeast,-51.55565199052677,-22.005865112458203,5,12.034650462962963
presidente castello branco|SC,presidente castello branco,SC,South,-51.808262101003564,-27.22201611706042,1,16.655243055555555
presidente dutra|BA,presidente dutra,BA,Northeast,-41.98903689950129,-11.296030174855288,3,57.621959876543215
presidente dutra|MA,presidente dutra,MA,Northeast,-44.49301116489433,-5.292395039400399,11,24.479215067340068
presidente epitacio|SP,presidente epitacio,SP,Southeast,-52.112292749999995,-21.770324704218734,23,10.19418327294686
presidente getulio|SC,presidente getulio,SC,South,-49.62239033136092,-27.04794385426267,6,15.940061728395062
presidente janio quadros|BA,presidente janio quadros,BA,Northeast,-41.67922177588244,-14.68601547085682,1,12.131122685185185
presidente juscelino|MA,presidente juscelino,MA,Northeast,-44.06273521723484,-2.92319248655288,1,23.13542824074074
presidente kennedy|ES,presidente kennedy,ES,Southeast,-41.044094147707966,-21.102203863693433,2,11.53247685185185
presidente kubitschek|MG,presidente kubitschek,MG,Southeast,-43.5643510738919,-18.616967583713475,2,16.18257523148148
presidente lucena|RS,presidente lucena,RS,South,-51.178495252605934,-29.518398889332634,1,19.836898148148148
presidente medici|MA,presidente medici,MA,Northeast,-45.823916109944825,-2.3810155297393742,1,10.938969907407408
presidente medici|RO,presidente medici,RO,North,-61.90504539652935,-11.170749063899564,2,14.816886574074076
presidente nereu|SC,presidente nereu,SC,South,-49.38817244438349,-27.279824566456217,1,15.79644675925926
presidente olegario|MG,presidente olegario,MG,Southeast,-46.4188059726787,-18.41619612604187,6,12.005902777777777
presidente prudente|SP,presidente prudente,SP,Southeast,-51.401031142344785,-22.12265201794673,157,11.093103621137061
presidente tancredo neves|BA,presidente tancredo neves,BA,Northeast,-39.42293567115004,-13.454370000000004,4,20.653353587962965
presidente venceslau|SP,presidente venceslau,SP,Southeast,-51.84472775967921,-21.876176339641987,21,12.21925319664903
primavera do leste|MT,primavera do leste,MT,Central-West,-54.299142005735106,-15.556810920088854,27,18.49113511659808
primavera|SP,primavera,SP,Southeast,-50.556634360334954,-22.53064269543761,9,16.454274691358027
primeiro de maio|PR,primeiro de maio,PR,South,-51.025676089391,-22.851858607843013,7,15.597843915343915
princesa isabel|PB,princesa isabel,PB,Northeast,-37.9926275217829,-7.736198580921616,1,13.913796296296296
progresso|RS,progresso,RS,South,-52.311733438836946,-29.24289026916926,1,18.40556712962963
promissao|SP,promissao,SP,Southeast,-49.85700359665668,-21.540776809168175,31,10.28061491935484
propria|SE,propria,SE,Northeast,-36.83783485960422,-10.21291719244266,3,15.358657407407408
protasio alves|RS,protasio alves,RS,South,-51.47552439679258,-28.75892051649328,2,16.650144675925926
prudencio thomaz|MS,prudencio thomaz,MS,Central-West,-54.4308726064171,-21.654080365728593,1,20.75604166666667
prudente de morais|MG,prudente de morais,MG,Southeast,-44.15885332561409,-19.47862555988321,2,13.316111111111113
prudentopolis|PR,prudentopolis,PR,South,-50.97993899921565,-25.211508786869217,6,10.139625771604939
pugmil|TO,pugmil,TO,North,-48.92569099999996,-10.421498999999947,1,36.12929398148148
pureza|RJ,pureza,RJ,Southeast,-41.84190658753084,-21.59017961275537,1,12.231377314814814
purilandia|RJ,purilandia,RJ,Southeast,-41.9558264760444,-20.92985757976187,1,23.78230324074074
putinga|RS,putinga,RS,South,-52.15843846606673,-29.000692931050256,2,23.790104166666666
puxinana|PB,puxinana,PB,Northeast,-35.9614392526264,-7.147540843862363,1,21.509398148148147
quadra|SP,quadra,SP,Southeast,-48.055298950086616,-23.298951866897692,2,9.970104166666667
quarai|RS,quarai,RS,South,-56.45087420677286,-30.38361371371264,4,16.301704282407407
quata|SP,quata,SP,Southeast,-50.700544630062254,-22.245953997538347,12,10.070300925925926
quatigua|PR,quatigua,PR,South,-49.91537779846892,-23.56791309234716,5,10.476657407407407
quatis|RJ,quatis,RJ,Southeast,-44.25979552602462,-22.413544521173897,5,11.987805555555555
quatituba|MG,quatituba,MG,Southeast,-41.24904716393082,-19.413979079081606,1,7.473865740740741
quatro barras|PR,quatro barras,PR,South,-49.075822956597584,-25.37037591171133,17,10.601079112200436
quatro bocas|PA,quatro bocas,PA,North,-48.24065130436382,-2.416025434817875,5,20.88460185185185
quatro pontes|PR,quatro pontes,PR,South,-53.97652102523776,-24.571436294613218,1,11.203275462962964
quedas do iguacu|PR,quedas do iguacu,PR,South,-52.91000635199182,-25.45421048994716,8,11.377349537037038
queimadas|BA,queimadas,BA,Northeast,-39.62724520163413,-10.978033500000004,3,16.81880015432099
queimadas|PB,queimadas,PB,Northeast,-35.90087660985694,-7.363413404878551,5,18.39390277777778
queimados|RJ,queimados,RJ,Southeast,-43.561078460179445,-22.717479756570565,52,12.102914218304843
queiroz|SP,queiroz,SP,Southeast,-50.2401467756012,-21.79802836603989,1,6.94082175925926
queixada|MG,queixada,MG,Southeast,-42.014991706917755,-17.275828583692395,1,26.87935185185185
queluz|SP,queluz,SP,Southeast,-44.77266533856568,-22.53687454701067,2,16.46777199074074
querencia do norte|PR,querencia do norte,PR,South,-53.484809778359754,-23.0848504408592,1,19.30912037037037
querencia|MT,querencia,MT,Central-West,-52.2032298754334,-12.592611511628705,10,17.135224537037036
quevedos|RS,quevedos,RS,South,-54.07576175217175,-29.352236897601173,2,20.633206018518518
quijingue|BA,quijingue,BA,Northeast,-39.20803709311541,-10.75435318471449,2,18.69524884259259
quilombo|SC,quilombo,SC,South,-52.71890584500578,-26.728473095705898,4,11.323567708333334
quilometro 14 do mutum|ES,quilometro 14 do mutum,ES,Southeast,-40.905290937201045,-19.39858970116328,1,15.90912037037037
quinta do sol|PR,quinta do sol,PR,South,-52.13206838053973,-23.85049216254596,3,16.37232638888889
quintana|SP,quintana,SP,Southeast,-50.30631164434985,-22.0699891358708,4,44.282245370370376
quipapa|PE,quipapa,PE,Northeast,-36.01182921456689,-8.827370067627754,1,12.751631944444444
quirinopolis|GO,quirinopolis,GO,Central-West,-50.4494571812599,-18.445584486657808,14,19.835877976190478
quissama|RJ,quissama,RJ,Southeast,-41.46946533607489,-22.108713619497166,10,13.865434027777777
quitandinha|PR,quitandinha,PR,South,-49.49909563194385,-25.872260511959603,2,5.233188657407407
quixabeira|BA,quixabeira,BA,Northeast,-40.1239116917418,-11.411778381303268,3,11.84332175925926
quixada|CE,quixada,CE,Northeast,-39.01732492679786,-4.968943886584951,12,22.990055941358023
quixada|PE,quixada,PE,Northeast,-37.85100735374178,-7.71814259871716,1,11.825601851851852
quixelo|CE,quixelo,CE,Northeast,-39.19750238595631,-6.252126183161316,2,12.553431712962963
quixeramobim|CE,quixeramobim,CE,Northeast,-39.29549874620149,-5.1964022146689075,6,19.478404706790123
quixere|CE,quixere,CE,Northeast,-37.98971452102495,-5.072907124328624,2,28.05759837962963
rafard|SP,rafard,SP,Southeast,-47.52851815859589,-23.02001580060169,5,12.182618055555555
rainha do mar|RS,rainha do mar,RS,South,-50.06690688738297,-29.851992469177706,1,32.18517361111111
rancharia|SP,rancharia,SP,Southeast,-50.893814405299274,-22.229935012622892,20,12.043195023148147
rancho alegre d'oeste|PR,rancho alegre d'oeste,PR,South,-52.95627811807546,-24.309179332908005,1,17.32982638888889
rancho alegre|PR,rancho alegre,PR,South,-50.914130836123086,-23.071202479378847,1,8.102141203703704
rancho queimado|SC,rancho queimado,SC,South,-49.01255880594737,-27.672929064948168,2,16.495219907407407
raposos|MG,raposos,MG,Southeast,-43.80505804744016,-19.966597168799925,10,9.814246527777778
raposo|RJ,raposo,RJ,Southeast,-42.112809922459775,-21.09794983470912,3,38.09963348765432
raul soares|MG,raul soares,MG,Southeast,-42.45350252809693,-20.10242056472146,11,18.034044612794613
ravena|MG,ravena,MG,Southeast,-43.7550300821208,-19.79625169187534,1,7.661932870370371
realeza|PR,realeza,PR,South,-53.533228313034165,-25.77085055337259,5,9.34962037037037
reboucas|PR,reboucas,PR,South,-50.6931189865455,-25.624147232734614,6,11.31390625
rechan|SP,rechan,SP,Southeast,-48.31784554740369,-23.59913110904706,2,26.34330439814815
recife|PE,recife,PE,Northeast,-34.90834724999999,-8.056313470858099,591,18.485155221846213
recreio|MG,recreio,MG,Southeast,-42.472099805528,-21.525325999757538,3,13.3546875
redencao da serra|SP,redencao da serra,SP,Southeast,-45.53451777468858,-23.279910193946908,1,12.160798611111112
redencao do gurgueia|PI,redencao do gurgueia,PI,Northeast,-44.58571816918662,-9.485926236105296,1,20.0965625
redencao|CE,redencao,CE,Northeast,-38.72900319998132,-4.22407886661286,4,25.311958912037035
redencao|PA,redencao,PA,North,-50.03569605157837,-8.037988413636953,12,27.331826774691358
redentora|RS,redentora,RS,South,-53.641103103233505,-27.660927494954315,3,15.757372685185185
regeneracao|PI,regeneracao,PI,Northeast,-42.689518204285264,-6.229502034177996,6,15.94110725308642
regente feijo|SP,regente feijo,SP,Southeast,-51.3029702550986,-22.22068369024491,10,11.060015046296297
reginopolis|SP,reginopolis,SP,Southeast,-49.22187591409251,-21.888755067679092,3,9.80272762345679
registro|SP,registro,SP,Southeast,-47.844494347330354,-24.498158731057757,44,11.559258733164983
remanso|BA,remanso,BA,Northeast,-42.0814737989833,-9.62121601918146,5,18.247516203703704
remigio|PB,remigio,PB,Northeast,-35.79518566540295,-6.965863317618751,1,6.257314814814815
renascenca|PR,renascenca,PR,South,-52.97095679637472,-26.157561563236918,4,14.370850694444444
reriutaba|CE,reriutaba,CE,Northeast,-40.58247945970853,-4.142138027521395,3,28.93337962962963
resende costa|MG,resende costa,MG,Southeast,-44.236186489978,-20.921201416062555,3,13.00809413580247
resende|RJ,resende,RJ,Southeast,-44.45678278282071,-22.472161574528197,112,16.834762628141533
reserva do cabacal|MT,reserva do cabacal,MT,Central-West,-58.386406806051085,-15.120376211867235,2,18.65737847222222
reserva do iguacu|PR,reserva do iguacu,PR,South,-52.02999122077654,-25.832454734727403,1,16.008935185185184
reserva|PR,reserva,PR,South,-50.85001331624598,-24.652512147828674,3,10.554456018518518
resplendor|MG,resplendor,MG,Southeast,-41.25526233112589,-19.327463311559647,10,9.199355324074073
ressaquinha|MG,ressaquinha,MG,Southeast,-43.76286926023561,-21.06344025807415,1,6.469004629629629
restinga seca|RS,restinga seca,RS,South,-53.3738497859363,-29.817912260832202,3,10.179054783950617
retirolandia|BA,retirolandia,BA,Northeast,-39.425051744263556,-11.49397897997683,1,14.360162037037037
riachao das neves|BA,riachao das neves,BA,Northeast,-44.91089778515867,-11.748485420944885,2,15.896440972222223
riachao do jacuipe|BA,riachao do jacuipe,BA,Northeast,-39.38244559580095,-11.80858240845637,5,13.928199074074074
riachinho|MG,riachinho,MG,Southeast,-45.99823751448437,-16.220008700233507,2,12.848784722222224
riacho da cruz|RN,riacho da cruz,RN,Northeast,-37.9497825,-5.936202761675508,1,15.156377314814815
riacho das almas|PE,riacho das almas,PE,Northeast,-35.85822712912579,-8.13579852159901,2,13.962459490740741
riacho de santana|BA,riacho de santana,BA,Northeast,-42.936426666508886,-13.611989386333562,4,20.418049768518518
riacho de santo antonio|PB,riacho de santo antonio,PB,Northeast,-36.147249471640464,-7.696598290303212,1,45.44818287037037
riacho dos machados|MG,riacho dos machados,MG,Southeast,-43.04624378163259,-16.00372220764116,3,9.707947530864198
riachuelo|SE,riachuelo,SE,Northeast,-37.18691710406286,-10.731304315166852,1,13.313969907407408
rianapolis|GO,rianapolis,GO,Central-West,-49.5792994326897,-15.317314943699383,4,26.92600115740741
ribas do rio pardo|MS,ribas do rio pardo,MS,Central-West,-53.7601214004736,-20.4506164164643,1,12.222881944444444
ribeira do amparo|BA,ribeira do amparo,BA,Northeast,-38.43105018029532,-11.040966136804384,1,19.80384259259259
ribeira do pombal|BA,ribeira do pombal,BA,Northeast,-38.53789070651605,-10.837055804174268,8,18.78389178240741
ribeirao bonito|SP,ribeirao bonito,SP,Southeast,-48.17913790448453,-22.065295430652395,7,20.422501653439156
ribeirao branco|SP,ribeirao branco,SP,Southeast,-48.768054008721336,-24.223425170248227,2,15.032806712962962
ribeirao cascalheira|MT,ribeirao cascalheira,MT,Central-West,-51.8248485,-12.937744686787463,1,25.71792824074074
ribeirao claro|PR,ribeirao claro,PR,South,-49.757851145064286,-23.19685765742738,5,15.877671296296297
ribeirao das neves|MG,ribeirao das neves,MG,Southeast,-44.023271705378306,-19.77765823446339,98,11.439768518518518
ribeirao do pinhal|PR,ribeirao do pinhal,PR,South,-50.35684932539077,-23.407305412164757,5,12.383418981481482
ribeirao do sul|SP,ribeirao do sul,SP,Southeast,-49.93189142200691,-22.784840675598026,3,6.084760802469136
ribeirao pires|SP,ribeirao pires,SP,Southeast,-46.41263813258163,-23.70477136119785,106,8.187365041928722
ribeirao preto|SP,ribeirao preto,SP,Southeast,-47.80187851542229,-21.182286894341278,491,9.692842107000075
ribeirao vermelho|MG,ribeirao vermelho,MG,Southeast,-45.05981806218175,-21.185276376000548,2,10.509403935185185
ribeiraozinho|MT,ribeiraozinho,MT,Central-West,-52.69291792304641,-16.489404294257042,2,16.084386574074074
ribeirao|PE,ribeirao,PE,Northeast,-35.37699327626262,-8.516683085356835,4,22.14238425925926
ribeira|SP,ribeira,SP,Southeast,-49.00815261227631,-24.657928199735508,3,11.433024691358025
ribeiro junqueira|MG,ribeiro junqueira,MG,Southeast,-44.00995343801027,-19.821904368372316,1,43.23606481481482
ribeiropolis|SE,ribeiropolis,SE,Northeast,-37.43515248708781,-10.538184648376909,1,17.28806712962963
rifaina|SP,rifaina,SP,Southeast,-47.42477531083081,-20.079889863113472,2,5.206608796296296
rincao|SP,rincao,SP,Southeast,-48.076032334422074,-21.586110488851133,1,10.552835648148148
rinopolis|SP,rinopolis,SP,Southeast,-50.72387501570218,-21.727622973288288,2,7.0410358796296295
rio acima|MG,rio acima,MG,Southeast,-43.79031505894773,-20.089447176031527,8,10.883485243055556
rio azul|PR,rio azul,PR,South,-50.790991909479594,-25.725535786921675,5,14.278261574074074
rio bananal|ES,rio bananal,ES,Southeast,-40.331922013737085,-19.26740519936543,3,14.901041666666666
rio bonito do iguacu|PR,rio bonito do iguacu,PR,South,-52.52703646756953,-25.49271259981778,4,11.767256944444444
rio bonito|RJ,rio bonito,RJ,Southeast,-42.62882877464098,-22.71104562596596,27,14.538133144718794
rio branco do sul|PR,rio branco do sul,PR,South,-49.315682786336794,-25.1858569137143,6,12.495470679012346
rio branco|AC,rio branco,AC,North,-67.828796737997,-9.968815683567625,69,21.033596517713367
rio branco|MT,rio branco,MT,Central-West,-58.11426815199801,-15.240008088065432,3,10.33423225308642
rio brilhante|MS,rio brilhante,MS,Central-West,-54.54343198348405,-21.80023657514804,11,13.365613425925925
rio casca|MG,rio casca,MG,Southeast,-42.650617931886586,-20.225723305474975,5,9.835252314814815
rio claro|RJ,rio claro,RJ,Southeast,-44.13443571879529,-22.72544902170398,2,24.506747685185186
rio claro|SP,rio claro,SP,Southeast,-47.56375829336661,-22.40992251985108,150,8.375361651234568
rio das antas|SC,rio das antas,SC,South,-51.07453772400516,-26.894729534324078,2,20.066197916666667
rio das flores|RJ,rio das flores,RJ,Southeast,-43.58219633416255,-22.167981326373056,6,19.59109953703704
rio das ostras|RJ,rio das ostras,RJ,Southeast,-41.93111845636348,-22.50991544681899,129,19.41680501722653
rio das pedras|SP,rio das pedras,SP,Southeast,-47.60747191840859,-22.84155735684581,10,10.332157407407408
rio de contas|BA,rio de contas,BA,Northeast,-41.811628402437975,-13.58092814077475,3,11.288375771604938
rio de janeiro|RJ,rio de janeiro,RJ,Southeast,-43.28638470439734,-22.922355824860112,6539,14.77101040480762
rio do antonio|BA,rio do antonio,BA,Northeast,-42.07701793857206,-14.410646245263921,2,12.16564236111111
rio do campo|SC,rio do campo,SC,South,-50.14106534867963,-26.948519828257812,4,13.51142361111111
rio do oeste|SC,rio do oeste,SC,South,-49.79454902835316,-27.19530304415389,3,16.213113425925926
rio do pires|BA,rio do pires,BA,Northeast,-42.29141698904013,-13.125453347082944,4,23.277641782407407
rio do sul|SC,rio do sul,SC,South,-49.640669599053794,-27.214762141686712,34,15.152617102396514
rio doce|MG,rio doce,MG,Southeast,-42.89746258976762,-20.245931545279472,1,19.679375
rio dos cedros|SC,rio dos cedros,SC,South,-49.274294783001366,-26.741208307041763,1,20.469270833333333
rio dos indios|RS,rio dos indios,RS,South,-52.84197539853551,-27.304967891544617,1,11.874328703703704
rio espera|MG,rio espera,MG,Southeast,-43.47524155708372,-20.85781815058801,1,7.73875
rio formoso|PE,rio formoso,PE,Northeast,-35.15273168809089,-8.662069397360291,2,18.498130787037038
rio fortuna|SC,rio fortuna,SC,South,-49.110473074082535,-28.13766757203691,3,12.281331018518518
rio grande da serra|SP,rio grande da serra,SP,Southeast,-46.39608699347911,-23.74556817384167,25,8.115157407407407
rio grande do piaui|PI,rio grande do piaui,PI,Northeast,-43.13636548212117,-7.777163626566641,1,13.638807870370371
rio grande|RS,rio grande,RS,South,-52.1155097159392,-32.04026630648149,120,16.76509905478395
rio largo|AL,rio largo,AL,Northeast,-35.83827448879295,-9.485737751213325,6,19.923632330246914
rio manso|MG,rio manso,MG,Southeast,-44.31000440253871,-20.2664109243734,5,10.700752314814816
rio maria|PA,rio maria,PA,North,-50.04856097749095,-7.313416957555913,3,21.736211419753086
rio negrinho|SC,rio negrinho,SC,South,-49.52063478336091,-26.254807660291267,13,12.700827101139602
rio negro|PR,rio negro,PR,South,-49.79183179515071,-26.093895424014725,15,12.187780092592593
rio novo do sul|ES,rio novo do sul,ES,Southeast,-40.93594761768967,-20.8634892246454,6,19.167613811728394
rio novo|MG,rio novo,MG,Southeast,-43.12660467672835,-21.47602474210747,4,8.30144675925926
rio paranaiba|MG,rio paranaiba,MG,Southeast,-46.24165116482613,-19.19653838125353,9,9.74894675925926
rio pardo de minas|MG,rio pardo de minas,MG,Southeast,-42.54222653547194,-15.616638730701885,5,12.829377314814813
rio pardo|RS,rio pardo,RS,South,-52.37515369275811,-29.98300176025576,5,15.673578703703702
rio piracicaba|MG,rio piracicaba,MG,Southeast,-43.17152521585271,-19.92650793956952,4,11.35017650462963
rio pomba|MG,rio pomba,MG,Southeast,-43.17844630062484,-21.271112012256644,6,17.30698302469136
rio preto|MG,rio preto,MG,Southeast,-43.828902136054545,-22.08584699999999,4,14.030075231481483
rio real|BA,rio real,BA,Northeast,-37.933366416341464,-11.486702562394209,3,18.252631172839507
rio rufino|SC,rio rufino,SC,South,-49.780867741423194,-27.862017068560547,1,6.795254629629629
rio tinto|PB,rio tinto,PB,Northeast,-35.08010208128955,-6.804203405501295,2,29.997395833333336
rio verde|GO,rio verde,GO,Central-West,-50.931356231413254,-17.79517280352074,62,17.469947729988053
rio verde|PR,rio verde,PR,South,-52.87775898122082,-24.474612953774336,1,16.220983796296295
riolandia|SP,riolandia,SP,Southeast,-49.680087314057666,-19.981811198801395,3,6.010879629629629
riqueza|SC,riqueza,SC,South,-53.32342145431333,-27.067621128613823,3,15.034506172839507
ritapolis|MG,ritapolis,MG,Southeast,-44.324819611573965,-21.026306608581663,3,7.779861111111111
riversul|SP,riversul,SP,Southeast,-49.43422294709223,-23.828887268667827,1,9.83087962962963
roca sales|RS,roca sales,RS,South,-51.871739161458756,-29.28689888663335,2,6.227297453703704
rodeio bonito|RS,rodeio bonito,RS,South,-53.16963384672404,-27.47391895326147,2,19.974143518518517
rodeio|SC,rodeio,SC,South,-49.36466412276854,-26.90788801527196,6,13.050868055555556
rodeiro|MG,rodeiro,MG,Southeast,-42.86567190869077,-21.20075771527842,3,11.730420524691358
rodelas|BA,rodelas,BA,Northeast,-38.76717595696288,-8.846843083825311,3,15.7408487654321
rodolfo fernandes|RN,rodolfo fernandes,RN,Northeast,-38.06058969394825,-5.787986966146579,2,28.855954861111112
rolandia|PR,rolandia,PR,South,-51.36612369156025,-23.312292978422285,24,11.587777777777777
rolante|RS,rolante,RS,South,-50.57698899359471,-29.652135594722612,9,13.093729423868313
rolim de moura|RO,rolim de moura,RO,North,-61.777863906442434,-11.723155356956768,7,16.998290343915343
romaria|MG,romaria,MG,Southeast,-47.58562801546481,-18.88477590776774,2,13.216238425925926
romelandia|SC,romelandia,SC,South,-53.319058278243915,-26.67769147065359,1,13.52443287037037
roncador|PR,roncador,PR,South,-52.27725358180283,-24.595065805614908,2,14.221238425925925
ronda alta|RS,ronda alta,RS,South,-52.80712750824529,-27.78180057976435,6,23.035279706790124
rondon do para|PA,rondon do para,PA,North,-48.06884080612588,-4.776773248483349,8,21.54784577546296
rondonopolis|MT,rondonopolis,MT,Central-West,-54.63185070288171,-16.468072584799973,63,16.64654412845385
rondon|PR,rondon,PR,South,-52.77325178178859,-23.416792879704037,2,7.6878877314814815
roque gonzales|RS,roque gonzales,RS,South,-55.02623324920838,-28.131472669908085,5,11.828060185185185
rosana|SP,rosana,SP,Southeast,-53.056194562024984,-22.578873973324225,4,11.643616898148148
rosario do ivai|PR,rosario do ivai,PR,South,-51.25081288438688,-24.25471880669312,1,15.98855324074074
rosario do sul|RS,rosario do sul,RS,South,-54.91883002260803,-30.256065260483723,14,20.285453042328044
rosario|MA,rosario,MA,Northeast,-44.250054481674454,-2.9415647168656536,1,16.17712962962963
roseira|SP,roseira,SP,Southeast,-45.307934503711735,-22.899128942418635,5,6.596668981481481
rubelita|MG,rubelita,MG,Southeast,-42.261840632017645,-16.405428004410517,1,16.132337962962964
rubiacea|SP,rubiacea,SP,Southeast,-50.729111626803,-21.2992398876632,2,6.857783564814815
rubiataba|GO,rubiataba,GO,Central-West,-49.80336922000167,-15.162916110955186,7,12.098817791005292
rubim|MG,rubim,MG,Southeast,-40.539688502709616,-16.377031144619966,3,13.834795524691359
rubineia|SP,rubineia,SP,Southeast,-51.00113194992903,-20.172407009642836,1,63.845729166666665
russas|CE,russas,CE,Northeast,-37.97332670543816,-4.939452174037927,8,22.74646846064815
ruy barbosa|BA,ruy barbosa,BA,Northeast,-40.49522134504001,-12.28451324423175,7,17.46388888888889
sabara|MG,sabara,MG,Southeast,-43.85907316094473,-19.88183506603185,42,9.633302469135803
sabaudia|PR,sabaudia,PR,South,-51.554291795585186,-23.319350497315668,1,12.193425925925926
sabinopolis|MG,sabinopolis,MG,Southeast,-43.08265816034162,-18.667129710746483,5,11.466733796296296
sabino|SP,sabino,SP,Southeast,-49.57688492575681,-21.46058690545908,3,8.812908950617285
saboeiro|CE,saboeiro,CE,Northeast,-39.90312834566765,-6.537409301080264,1,21.671238425925925
sacra familia do tingua|RJ,sacra familia do tingua,RJ,Southeast,-43.60635391978753,-22.487367931073106,1,7.582870370370371
sacramento|MG,sacramento,MG,Southeast,-47.443123441417015,-19.870686547370532,12,12.771728395061729
sales oliveira|SP,sales oliveira,SP,Southeast,-47.84088527716005,-20.766758261129812,6,12.605908564814815
salesopolis|SP,salesopolis,SP,Southeast,-45.84955881583171,-23.530781704553334,9,10.806712962962964
sales|SP,sales,SP,Southeast,-49.50029195673907,-21.342302934514667,5,10.399824074074074
salgado filho|PR,salgado filho,PR,South,-53.35964147986709,-26.174076826525173,3,19.459880401234567
salgueiro|PE,salgueiro,PE,Northeast,-39.12325027204929,-8.071547014849036,17,14.536020561002179
salinas da margarida|BA,salinas da margarida,BA,Northeast,-38.759929155379254,-12.8750238479101,1,28.032152777777778
salinas|MG,salinas,MG,Southeast,-42.29265478337428,-16.16690142735075,22,13.020489267676767
salmourao|SP,salmourao,SP,Southeast,-50.858896383360744,-21.623919407740296,2,7.770190972222222
saloa|PE,saloa,PE,Northeast,-36.68823899999999,-8.97519809519112,2,16.006574074074074
salobro|BA,salobro,BA,Northeast,-41.75396975925798,-11.860459652819213,1,20.789537037037036
saltinho|SP,saltinho,SP,Southeast,-47.67647659866766,-22.84439189515598,5,7.210782407407407
salto da divisa|MG,salto da divisa,MG,Southeast,-39.94875819742358,-15.999569413948034,2,11.934311342592594
salto de pirapora|SP,salto de pirapora,SP,Southeast,-47.5761217787836,-23.650244312827898,12,12.844202353395062
salto do ceu|MT,salto do ceu,MT,Central-West,-58.130436198065176,-15.128562199244442,2,15.859027777777778
salto do itarare|PR,salto do itarare,PR,South,-49.62824852802052,-23.606364829160224,1,10.795023148148148
salto do jacui|RS,salto do jacui,RS,South,-53.21443308228514,-29.090152565293735,4,13.126947337962964
salto do lontra|PR,salto do lontra,PR,South,-53.30868125828593,-25.783832336890388,4,19.34947627314815
salto grande|SP,salto grande,SP,Southeast,-49.98262906819992,-22.888799488296037,1,5.2914814814814815
salto veloso|SC,salto veloso,SC,South,-51.406403051554896,-26.906489106481487,4,15.487141203703704
salto|SP,salto,SP,Southeast,-47.294568557377815,-23.193263808211693,87,7.893913500425713
salvador do sul|RS,salvador do sul,RS,South,-51.50836022820977,-29.437960689717173,1,8.955300925925926
salvador|BA,salvador,BA,Northeast,-38.46387616648835,-12.968642761839638,1171,19.412507600736944
sananduva|RS,sananduva,RS,South,-51.8101607295964,-27.950215886994506,6,15.597156635802468
sanclerlandia|GO,sanclerlandia,GO,Central-West,-50.312328929840135,-16.201243066814335,4,13.25222511574074
sandolandia|TO,sandolandia,TO,North,-49.92597408212603,-12.539789793978668,1,16.375775462962963
sanga puita|MS,sanga puita,MS,Central-West,-55.62833176241239,-22.620252432503314,1,27.218761574074072
sangao|SC,sangao,SC,South,-49.10782742245828,-28.66871848493736,3,21.15256172839506
sanharo|PE,sanharo,PE,Northeast,-36.56277312784847,-8.3621247813276,3,26.196631944444444
santa adelia|SP,santa adelia,SP,Southeast,-48.80464071141578,-21.24208336331261,15,11.07390663580247
santa albertina|SP,santa albertina,SP,Southeast,-50.727482412171994,-20.031993188803344,6,6.886379243827161
santa amelia|PR,santa amelia,PR,South,-50.42845391364631,-23.267790397510304,1,22.091261574074075
santa barbara d oeste|SP,santa barbara d oeste,SP,Southeast,-47.40660558343875,-22.749152165855243,4,10.62615162037037
santa barbara d'oeste|SP,santa barbara d'oeste,SP,Southeast,-47.39718332642716,-22.75742680561254,118,8.082904111738857
santa barbara do para|PA,santa barbara do para,PA,North,-48.29370779522394,-1.2305180682644596,1,21.776516203703704
santa barbara do sul|RS,santa barbara do sul,RS,South,-53.24963650974671,-28.366725766869717,2,26.827141203703704
santa barbara|MG,santa barbara,MG,Southeast,-43.40998780661888,-19.961046450998765,25,13.481208796296297
santa branca|SP,santa branca,SP,Southeast,-45.884859018856616,-23.39857669000071,9,13.510772890946502
santa brigida|BA,santa brigida,BA,Northeast,-38.12733838645225,-9.734524967835082,1,20.099444444444444
santa cecilia do pavao|PR,santa cecilia do pavao,PR,South,-50.78270902705132,-23.519001796725135,1,15.297002314814815
santa cecilia|PB,santa cecilia,PB,Northeast,-35.87951585810637,-7.742462115412979,1,36.12951388888889
santa cecilia|SC,santa cecilia,SC,South,-50.419024427484224,-26.963228360144896,4,16.823900462962964
santa clara d'oeste|SP,santa clara d'oeste,SP,Southeast,-50.92705575,-20.092271933074464,1,13.943530092592592
santa clara do sul|RS,santa clara do sul,RS,South,-52.0862625,-29.468636077990652,2,10.44582175925926
santa cruz cabralia|BA,santa cruz cabralia,BA,Northeast,-39.026519071777095,-16.285004525009693,5,22.981877314814813
santa cruz da conceicao|SP,santa cruz da conceicao,SP,Southeast,-47.45185365380892,-22.13930856851368,4,11.992734375
santa cruz das palmeiras|SP,santa cruz das palmeiras,SP,Southeast,-47.248710999015806,-21.826360625665494,9,11.257714763374485
santa cruz de goias|GO,santa cruz de goias,GO,Central-West,-48.483549591674674,-17.31577140249432,2,67.58378472222222
santa cruz de minas|MG,santa cruz de minas,MG,Southeast,-44.22643403512566,-21.119705680914247,5,13.896525462962963
santa cruz de monte castelo|PR,santa cruz de monte castelo,PR,South,-53.2951745645044,-22.95824970863352,4,12.236383101851853
santa cruz de salinas|MG,santa cruz de salinas,MG,Southeast,-41.74819435383341,-16.095051,2,31.962569444444444
santa cruz do capibaribe|PE,santa cruz do capibaribe,PE,Northeast,-36.20404254641438,-7.953162354376635,11,17.67012415824916
santa cruz do piaui|PI,santa cruz do piaui,PI,Northeast,-41.7656753589155,-7.180897889910466,1,12.960289351851852
santa cruz do prata|MG,santa cruz do prata,MG,Southeast,-48.92200810636418,-19.321724888523093,2,20.66304976851852
santa cruz do rio pardo|SP,santa cruz do rio pardo,SP,Southeast,-49.62588476420329,-22.897542889850193,34,9.063756127450981
santa cruz do sul|RS,santa cruz do sul,RS,South,-52.429568373086376,-29.717175968713285,62,15.58165994623656
santa cruz do timbo|SC,santa cruz do timbo,SC,South,-50.883609999999976,-26.38638999999995,1,12.970034722222222
santa cruz|PE,santa cruz,PE,Northeast,-40.331611105454144,-8.239659392944597,2,30.51556712962963
santa cruz|RN,santa cruz,RN,Northeast,-36.0218673905708,-6.229494181591242,4,23.906397569444444
santa ernestina|SP,santa ernestina,SP,Southeast,-48.3909609637834,-21.46186533591358,2,9.938802083333332
santa fe de goias|GO,santa fe de goias,GO,Central-West,-51.10280221998166,-15.769661294191618,4,17.969849537037035
santa fe de minas|MG,santa fe de minas,MG,Southeast,-45.414337139078356,-16.69433541613592,1,9.513101851851852
santa fe do sul|SP,santa fe do sul,SP,Southeast,-50.92692375841509,-20.205736928022972,34,11.659387595315904
santa fe|PR,santa fe,PR,South,-51.809081596930106,-23.03891721552109,5,18.84876388888889
santa filomena|PE,santa filomena,PE,Northeast,-40.61417041344868,-8.162258689598863,1,15.84300925925926
santa gertrudes|SP,santa gertrudes,SP,Southeast,-47.53747679508115,-22.45534962413416,11,12.238315446127945
santa helena de goias|GO,santa helena de goias,GO,Central-West,-50.59779499885079,-17.814010842623144,9,12.383310185185184
santa helena de minas|MG,santa helena de minas,MG,Southeast,-40.684514328121836,-16.93789725437648,1,7.260625
santa helena|MA,santa helena,MA,Northeast,-45.30036614755764,-2.237248053170605,3,18.52205632716049
santa helena|PR,santa helena,PR,South,-54.3354525000898,-24.860543130075577,9,15.458614969135802
santa ines|BA,santa ines,BA,Northeast,-39.81925705005109,-13.291903557180015,3,25.551060956790124
santa ines|MA,santa ines,MA,Northeast,-45.380189477347024,-3.6602813067358984,12,22.642131558641974
santa isabel do ivai|PR,santa isabel do ivai,PR,South,-53.19457010219605,-23.005133712427337,3,9.372465277777778
santa isabel do para|PA,santa isabel do para,PA,North,-48.16014012499999,-1.2998814205764289,6,17.900578703703705
santa isabel do rio preto|RJ,santa isabel do rio preto,RJ,Southeast,-44.06723687845337,-22.229305821201326,1,10.616122685185186
santa isabel|SP,santa isabel,SP,Southeast,-46.227061818199104,-23.317709589364075,28,8.201833664021164
santa izabel do oeste|PR,santa izabel do oeste,PR,South,-53.48016285983327,-25.817355884600904,2,12.26386574074074
santa juliana|MG,santa juliana,MG,Southeast,-47.5301437963199,-19.312166112307224,7,11.41342261904762
santa leopoldina|ES,santa leopoldina,ES,Southeast,-40.52823104534188,-20.10042227416532,1,10.39582175925926
santa lucia|PR,santa lucia,PR,South,-53.56845671420429,-25.407410692412437,1,11.089814814814815
santa lucia|SP,santa lucia,SP,Southeast,-48.0843521215837,-21.68514077978852,3,6.95076774691358
santa luzia do norte|AL,santa luzia do norte,AL,Northeast,-35.82322113037122,-9.599857822660145,1,17.591087962962963
santa luzia do parua|MA,santa luzia do parua,MA,Northeast,-45.775792829166896,-2.546109367444638,1,13.493298611111111
santa luzia|MA,santa luzia,MA,Northeast,-45.662620281701166,-3.965070688330572,2,16.727581018518517
santa luzia|MG,santa luzia,MG,Southeast,-43.90445149999994,-19.78262782460409,87,11.870791028097063
santa luzia|PB,santa luzia,PB,Northeast,-36.91704041696582,-6.8725992110603835,5,28.63235416666667
santa margarida|MG,santa margarida,MG,Southeast,-42.25100156352556,-20.38420747537149,2,14.588038194444444
santa maria da boa vista|PE,santa maria da boa vista,PE,Northeast,-39.824879984911526,-8.802304398439084,2,15.730972222222222
santa maria da serra|SP,santa maria da serra,SP,Southeast,-48.15740443002697,-22.569322054629243,2,6.113246527777778
santa maria da vitoria|BA,santa maria da vitoria,BA,Northeast,-44.200200447002956,-13.391033521202127,13,18.654112357549856
santa maria de itabira|MG,santa maria de itabira,MG,Southeast,-43.11414250427422,-19.4499026121446,3,12.846782407407407
santa maria de jetiba|ES,santa maria de jetiba,ES,Southeast,-40.74280786938749,-20.026829505872033,15,14.535470679012345
santa maria do herval|RS,santa maria do herval,RS,South,-50.97445339911661,-29.49861999999996,1,14.974618055555556
santa maria do para|PA,santa maria do para,PA,North,-47.57414276696964,-1.347212062466243,2,25.35751736111111
santa maria do salto|MG,santa maria do salto,MG,Southeast,-40.14959011042423,-16.250474361613378,1,12.234386574074074
santa maria do suacui|MG,santa maria do suacui,MG,Southeast,-42.41895346803927,-18.188519673164826,2,19.394079861111113
santa maria madalena|RJ,santa maria madalena,RJ,Southeast,-42.008885099198935,-21.9594702481839,7,14.330276124338624
santa mariana|PR,santa mariana,PR,South,-50.517898846288325,-23.147259675619058,4,10.262607060185186
santa maria|DF,santa maria,DF,Central-West,-48.026874560870354,-16.02828167950004,1,19.12496527777778
santa maria|RJ,santa maria,RJ,Southeast,-43.37912434176968,-21.7559355150009,1,83.75633101851852
santa maria|RN,santa maria,RN,Northeast,-35.692963484542844,-5.84076151578525,1,17.98960648148148
santa maria|RS,santa maria,RS,South,-53.811816361435646,-29.69236525549595,191,16.1103441923599
santa mercedes|SP,santa mercedes,SP,Southeast,-51.75319624860667,-21.352555249410397,2,11.041215277777777
santa monica|PR,santa monica,PR,South,-53.10818122884264,-23.119514605838177,1,9.347511574074074
santa quiteria do maranhao|MA,santa quiteria do maranhao,MA,Northeast,-42.56472773334181,-3.5018824910541912,1,33.92541666666666
santa quiteria|CE,santa quiteria,CE,Northeast,-40.154361613749,-4.335655108467395,5,16.05521990740741
santa rita d'oeste|SP,santa rita d'oeste,SP,Southeast,-50.83132378536088,-20.14499505690943,3,8.59576774691358
santa rita da floresta|RJ,santa rita da floresta,RJ,Southeast,-42.45638999999994,-21.87916999999993,1,21.06304398148148
santa rita de caldas|MG,santa rita de caldas,MG,Southeast,-46.332758211060614,-22.031192445576153,6,11.159469521604938
santa rita de jacutinga|MG,santa rita de jacutinga,MG,Southeast,-44.09392663206775,-22.14957226489784,1,7.756111111111111
santa rita de minas|MG,santa rita de minas,MG,Southeast,-42.133050543125655,-19.87277337147399,3,15.63111111111111
santa rita do araguaia|GO,santa rita do araguaia,GO,Central-West,-53.20439182863237,-17.326222403931226,7,15.223406084656085
santa rita do ibitipoca|MG,santa rita do ibitipoca,MG,Southeast,-43.915985571852865,-21.56256252840956,2,12.684010416666666
santa rita do itueto|MG,santa rita do itueto,MG,Southeast,-41.3803072295356,-19.357732236569532,1,13.19056712962963
santa rita do passa quatro|SP,santa rita do passa quatro,SP,Southeast,-47.4805304364198,-21.704857555540613,17,8.603883442265795
santa rita do sapucai|MG,santa rita do sapucai,MG,Southeast,-45.70557966603161,-22.2492531099986,35,15.365620701058202
santa rita|MA,santa rita,MA,Northeast,-44.324910322950686,-3.1395691080492782,1,13.80255787037037
santa rita|PB,santa rita,PB,Northeast,-34.98087698611938,-7.1317447743056706,6,17.377193287037038
santa rosa de lima|SC,santa rosa de lima,SC,South,-49.12634233011072,-28.039462300719425,3,13.31264274691358
santa rosa de viterbo|SP,santa rosa de viterbo,SP,Southeast,-47.36725041967031,-21.484069360080973,13,8.545242165242165
santa rosa do sul|SC,santa rosa do sul,SC,South,-49.71518015214837,-29.13554146481562,1,34.56175925925926
santa rosa|RS,santa rosa,RS,South,-54.47437890091068,-27.865002228763785,32,14.978634982638889
santa salete|SP,santa salete,SP,Southeast,-50.68923701299494,-20.245485345199008,1,11.037152777777777
santa teresa|ES,santa teresa,ES,Southeast,-40.600929446278315,-19.935348241816065,10,19.303644675925927
santa teresinha|BA,santa teresinha,BA,Northeast,-39.52301771102001,-12.770347628955994,2,13.452164351851852
santa tereza do oeste|PR,santa tereza do oeste,PR,South,-53.617696800536606,-25.053276006123276,3,9.985216049382716
santa terezinha de itaipu|PR,santa terezinha de itaipu,PR,South,-54.40078556444748,-25.442762067969603,3,12.9595987654321
santa terezinha|PE,santa terezinha,PE,Northeast,-37.479420355180736,-7.375730588898031,1,16.49945601851852
santa terezinha|SC,santa terezinha,SC,South,-50.00667995233087,-26.779246089038796,1,46.19063657407408
santa vitoria do palmar|RS,santa vitoria do palmar,RS,South,-53.36436067327848,-33.52197132824981,12,15.944723186728396
santa vitoria|MG,santa vitoria,MG,Southeast,-50.126203424939945,-18.846777404775622,17,11.785646105664489
santaluz|BA,santaluz,BA,Northeast,-39.37549923608914,-11.254104623929937,3,57.26260416666667
santana da boa vista|RS,santana da boa vista,RS,South,-53.113538437302886,-30.873626546143186,2,15.685405092592593
santana da vargem|MG,santana da vargem,MG,Southeast,-45.506441516041036,-21.251124744651833,4,17.08509548611111
santana de parnaiba|SP,santana de parnaiba,SP,Southeast,-46.8821892773317,-23.462226420064173,173,7.227899941126097
santana de pirapama|MG,santana de pirapama,MG,Southeast,-44.04326685076015,-19.00524998229702,1,13.159722222222221
santana do acarau|CE,santana do acarau,CE,Northeast,-40.208837765404525,-3.459902263478073,4,17.683081597222223
santana do araguaia|PA,santana do araguaia,PA,North,-50.340225984489784,-9.336353847396552,2,18.221736111111113
santana do capivari|MG,santana do capivari,MG,Southeast,-44.934288459528794,-22.24796007791617,1,13.663368055555555
santana do cariri|CE,santana do cariri,CE,Northeast,-39.736936960582945,-7.186956957839439,3,20.8026774691358
santana do deserto|MG,santana do deserto,MG,Southeast,-43.16656816022176,-21.950807507637336,1,16.173506944444444
santana do ipanema|AL,santana do ipanema,AL,Northeast,-37.248590733082374,-9.37221645594271,1,24.357488425925926
santana do itarare|PR,santana do itarare,PR,South,-49.62765312901874,-23.754593922178984,1,17.616493055555555
santana do jacare|MG,santana do jacare,MG,Southeast,-45.12907358462823,-20.90100080622384,4,20.791177662037036
santana do livramento|RS,santana do livramento,RS,South,-55.53611516713792,-30.88864871572389,19,13.470526315789474
santana do manhuacu|MG,santana do manhuacu,MG,Southeast,-41.92508515467097,-20.107287694243595,3,6.820115740740741
santana do mundau|AL,santana do mundau,AL,Northeast,-36.22061155758987,-9.170199624135789,3,12.57136188271605
santana do paraiso|MG,santana do paraiso,MG,Southeast,-42.54867999999993,-19.38620780146814,15,11.13704475308642
santana do serido|RN,santana do serido,RN,Northeast,-36.73547799678492,-6.772411587315027,2,9.94789351851852
santana do sobrado|BA,santana do sobrado,BA,Northeast,-40.904625177247425,-12.836939790054958,1,24.616354166666667
santana dos montes|MG,santana dos montes,MG,Southeast,-43.68783675878608,-20.788254619444803,2,20.31462962962963
santana|AP,santana,AP,North,-51.1728839876273,-0.044094312862081084,9,22.85113297325103
santana|BA,santana,BA,Northeast,-44.05003107249351,-12.981217696833912,3,20.314899691358022
santanesia|RJ,santanesia,RJ,Southeast,-43.8151480119354,-22.526567640924863,4,18.29453125
santarem|PA,santarem,PA,North,-54.71304339549161,-2.426887126999578,43,33.0178569121447
santiago|RS,santiago,RS,South,-54.86751986111217,-29.18931886171497,26,15.522083333333333
santo amaro da imperatriz|SC,santo amaro da imperatriz,SC,South,-48.77517880689086,-27.68563833904726,11,25.173597432659932
santo amaro das brotas|SE,santo amaro das brotas,SE,Northeast,-37.05285743237949,-10.787005352253743,1,21.128611111111113
santo amaro de campos|RJ,santo amaro de campos,RJ,Southeast,-46.70118026145688,-23.627099659994517,6,15.59752700617284
santo amaro|BA,santo amaro,BA,Northeast,-38.70708921289294,-12.549801514059943,10,19.51734259259259
santo anastacio|SP,santo anastacio,SP,Southeast,-51.65331351431385,-21.976550724657617,17,11.077196350762527
santo andre|PB,santo andre,PB,Northeast,-36.63355991201459,-7.221183860031728,1,30.826944444444443
santo andre|SP,santo andre,SP,Southeast,-46.52425375944701,-23.662566512592033,768,7.871394811559607
santo angelo|RS,santo angelo,RS,South,-54.26350495310216,-28.30435881574406,44,13.58098721590909
santo antonio da alegria|SP,santo antonio da alegria,SP,Southeast,-47.153842131708565,-21.090105631768857,3,6.721068672839507
santo antonio da patrulha|RS,santo antonio da patrulha,RS,South,-50.52062226297281,-29.831082094211954,17,15.118279547930284
santo antonio da platina|PR,santo antonio da platina,PR,South,-50.07713999340842,-23.295260668789506,12,12.74450038580247
santo antonio das missoes|RS,santo antonio das missoes,RS,South,-55.22620569546957,-28.507698984223513,4,10.543975694444445
santo antonio das queimadas|PE,santo antonio das queimadas,PE,Northeast,-36.62521091833055,-9.828342384889478,1,18.95753472222222
santo antonio de jesus|BA,santo antonio de jesus,BA,Northeast,-39.26049923033821,-12.969957239014386,28,16.122290013227513
santo antonio de padua|RJ,santo antonio de padua,RJ,Southeast,-42.18554742179934,-21.53928413381573,29,15.741171376117496
santo antonio de posse|SP,santo antonio de posse,SP,Southeast,-46.91887161356906,-22.605298322148823,20,8.722545717592594
santo antonio do amparo|MG,santo antonio do amparo,MG,Southeast,-44.92058672150883,-20.9455895772235,4,12.488156828703705
santo antonio do aracangua|SP,santo antonio do aracangua,SP,Southeast,-50.495990667382095,-20.935397545388295,1,8.175717592592592
santo antonio do aventureiro|MG,santo antonio do aventureiro,MG,Southeast,-42.81566561411991,-21.755803269294034,1,6.826863425925926
santo antonio do caiua|PR,santo antonio do caiua,PR,South,-52.34634377408081,-22.739726548265764,1,10.631608796296296
santo antonio do canaa|ES,santo antonio do canaa,ES,Southeast,-69.5697972742775,0.9169337981635319,1,21.39784722222222
santo antonio do descoberto|GO,santo antonio do descoberto,GO,Central-West,-48.25995668272027,-15.950671319544275,4,20.68978877314815
santo antonio do grama|MG,santo antonio do grama,MG,Southeast,-42.60945435152806,-20.317371620685893,2,8.386805555555556
santo antonio do itambe|MG,santo antonio do itambe,MG,Southeast,-43.30578201301864,-18.464736112265264,3,10.566747685185184
santo antonio do jacinto|MG,santo antonio do jacinto,MG,Southeast,-40.17613801216739,-16.53302090015017,7,15.833521825396826
santo antonio do jardim|SP,santo antonio do jardim,SP,Southeast,-46.68372358940387,-22.116238540413732,4,9.817219328703704
santo antonio do leste|MT,santo antonio do leste,MT,Central-West,-53.61038727654029,-14.800784306285452,1,11.035914351851853
santo antonio do leverger|MT,santo antonio do leverger,MT,Central-West,-56.07842123877563,-15.864503019926694,1,14.133020833333333
santo antonio do monte|MG,santo antonio do monte,MG,Southeast,-45.29043321794628,-20.09103088290889,14,13.373172123015873
santo antonio do palma|RS,santo antonio do palma,RS,South,-52.015086339160206,-28.497683999999943,2,12.215376157407407
santo antonio do pinhal|SP,santo antonio do pinhal,SP,Southeast,-45.66731287442627,-22.82511772565659,2,7.952609953703703
santo antonio do planalto|RS,santo antonio do planalto,RS,South,-52.69266140029978,-28.398265359161613,1,11.667083333333334
santo antonio do rio abaixo|MG,santo antonio do rio abaixo,MG,Southeast,-43.25270778692868,-19.228277984126322,1,21.276064814814816
santo antonio do sudoeste|PR,santo antonio do sudoeste,PR,South,-53.725882445075115,-26.07030137782587,3,19.47971836419753
santo antonio do taua|PA,santo antonio do taua,PA,North,-48.12969098364073,-1.152284274325296,1,25.80318287037037
santo antonio dos campos|MG,santo antonio dos campos,MG,Southeast,-44.97265938067478,-20.10599458940798,1,15.131712962962963
santo antonio|RN,santo antonio,RN,Northeast,-35.48144122966271,-6.312510243172289,1,12.257291666666667
santo augusto|RS,santo augusto,RS,South,-53.77767935440607,-27.85153248439475,8,15.956443865740741
santo cristo|RS,santo cristo,RS,South,-54.664433669703044,-27.826616566660647,7,20.031340939153438
santo estevao|BA,santo estevao,BA,Northeast,-39.25137117419349,-12.432429901362395,5,14.806261574074073
santo expedito do sul|RS,santo expedito do sul,RS,South,-51.66425149999996,-27.935255999999946,1,9.893993055555555
santo expedito|SP,santo expedito,SP,Southeast,-51.395558002976315,-21.85146154206996,1,7.310162037037037
santo hipolito|MG,santo hipolito,MG,Southeast,-44.22161728886746,-18.296839308174945,1,11.193391203703703
santo inacio|PR,santo inacio,PR,South,-51.79019661547541,-22.69750927251912,1,11.44005787037037
santos dumont|MG,santos dumont,MG,Southeast,-43.55227210351685,-21.45843451210791,21,12.54980930335097
santos|SP,santos,SP,Southeast,-46.32677018694087,-23.966109471002326,688,9.256307348864127
sao benedito do rio preto|MA,sao benedito do rio preto,MA,Northeast,-43.5276069945464,-3.330301924779068,1,24.458912037037038
sao benedito do sul|PE,sao benedito do sul,PE,Northeast,-35.93186235375432,-8.806995383194497,1,19.837974537037038
sao benedito|CE,sao benedito,CE,Northeast,-40.86482711491164,-4.044563288757206,4,17.94867476851852
sao benedito|MG,sao benedito,MG,Southeast,-46.82546472179877,-18.83711802813843,1,18.66378472222222
sao bentinho|PB,sao bentinho,PB,Northeast,-37.724273999999994,-6.891203294538563,1,15.75954861111111
sao bento abade|MG,sao bento abade,MG,Southeast,-45.072124226591285,-21.584385425399155,1,12.031157407407408
sao bento do sapucai|SP,sao bento do sapucai,SP,Southeast,-45.73272511251681,-22.688145304341642,7,11.519533730158729
sao bento do sul|SC,sao bento do sul,SC,South,-49.379972233877815,-26.244452427059596,44,13.66285274621212
sao bento do una|PE,sao bento do una,PE,Northeast,-36.4467710468556,-8.521418287176235,4,21.67142361111111
sao bento|MA,sao bento,MA,Northeast,-44.831853052065085,-2.7002770940586864,2,34.53346064814815
sao bento|PB,sao bento,PB,Northeast,-37.449847261854096,-6.491336855655832,3,13.682326388888889
sao bernardino|SC,sao bernardino,SC,South,-52.96499579866151,-26.472825,1,13.916574074074074
sao bernardo do campo|SP,sao bernardo do campo,SP,Southeast,-46.56158498222641,-23.708508755236668,903,8.102844902280465
sao bernardo|MA,sao bernardo,MA,Northeast,-42.42210509444374,-3.3644029125639565,3,13.77216049382716
sao bonifacio|SC,sao bonifacio,SC,South,-48.929463009869366,-27.89612499191092,1,12.679814814814815
sao borja|RS,sao borja,RS,South,-56.00416999195216,-28.657680443097405,18,15.409666923868313
sao bras do suacui|MG,sao bras do suacui,MG,Southeast,-43.951340072163106,-20.62624600901347,2,10.303923611111111
sao bras|AL,sao bras,AL,Northeast,-36.898839497412084,-10.126440337605306,1,32.28755787037037
sao caetano do sul|SP,sao caetano do sul,SP,Southeast,-46.566780988891495,-23.62399052207277,271,8.10896819905699
sao carlos do ivai|PR,sao carlos do ivai,PR,South,-52.477200652976755,-23.31751518905481,1,5.219571759259259
sao carlos|SC,sao carlos,SC,South,-53.00522828396128,-27.080648036053034,5,20.42961111111111
sao carlos|SP,sao carlos,SP,Southeast,-47.890698907645636,-22.014427485140583,228,9.866350816276803
sao cristovao do sul|SC,sao cristovao do sul,SC,South,-50.44008905793708,-27.265602255272366,1,7.038773148148148
sao cristovao|SE,sao cristovao,SE,Northeast,-37.123278897673956,-10.934949218889045,7,17.29183531746032
sao desiderio|BA,sao desiderio,BA,Northeast,-44.9771080818527,-12.363179295579522,1,16.16582175925926
sao domingos das dores|MG,sao domingos das dores,MG,Southeast,-42.01266214006071,-19.52973499687694,1,7.997442129629629
sao domingos do araguaia|PA,sao domingos do araguaia,PA,North,-48.732501104568456,-5.539276354203519,1,15.317835648148149
sao domingos do maranhao|MA,sao domingos do maranhao,MA,Northeast,-44.38358201022786,-5.579927094800687,2,16.18620949074074
sao domingos do norte|ES,sao domingos do norte,ES,Southeast,-40.622464664126696,-19.144288218101547,7,24.14858630952381
sao domingos do prata|MG,sao domingos do prata,MG,Southeast,-42.968208407541226,-19.866115557111847,4,11.393179976851851
sao domingos|BA,sao domingos,BA,Northeast,-39.525896557558056,-11.463288169670115,3,13.017341820987655
sao domingos|MG,sao domingos,MG,Southeast,-42.781134178935986,-21.68022108656747,1,19.15284722222222
sao domingos|PE,sao domingos,PE,Northeast,-40.30665951351365,-20.12146841794372,1,35.882974537037036
sao domingos|SC,sao domingos,SC,South,-52.53131722074243,-26.560937326635337,2,14.91894675925926
sao felipe|BA,sao felipe,BA,Northeast,-39.09000394682124,-12.847308041973305,2,25.869224537037038
sao felix de minas|MG,sao felix de minas,MG,Southeast,-41.48824264260306,-18.589660548548963,1,6.504907407407408
sao felix do araguaia|MT,sao felix do araguaia,MT,Central-West,-50.67193248698583,-11.618016498686206,1,18.33483796296296
sao felix do coribe|BA,sao felix do coribe,BA,Northeast,-44.19575097996335,-13.402789200822284,1,15.624456018518519
sao felix do xingu|PA,sao felix do xingu,PA,North,-51.97888176371889,-6.640243467734186,8,34.26484519675926
sao felix|BA,sao felix,BA,Northeast,-38.969317713533194,-12.607040403624948,1,36.169375
sao fidelis|RJ,sao fidelis,RJ,Southeast,-41.74860286365206,-21.64714183576035,23,12.086186090982286
sao francisco de assis|RS,sao francisco de assis,RS,South,-55.12731649999997,-29.55278013216831,2,30.03125578703704
sao francisco de itabapoana|RJ,sao francisco de itabapoana,RJ,Southeast,-41.10327839542529,-21.490219999999965,15,14.172175925925925
sao francisco de paula|MG,sao francisco de paula,MG,Southeast,-44.985187268766225,-20.707931458482708,2,9.4928993055555555
sao francisco de paula|RS,sao francisco de paula,RS,South,-50.58159206696469,-29.447177092842487,5,15.407592592592593
sao francisco do brejao|MA,sao francisco do brejao,MA,Northeast,-47.38560835743813,-5.125076066905363,1,30.07724537037037
sao francisco do conde|BA,sao francisco do conde,BA,Northeast,-38.677651012176845,-12.626027615308908,3,10.29917824074074
sao francisco do gloria|MG,sao francisco do gloria,MG,Southeast,-42.26948917575467,-20.78935512491058,1,5.816226851851852
sao francisco do guapore|RO,sao francisco do guapore,RO,North,-63.57193142137397,-12.060983879740572,2,17.597864583333333
sao francisco do sul|SC,sao francisco do sul,SC,South,-48.62667916437812,-26.243788027900305,16,18.36054832175926
sao francisco|MG,sao francisco,MG,Southeast,-44.86196299976521,-15.95509666919713,12,12.468299575617284
sao francisco|PB,sao francisco,PB,Northeast,-38.0966798603428,-6.617943590143187,1,23.900474537037038
sao francisco|SE,sao francisco,SE,Northeast,-36.885285377441825,-10.348854293107118,3,21.162148919753086
sao francisco|SP,sao francisco,SP,Southeast,-50.696733562959395,-20.35985657274928,2,10.921909722222221
sao gabriel da palha|ES,sao gabriel da palha,ES,Southeast,-40.53797602173904,-19.017603926176488,13,15.378939636752136
sao gabriel do oeste|MS,sao gabriel do oeste,MS,Central-West,-54.57819155553403,-19.39263722644093,7,10.365504298941799
sao gabriel|RS,sao gabriel,RS,South,-54.32236153049168,-30.33782999040136,23,15.974281400966184
sao geraldo da piedade|MG,sao geraldo da piedade,MG,Southeast,-42.290051701815635,-18.846154784963574,1,14.287222222222223
sao geraldo do baguari|MG,sao geraldo do baguari,MG,Southeast,-42.83361997245811,-20.92537238943141,1,9.498958333333333
sao geraldo|MG,sao geraldo,MG,Southeast,-42.83358255122553,-20.921972004746983,4,9.862960069444444
sao goncalo do abaete|MG,sao goncalo do abaete,MG,Southeast,-45.832995362858554,-18.34038080446734,2,11.898680555555554
sao goncalo do amarante|CE,sao goncalo do amarante,CE,Northeast,-38.96771999999993,-3.6076570614016217,5,19.96851851851852
sao goncalo do amarante|RN,sao goncalo do amarante,RN,Northeast,-35.27391645760484,-5.774610635999965,6,17.530100308641973
sao goncalo do para|MG,sao goncalo do para,MG,Southeast,-44.85501789315008,-19.984906672922232,3,16.788510802469137
sao goncalo do rio abaixo|MG,sao goncalo do rio abaixo,MG,Southeast,-43.358669538598235,-19.824298039656497,6,11.174116512345678
sao goncalo do rio das pedras|MG,sao goncalo do rio das pedras,MG,Southeast,-43.49513066653356,-18.4217619970472,1,15.628553240740741
sao goncalo do rio preto|MG,sao goncalo do rio preto,MG,Southeast,-43.37968454077997,-18.005194153802403,3,14.827299382716049
sao goncalo do sapucai|MG,sao goncalo do sapucai,MG,Southeast,-45.59208199999995,-21.892295943841503,8,12.230910011574073
sao goncalo|RJ,sao goncalo,RJ,Southeast,-43.02533695174372,-22.828092168355855,382,18.872772778504945
sao gotardo|MG,sao gotardo,MG,Southeast,-46.05001823735698,-19.31467881193368,19,15.565249147173489
sao jeronimo|RS,sao jeronimo,RS,South,-51.72073122746001,-29.96200154732287,7,11.943463955026456
sao joao batista do gloria|MG,sao joao batista do gloria,MG,Southeast,-46.50612992529091,-20.635872344818402,3,12.067025462962963
sao joao batista|MA,sao joao batista,MA,Northeast,-44.79805414171036,-2.9587627765931317,1,40.993854166666665
sao joao batista|SC,sao joao batista,SC,South,-48.85062372371532,-27.276284657703677,10,15.146679398148148
sao joao d'alianca|GO,sao joao d'alianca,GO,Central-West,-47.52460365040033,-14.707097062406822,3,22.44726466049383
sao joao da barra|RJ,sao joao da barra,RJ,Southeast,-41.04520349605082,-21.639537448348893,15,15.379194444444444
sao joao da boa vista|SP,sao joao da boa vista,SP,Southeast,-46.795694051741215,-21.9725602790242,78,11.50281517094017
sao joao da mata|MG,sao joao da mata,MG,Southeast,-45.9263801644232,-21.93367420400954,2,18.166440972222222
sao joao da parauna|GO,sao joao da parauna,GO,Central-West,-50.40752804308044,-16.81908799734793,1,8.513055555555555
sao joao da ponte|MG,sao joao da ponte,MG,Southeast,-44.00628219040259,-15.930415686815415,1,6.487916666666667
sao joao da urtiga|RS,sao joao da urtiga,RS,South,-51.8287478866646,-27.816527022524685,1,4.764780092592592
sao joao das missoes|MG,sao joao das missoes,MG,Southeast,-44.087317369836505,-14.881155955525909,2,9.279195601851852
sao joao de iracema|SP,sao joao de iracema,SP,Southeast,-50.35263767719198,-20.513840608427547,3,21.00664351851852
sao joao de meriti|RJ,sao joao de meriti,RJ,Southeast,-43.37095227573905,-22.790631827247473,123,17.808122177055104
sao joao de petropolis|ES,sao joao de petropolis,ES,Southeast,-40.626739587261234,-19.879860634382204,1,21.169212962962963
sao joao de pirabas|PA,sao joao de pirabas,PA,North,-47.17777032325635,-0.7719884999999979,2,46.48278935185185
sao joao del rei|MG,sao joao del rei,MG,Southeast,-44.24866664599798,-21.12924254287614,66,13.406857638888889
sao joao do ivai|PR,sao joao do ivai,PR,South,-51.818817999691085,-23.99206040691,2,14.5765625
sao joao do manhuacu|MG,sao joao do manhuacu,MG,Southeast,-42.151578792208795,-20.39279539440947,2,8.648061342592593
sao joao do manteninha|MG,sao joao do manteninha,MG,Southeast,-41.16105864734056,-18.723155020300464,3,12.020366512345678
sao joao do oriente|MG,sao joao do oriente,MG,Southeast,-42.15943293852479,-19.33996671673545,2,8.506979166666667
sao joao do paraiso|MA,sao joao do paraiso,MA,Northeast,-47.056036299101095,-6.465509051906997,1,39.906851851851854
sao joao do paraiso|MG,sao joao do paraiso,MG,Southeast,-42.01871650851686,-15.314436628644323,4,9.715109953703704
sao joao do paraiso|RJ,sao joao do paraiso,RJ,Southeast,-44.43441861563548,-21.414790266113123,1,27.531956018518517
sao joao do piaui|PI,sao joao do piaui,PI,Northeast,-42.252412079480735,-8.357789041981444,5,14.557875000000001
sao joao do sabugi|RN,sao joao do sabugi,RN,Northeast,-37.201549815325585,-6.7173928941452745,1,12.620451388888888
sao joao do sobrado|ES,sao joao do sobrado,ES,Southeast,-40.40530641206723,-18.3195975217391,1,17.232025462962962
sao joao do sul|SC,sao joao do sul,SC,South,-49.807275988064504,-29.22273308946867,2,16.21954861111111
sao joao do triunfo|PR,sao joao do triunfo,PR,South,-50.29818101486417,-25.684337307279897,2,15.150219907407408
sao joao dos patos|MA,sao joao dos patos,MA,Northeast,-43.702633702143366,-6.496087921464191,7,23.641805555555553
sao joao evangelista|MG,sao joao evangelista,MG,Southeast,-42.76616956765656,-18.548645207655657,6,16.95367862654321
sao joao nepomuceno|MG,sao joao nepomuceno,MG,Southeast,-43.01369226184115,-21.53686861533376,14,14.114359292328041
sao joao|PE,sao joao,PE,Northeast,-36.367008020106475,-8.87514861574168,1,15.203993055555555
sao joao|PR,sao joao,PR,South,-52.72724660371381,-25.826721891873827,11,16.35863952020202
sao joaquim da barra|SP,sao joaquim da barra,SP,Southeast,-47.86315577415144,-20.58539612477616,34,14.130303989651416
sao joaquim de bicas|MG,sao joaquim de bicas,MG,Southeast,-44.262463674959385,-20.047946200290113,8,14.735538194444445
sao joaquim do monte|PE,sao joaquim do monte,PE,Northeast,-35.80886527653992,-8.43218196835063,1,17.215416666666666
sao joaquim|SC,sao joaquim,SC,South,-49.93378018274397,-28.291132840240245,9,14.999387860082305
sao jorge d'oeste|PR,sao jorge d'oeste,PR,South,-52.91822149999996,-25.707792524327775,1,15.009386574074075
sao jorge do ivai|PR,sao jorge do ivai,PR,South,-52.29247065533275,-23.43315604851893,1,27.80236111111111
sao jorge do oeste|PR,sao jorge do oeste,PR,South,-52.91822149999996,-25.707792524327775,1,15.812141203703703
sao jorge do patrocinio|PR,sao jorge do patrocinio,PR,South,-53.87901228987831,-23.763423083008632,2,9.350468750000001
sao jorge|RS,sao jorge,RS,South,-51.70564367354062,-28.501002360118648,1,12.959583333333333
sao jose da barra|MG,sao jose da barra,MG,Southeast,-46.31793343933677,-20.718752279487987,6,10.756506558641975
sao jose da bela vista|SP,sao jose da bela vista,SP,Southeast,-47.64052678537415,-20.59359711396994,3,10.701273148148148
sao jose da boa vista|PR,sao jose da boa vista,PR,South,-49.65165829437156,-23.918458884636042,1,11.92925925925926
sao jose da coroa grande|PE,sao jose da coroa grande,PE,Northeast,-35.14798207928178,-8.896718914343705,2,26.54543402777778
sao jose da laje|AL,sao jose da laje,AL,Northeast,-36.05642847852084,-9.009147339762745,2,29.46724537037037
sao jose da lapa|MG,sao jose da lapa,MG,Southeast,-43.96944446940118,-19.70812687720496,8,12.802957175925926
sao jose da tapera|AL,sao jose da tapera,AL,Northeast,-37.381661459287244,-9.55912839777023,1,19.012627314814814
sao jose da vitoria|BA,sao jose da vitoria,BA,Northeast,-39.3377170664705,-15.082327489999658,2,8.597326388888888
sao jose de mipibu|RN,sao jose de mipibu,RN,Northeast,-35.2400793430033,-6.069457983724762,3,17.79483410493827
sao jose de ribamar|MA,sao jose de ribamar,MA,Northeast,-44.16749072382656,-2.5532633808629557,14,28.532402447089947
sao jose de uba|RJ,sao jose de uba,RJ,Southeast,-41.9393967078406,-21.35889456078915,3,12.607496141975309
sao jose do barreiro|SP,sao jose do barreiro,SP,Southeast,-44.578005254957105,-22.644688712752306,3,17.501886574074074
sao jose do belmonte|PE,sao jose do belmonte,PE,Northeast,-38.758583813050635,-7.864327730485263,2,24.10080439814815
sao jose do calcado|ES,sao jose do calcado,ES,Southeast,-41.65509103061869,-21.02783363471191,6,13.53604938271605
sao jose do campestre|RN,sao jose do campestre,RN,Northeast,-35.71158345602781,-6.3201382565029816,1,12.944016203703704
sao jose do cedro|SC,sao jose do cedro,SC,South,-53.500627279895504,-26.4543845594824,5,14.995666666666667
sao jose do cerrito|SC,sao jose do cerrito,SC,South,-50.58051513995481,-27.65982068518517,3,10.09647762345679
sao jose do divino|MG,sao jose do divino,MG,Southeast,-41.38567993393275,-18.47927585879523,1,15.981238425925927
sao jose do divino|PI,sao jose do divino,PI,Northeast,-41.83259144397354,-3.8115364411251655,1,15.132256944444444
sao jose do egito|PE,sao jose do egito,PE,Northeast,-37.2758494203737,-7.4725275316546735,4,14.355497685185185
sao jose do goiabal|MG,sao jose do goiabal,MG,Southeast,-42.70709325091504,-19.92549455465309,2,13.805028935185184
sao jose do hortencio|RS,sao jose do hortencio,RS,South,-51.25125946321924,-29.546021998512444,2,9.44808449074074
sao jose do inhacora|RS,sao jose do inhacora,RS,South,-54.12735888843683,-27.726140759559115,1,16.460844907407406
sao jose do norte|RS,sao jose do norte,RS,South,-52.039584272637704,-32.012859882111286,7,10.19173115079365
sao jose do ouro|RS,sao jose do ouro,RS,South,-51.59469085060238,-27.772745410419983,5,13.944909722222222
sao jose do piaui|PI,sao jose do piaui,PI,Northeast,-41.476273254060445,-6.871341108975912,1,12.85962962962963
sao jose do ribeirao|RJ,sao jose do ribeirao,RJ,Southeast,-42.39805999999993,-22.204999999999927,1,21.01962962962963
sao jose do rio claro|MT,sao jose do rio claro,MT,Central-West,-56.7224560457329,-13.452389924246887,2,15.627135416666668
sao jose do rio pardo|SP,sao jose do rio pardo,SP,Southeast,-46.89379332908108,-21.6007537006066,44,12.143902567340067
sao jose do rio preto|SP,sao jose do rio preto,SP,Southeast,-49.38355728398542,-20.808642337297865,326,9.48870654396728
sao jose do serido|RN,sao jose do serido,RN,Northeast,-36.87811349594814,-6.448250114755105,1,24.97261574074074
sao jose do turvo|RJ,sao jose do turvo,RJ,Southeast,-44.018923656234676,-22.36305999999996,3,15.701701388888889
sao jose do vale do rio preto|RJ,sao jose do vale do rio preto,RJ,Southeast,-42.929629234016204,-22.16000780212817,12,13.881652199074074
sao jose do xingu|MT,sao jose do xingu,MT,Central-West,-52.73766495782079,-10.802991386924742,1,28.89846064814815
sao jose dos campos|SP,sao jose dos campos,SP,Southeast,-45.8889238709389,-23.21087131779099,660,8.596324424803592
sao jose dos cordeiros|PB,sao jose dos cordeiros,PB,Northeast,-36.80645019319417,-7.390804828107616,1,16.450127314814814
sao jose dos pinhais|PR,sao jose dos pinhais,PR,South,-49.17680752633661,-25.533491657510517,126,10.879583976337448
sao jose dos quatro marcos|MT,sao jose dos quatro marcos,MT,Central-West,-58.18223059387061,-15.626698917891504,2,14.024299768518517
sao jose|SC,sao jose,SC,South,-48.62448683786694,-27.584453407960247,162,15.316686456904435
sao leopoldo|RS,sao leopoldo,RS,South,-51.14646136219634,-29.76675511843083,102,14.947623570261438
sao lourenco da mata|PE,sao lourenco da mata,PE,Northeast,-35.03802024271451,-7.999084653796789,11,22.0747117003367
sao lourenco da serra|SP,sao lourenco da serra,SP,Southeast,-46.94690334426688,-23.85403551708688,12,7.045778356481481
sao lourenco do oeste|SC,sao lourenco do oeste,SC,South,-52.850706214524905,-26.357217444341924,9,12.958290895061728
sao lourenco do piaui|PI,sao lourenco do piaui,PI,Northeast,-42.544389853520286,-9.169084034367527,1,13.980138888888888
sao lourenco do sul|RS,sao lourenco do sul,RS,South,-51.976696172896695,-31.36595574856923,14,14.929310515873016
sao lourenco|MG,sao lourenco,MG,Southeast,-45.05460113360568,-22.117806682472153,32,12.01239113136574
sao ludgero|SC,sao ludgero,SC,South,-49.17755227307007,-28.328199955080542,3,22.17767361111111
sao luis de montes belos|GO,sao luis de montes belos,GO,Central-West,-50.374154295252886,-16.517461733875813,7,20.474541997354496
sao luis do curu|CE,sao luis do curu,CE,Northeast,-39.24007999999998,-3.670851026960459,2,22.70705439814815
sao luis do paraitinga|SP,sao luis do paraitinga,SP,Southeast,-45.30908014762533,-23.2224345,3,11.18210262345679
sao luis do quitunde|AL,sao luis do quitunde,AL,Northeast,-35.562035340706686,-9.31736932544046,2,38.96092592592593
sao luis|MA,sao luis,MA,Northeast,-44.248319994864104,-2.5325131715264684,329,20.54819877152989
sao luiz do norte|GO,sao luiz do norte,GO,Central-West,-49.33054400889083,-14.861035578140392,1,9.02181712962963
sao luiz gonzaga|RS,sao luiz gonzaga,RS,South,-54.95904036591946,-28.40802144822714,15,11.04133950617284
sao mamede|PB,sao mamede,PB,Northeast,-37.09644008472189,-6.927377151418117,1,7.233344907407408
sao manuel|SP,sao manuel,SP,Southeast,-48.57036494898419,-22.73655379159668,20,9.735721064814815
sao marcos|RS,sao marcos,RS,South,-51.06940700731315,-28.970045688209577,9,13.823285751028807
sao martinho|RS,sao martinho,RS,South,-53.96312999999998,-27.709237691284965,1,13.609768518518518
sao martinho|SC,sao martinho,SC,South,-48.97853845650907,-28.166286809287776,2,10.39382523148148
sao mateus de minas|MG,sao mateus de minas,MG,Southeast,-46.03526215592884,-22.707410124912013,1,29.387118055555554
sao mateus do maranhao|MA,sao mateus do maranhao,MA,Northeast,-44.46711742807497,-4.0366713258713425,3,22.824567901234566
sao mateus do sul|PR,sao mateus do sul,PR,South,-50.38536447183937,-25.867285836313258,15,13.479925925925926
sao mateus|ES,sao mateus,ES,Southeast,-39.85497839593817,-18.71731746644557,44,13.644838752104377
sao miguel arcanjo|SP,sao miguel arcanjo,SP,Southeast,-47.996544769731614,-23.87975945152801,13,8.922804487179487
sao miguel das matas|BA,sao miguel das matas,BA,Northeast,-39.4554469866446,-13.048714356255775,1,22.93865740740741
sao miguel do aleixo|SE,sao miguel do aleixo,SE,Northeast,-37.37878589064772,-10.386074758058108,1,18.046064814814816
sao miguel do araguaia|GO,sao miguel do araguaia,GO,Central-West,-50.16302848445971,-13.274311423804331,4,12.235202546296296
sao miguel do gostoso|RN,sao miguel do gostoso,RN,Northeast,-35.64212942108453,-5.1207458315661825,2,33.4211400462963
sao miguel do guama|PA,sao miguel do guama,PA,North,-47.47837325396073,-1.6166569727096125,5,22.35611111111111
sao miguel do guapore|RO,sao miguel do guapore,RO,North,-62.71717809487473,-11.696186932018117,4,21.527230902777777
sao miguel do iguacu|PR,sao miguel do iguacu,PR,South,-54.24097236064912,-25.346475031155016,9,13.440940072016462
sao miguel do oeste|SC,sao miguel do oeste,SC,South,-53.518667424888754,-26.731781999999995,37,13.675381631631632
sao miguel do tapuio|PI,sao miguel do tapuio,PI,Northeast,-41.32437492176845,-5.5017422678274555,2,5.401151620370371
sao miguel dos campos|AL,sao miguel dos campos,AL,Northeast,-36.09422123669181,-9.781794716534792,2,40.689375
sao miguel|RN,sao miguel,RN,Northeast,-38.49644286897417,-6.21208115570251,4,16.385060763888887
sao nicolau|RS,sao nicolau,RS,South,-55.26238333664395,-28.185359232888207,1,20.964826388888888
sao patricio|GO,sao patricio,GO,Central-West,-49.820113727808064,-15.350104400294445,1,4.286793981481481
sao paulo das missoes|RS,sao paulo das missoes,RS,South,-54.93462928375988,-28.02301215092707,2,15.13296875
sao paulo do potengi|RN,sao paulo do potengi,RN,Northeast,-35.76264725405866,-5.895238352169923,2,21.783101851851853
sao paulo|SP,sao paulo,SP,Southeast,-46.64818240521669,-23.564652963204427,14822,8.099652818383085
sao pedro da agua branca|MA,sao pedro da agua branca,MA,Northeast,-48.42811914614635,-5.0806666571547074,1,19.182962962962964
sao pedro da aldeia|RJ,sao pedro da aldeia,RJ,Southeast,-42.09954018378407,-22.83742787077815,46,16.62568614130435
sao pedro da uniao|MG,sao pedro da uniao,MG,Southeast,-46.61926541554794,-21.128647581619465,3,12.37016975308642
sao pedro de alcantara|SC,sao pedro de alcantara,SC,South,-48.7897718598256,-27.56839746977137,2,12.10576388888889
sao pedro do butia|RS,sao pedro do butia,RS,South,-54.89345327930205,-28.12436815432312,1,9.907037037037037
sao pedro do iguacu|PR,sao pedro do iguacu,PR,South,-53.85909795019674,-24.932135500729583,1,43.96011574074074
sao pedro do ivai|PR,sao pedro do ivai,PR,South,-51.8571631668244,-23.865516713438943,3,14.458734567901235
sao pedro do sul|RS,sao pedro do sul,RS,South,-54.18089365549615,-29.617428662632385,1,18.373715277777777
sao pedro do turvo|SP,sao pedro do turvo,SP,Southeast,-49.74053250771808,-22.74729894533123,2,14.277621527777779
sao pedro dos ferros|MG,sao pedro dos ferros,MG,Southeast,-42.52423380122053,-20.17136874759879,4,10.814976851851851
sao pedro|SP,sao pedro,SP,Southeast,-47.905760992478,-22.550666560653582,11,13.17277882996633
sao rafael|RN,sao rafael,RN,Northeast,-36.88554141177762,-5.8028670013190435,1,21.227997685185183
sao raimundo nonato|PI,sao raimundo nonato,PI,Northeast,-42.69233354223391,-9.014215309049334,7,16.350367063492065
sao romao|MG,sao romao,MG,Southeast,-45.07116107849313,-16.366735592190835,4,10.554036458333334
sao roque de minas|MG,sao roque de minas,MG,Southeast,-46.36707749544965,-20.247035162464496,2,10.491087962962963
sao roque do canaa|ES,sao roque do canaa,ES,Southeast,-40.659022125700936,-19.739049217279636,5,18.069921296296297
sao roque|SP,sao roque,SP,Southeast,-47.13097349778183,-23.531196801775152,74,9.263931587837838
sao sebastiao da amoreira|PR,sao sebastiao da amoreira,PR,South,-50.76003801650501,-23.46404507306668,1,20.169594907407408
sao sebastiao da boa vista|PA,sao sebastiao da boa vista,PA,North,-49.53153469978126,-1.7159217919779817,2,15.410341435185185
sao sebastiao da grama|SP,sao sebastiao da grama,SP,Southeast,-46.8219897324574,-21.710090812643873,4,16.07646412037037
sao sebastiao de campos|RJ,sao sebastiao de campos,RJ,Southeast,-47.17771949914005,-22.21457099002868,1,34.05550925925926
sao sebastiao do alto|RJ,sao sebastiao do alto,RJ,Southeast,-42.134978629613684,-21.955578090399648,3,13.187145061728394
sao sebastiao do cai|RS,sao sebastiao do cai,RS,South,-51.36757434425736,-29.588763034766327,12,13.14566936728395
sao sebastiao do maranhao|MG,sao sebastiao do maranhao,MG,Southeast,-42.57043803204768,-18.08894763482455,3,16.413888888888888
sao sebastiao do paraiso|MG,sao sebastiao do paraiso,MG,Southeast,-46.98467076257852,-20.91530329073143,34,12.257362132352942
sao sebastiao do passe|BA,sao sebastiao do passe,BA,Northeast,-38.49272449999995,-12.515173018537418,5,14.246601851851851
sao sebastiao do rio verde|MG,sao sebastiao do rio verde,MG,Southeast,-44.977705729987406,-22.217169344987628,1,11.542581018518518
sao sebastiao|AL,sao sebastiao,AL,Northeast,-36.5529643408057,-9.937362587053643,1,14.98599537037037
sao sebastiao|SP,sao sebastiao,SP,Southeast,-45.49383379679233,-23.782944741465588,54,11.28910772462277
sao sepe|RS,sao sepe,RS,South,-53.568312538432494,-30.167283547839197,6,13.296458333333334
sao simao|GO,sao simao,GO,Central-West,-50.54898847949523,-18.998876438821593,3,19.946682098765432
sao simao|SP,sao simao,SP,Southeast,-47.55659341106698,-21.478326237614144,10,13.682256944444445
sao thome das letras|MG,sao thome das letras,MG,Southeast,-44.98335993750618,-21.722998032900648,2,17.51405671296296
sao tiago|MG,sao tiago,MG,Southeast,-44.508849609775794,-20.91081680452193,5,17.668979166666666
sao tomas de aquino|MG,sao tomas de aquino,MG,Southeast,-47.09841255003029,-20.781470240806357,3,8.22880401234568
sao tome|PR,sao tome,PR,South,-52.58881518014108,-23.534594052068655,2,21.61912037037037
sao tome|RN,sao tome,RN,Northeast,-36.07521560372205,-5.9739156148417765,1,16.498078703703705
sao valentim|RS,sao valentim,RS,South,-52.524023050508994,-27.559357910814573,3,18.027091049382715
sao vendelino|RS,sao vendelino,RS,South,-51.37477655943721,-29.36965041146749,2,17.391197916666666
sao vicente ferrer|MA,sao vicente ferrer,MA,Northeast,-44.880837757268,-2.896353952252187,1,19.786967592592593
sao vicente ferrer|PE,sao vicente ferrer,PE,Northeast,-35.48777597452704,-7.590786959489092,1,13.19082175925926
sao vicente|RN,sao vicente,RN,Northeast,-36.68237165303961,-6.217665286402299,2,41.12618055555555
sao vicente|SP,sao vicente,SP,Southeast,-46.38596286668334,-23.967893909958995,156,10.84422490800095
sapeacu|BA,sapeacu,BA,Northeast,-39.188411608160294,-12.732167054080136,1,14.908993055555555
sapezal|MT,sapezal,MT,Central-West,-58.81886886264333,-13.543895847608722,8,16.640538194444446
sape|PB,sape,PB,Northeast,-35.229950413840626,-7.090859928557007,2,15.879641203703702
sapiranga|RS,sapiranga,RS,South,-51.00682848756556,-29.63760126795937,22,13.81003630050505
sapopema|PR,sapopema,PR,South,-50.57792614624225,-23.910519250439815,2,14.209953703703704
sapucai-mirim|MG,sapucai-mirim,MG,Southeast,-45.74331539070917,-22.749125013646765,4,15.332714120370369
sapucaia do sul|RS,sapucaia do sul,RS,South,-51.15025856027768,-29.82930235139527,39,16.105785849952518
sapucaia|MG,sapucaia,MG,Southeast,-42.20824151679846,-19.853044409025404,1,13.943541666666667
sapucaia|RJ,sapucaia,RJ,Southeast,-42.91617431054797,-21.99528935629655,4,11.548955439814815
saquarema|RJ,saquarema,RJ,Southeast,-42.4970039999183,-22.92682439136632,45,16.793832818930042
sarandi|PR,sarandi,PR,South,-51.8692287562953,-23.448777826159816,17,9.953828295206971
sarandi|RS,sarandi,RS,South,-52.92407776868056,-27.94043937233576,5,10.9731875
sarapui|SP,sarapui,SP,Southeast,-47.82689024457201,-23.64087081315594,2,36.63008680555556
sardoa|MG,sardoa,MG,Southeast,-42.36702132641685,-18.781673791891738,1,11.86648148148148
sarutaia|SP,sarutaia,SP,Southeast,-49.47508692071685,-23.27469845696217,1,10.309641203703704
sarzedo|MG,sarzedo,MG,Southeast,-44.140318215754,-20.03560403606659,18,9.88822466563786
satiro dias|BA,satiro dias,BA,Northeast,-38.58329200537216,-11.605276090426432,1,17.28445601851852
satuba|AL,satuba,AL,Northeast,-35.82512774999999,-9.570129641353846,2,13.023130787037037
satubinha|MA,satubinha,MA,Northeast,-45.237718767347104,-4.037491491536464,2,19.343344907407406
saubara|BA,saubara,BA,Northeast,-38.768061406127295,-12.738470159515314,1,12.224537037037036
saudade do iguacu|PR,saudade do iguacu,PR,South,-52.618809974902454,-25.692750247487204,4,11.87835648148148
saudades|SC,saudades,SC,South,-53.005332201298216,-26.926293906882965,4,20.516571180555555
saude|BA,saude,BA,Northeast,-40.42119860504768,-10.939243088073995,2,23.351765046296293
schroeder|SC,schroeder,SC,South,-49.071408534895774,-26.408991234394627,9,14.538986625514402
seabra|BA,seabra,BA,Northeast,-41.77124306798828,-12.418105406344573,5,17.73813888888889
seara|SC,seara,SC,South,-52.31421554392809,-27.158103524006012,5,12.127157407407408
sebastiao leal|PI,sebastiao leal,PI,Northeast,-44.063227109671274,-7.570047212577284,1,12.655891203703703
seberi|RS,seberi,RS,South,-53.4026270997689,-27.481820984139407,2,20.769236111111113
sede alvorada|PR,sede alvorada,PR,South,-53.646109999999965,-24.82693999999998,1,20.972164351851852
segredo|RS,segredo,RS,South,-52.977502156733244,-29.342517552888246,1,9.028842592592593
selbach|RS,selbach,RS,South,-52.952845885775815,-28.63039533229535,1,15.940405092592593
senador amaral|MG,senador amaral,MG,Southeast,-46.1768586771181,-22.586734262448985,2,18.157800925925926
senador canedo|GO,senador canedo,GO,Central-West,-49.11299267173192,-16.698388664872784,15,17.20340277777778
senador cortes|MG,senador cortes,MG,Southeast,-42.94647373598272,-21.807681415118424,1,9.311863425925926
senador firmino|MG,senador firmino,MG,Southeast,-43.10016424839492,-20.9147530944529,2,13.382048611111111
senador guiomard|AC,senador guiomard,AC,North,-67.7344385851842,-10.155794459924604,2,13.805133101851851
senador jose porfirio|PA,senador jose porfirio,PA,North,-51.95316580505284,-2.591874856260277,1,23.37329861111111
senador la rocque|MA,senador la rocque,MA,Northeast,-47.2875618436511,-5.448376632815982,1,12.790486111111111
senador modestino goncalves|MG,senador modestino goncalves,MG,Southeast,-43.22230759844947,-17.948202250105723,2,14.44890625
senador pompeu|CE,senador pompeu,CE,Northeast,-39.376235058579795,-5.588133152080024,4,26.211516203703702
senador salgado filho|RS,senador salgado filho,RS,South,-54.544127914674185,-28.025807931579624,1,6.972210648148148
senges|PR,senges,PR,South,-49.46279890533873,-24.114341914515997,5,23.398886574074073
senhor do bonfim|BA,senhor do bonfim,BA,Northeast,-40.18701024751928,-10.461420451962026,17,16.998455201525054
senhora de oliveira|MG,senhora de oliveira,MG,Southeast,-43.34282071285788,-20.79484152400717,2,21.70666087962963
senhora dos remedios|MG,senhora dos remedios,MG,Southeast,-43.58237207186897,-21.029842298225446,1,9.9655555555555555
sento se|BA,sento se,BA,Northeast,-41.87940525409704,-9.741449396087198,1,31.24627314814815
serafina correa|RS,serafina correa,RS,South,-51.93337162169533,-28.712301953321568,9,20.37563271604938
sericita|MG,sericita,MG,Southeast,-42.48264284632294,-20.47266598578987,2,8.26027199074074
seringueiras|RO,seringueiras,RO,North,-63.034173784900915,-11.768931194761294,2,22.094155092592594
serio|RS,serio,RS,South,-52.27183634111214,-29.383979281742356,1,13.078136574074074
seropedica|RJ,seropedica,RJ,Southeast,-43.69820174189363,-22.746572282003044,33,12.635127665544331
serra azul de minas|MG,serra azul de minas,MG,Southeast,-43.16910202376242,-18.36154382149614,2,8.726197916666667
serra azul|SP,serra azul,SP,Southeast,-47.5636801318719,-21.31237284187454,1,24.26451388888889
serra bonita|MG,serra bonita,MG,Southeast,-46.81573874501741,-15.214249489419505,1,31.604421296296298
serra branca|PB,serra branca,PB,Northeast,-36.66345583770069,-7.482627840495488,1,11.98349537037037
serra de sao bento|RN,serra de sao bento,RN,Northeast,-35.7043848563438,-6.417088306098988,2,14.220850694444444
serra do ramalho|BA,serra do ramalho,BA,Northeast,-43.5817012336352,-13.538367673871493,4,21.13999710648148
serra do salitre|MG,serra do salitre,MG,Southeast,-46.68212641004128,-19.11137934765744,1,13.381354166666666
serra dos aimores|MG,serra dos aimores,MG,Southeast,-40.24599199999997,-17.786206956931046,5,10.407949074074075
serra dos dourados|PR,serra dos dourados,PR,South,-53.38212068195976,-23.619535425600905,1,74.67476851851852
serra dourada|BA,serra dourada,BA,Northeast,-43.9511614327288,-12.760611426591984,2,16.60017361111111
serra negra|SP,serra negra,SP,Southeast,-46.70334849154898,-22.611036318892523,12,8.72725212191358
serra talhada|PE,serra talhada,PE,Northeast,-38.291603847331295,-7.988678402714841,10,17.307511574074073
serrana|SP,serrana,SP,Southeast,-47.60073532766128,-21.207518951445493,13,9.865321403133903
serrania|MG,serrania,MG,Southeast,-46.0474305759808,-21.54820902419117,2,16.19788773148148
serranopolis de minas|MG,serranopolis de minas,MG,Southeast,-42.87166666184085,-15.808887664888244,1,16.550011574074073
serranopolis do iguacu|PR,serranopolis do iguacu,PR,South,-54.038246027797264,-25.413859104484555,2,17.39146990740741
serranopolis|GO,serranopolis,GO,Central-West,-51.95972843068688,-18.306771228800987,3,16.80380787037037
serra|ES,serra,ES,Southeast,-40.24581185221301,-20.189789478315895,275,17.250639015151513
serrinha|BA,serrinha,BA,Northeast,-39.00630511419938,-11.660619022560503,14,18.86998759920635
serrita|PE,serrita,PE,Northeast,-39.29642883421099,-7.945528499999998,2,31.501064814814814
serrolandia|BA,serrolandia,BA,Northeast,-40.29810156104229,-11.417273407831264,2,16.453368055555554
serro|MG,serro,MG,Southeast,-43.38292274999999,-18.604704412703633,2,13.255318287037039
sertania|PE,sertania,PE,Northeast,-37.26859739264383,-8.07216796016787,4,19.327065972222222
sertanopolis|PR,sertanopolis,PR,South,-51.03787531551679,-23.059400280668815,4,10.387335069444443
sertao santana|RS,sertao santana,RS,South,-51.601805753592906,-30.461099884435495,1,14.101087962962962
sertaozinho|SP,sertaozinho,SP,Southeast,-47.98923573723238,-21.131263707744235,61,10.191904409532484
sertao|RS,sertao,RS,South,-52.2585137822678,-27.982470805219073,3,14.256145833333333
sete barras|SP,sete barras,SP,Southeast,-47.92755828722434,-24.38529996652231,4,10.604623842592591
sete de setembro|RS,sete de setembro,RS,South,-54.45910180238341,-28.12866725720165,1,11.010717592592593
sete lagoas|MG,sete lagoas,MG,Southeast,-44.24801919373313,-19.45930795389748,125,13.155679444444445
setubinha|MG,setubinha,MG,Southeast,-42.16243781845735,-17.600452985209778,3,9.460150462962963
severiano melo|RN,severiano melo,RN,Northeast,-37.9577765660701,-5.783675890414474,1,31.779664351851853
severinia|SP,severinia,SP,Southeast,-48.80710917954491,-20.809635857008267,5,12.879722222222222
sideropolis|SC,sideropolis,SC,South,-49.427680045326866,-28.59684655896043,4,13.416875
sidrolandia|MS,sidrolandia,MS,Central-West,-54.963469737652545,-20.934902310601238,11,14.440957491582491
silva jardim|RJ,silva jardim,RJ,Southeast,-42.398389055724515,-22.648023848147627,4,10.197019675925926
silvania|GO,silvania,GO,Central-West,-48.61041918836336,-16.663542830422532,7,16.533272156084657
silvanopolis|TO,silvanopolis,TO,North,-48.172351154064174,-11.15337794953285,1,13.350694444444445
silvano|MG,silvano,MG,Southeast,-46.82546472179877,-18.83711802813843,1,14.224131944444444
silveira carvalho|MG,silveira carvalho,MG,Southeast,-46.889442,-23.543365499999993,1,15.712905092592592
silveira martins|RS,silveira martins,RS,South,-53.582049927176904,-29.64426260960848,1,17.141666666666666
silveiras|SP,silveiras,SP,Southeast,-44.85276587536519,-22.665329308733313,3,10.050497685185185
silvianopolis|MG,silvianopolis,MG,Southeast,-45.83540894703065,-22.02761747204454,3,13.649151234567901
simao dias|SE,simao dias,SE,Northeast,-37.80762853680102,-10.73984817811835,7,13.156301256613757
simao pereira|MG,simao pereira,MG,Southeast,-43.313986647745736,-21.963316155099726,1,5.36962962962963
simoes filho|BA,simoes filho,BA,Northeast,-38.393952535802995,-12.787896505110531,20,15.347697916666666
simolandia|GO,simolandia,GO,Central-West,-46.48258114553839,-14.468057450900382,2,9.34714699074074
simonesia|MG,simonesia,MG,Southeast,-42.00260571340163,-20.122721945022985,8,10.910047743055555
simplicio mendes|PI,simplicio mendes,PI,Northeast,-41.910101306265645,-7.860015409818972,1,10.739872685185185
sinimbu|RS,sinimbu,RS,South,-52.51999524277967,-29.53571494168764,2,12.336701388888889
sinop|MT,sinop,MT,Central-West,-55.50803301489325,-11.865057506764456,41,19.86171437443541
siqueira campos|PR,siqueira campos,PR,South,-49.82808639591182,-23.687761280567052,9,10.264920267489712
sirinhaem|PE,sirinhaem,PE,Northeast,-35.113930309277194,-8.594011827871643,5,19.01667361111111
sitio do quinto|BA,sitio do quinto,BA,Northeast,-38.2024412204828,-10.365427737056146,2,21.239965277777777
sitio novo do tocantins|TO,sitio novo do tocantins,TO,North,-47.64205371554435,-5.601220609016727,2,23.24193287037037
sitio novo|MA,sitio novo,MA,Northeast,-46.703255627102386,-5.879060783249535,1,12.906296296296297
sitio novo|RN,sitio novo,RN,Northeast,-35.91378340816983,-6.10752907461681,1,4.417638888888889
sobradinho|BA,sobradinho,BA,Northeast,-40.8145352415303,-9.470911017288213,5,22.451469907407407
sobradinho|DF,sobradinho,DF,Central-West,-47.82388083552961,-15.639457677699731,1,8.809803240740742
sobradinho|RS,sobradinho,RS,South,-53.02674562807484,-29.41671985491457,3,10.035239197530863
sobralia|MG,sobralia,MG,Southeast,-42.0974511131764,-19.233275305425316,1,8.308831018518518
sobral|CE,sobral,CE,Northeast,-40.351584297332586,-3.6861084073669934,33,24.99913790684624
socorro|SP,socorro,SP,Southeast,-46.52629570814344,-22.59110169212468,18,8.16114776234568
solanea|PB,solanea,PB,Northeast,-35.65749668262559,-6.758801389530435,1,14.860335648148148
soledade de minas|MG,soledade de minas,MG,Southeast,-45.04391916735559,-22.058911361250384,5,11.167532407407407
soledade|PB,soledade,PB,Northeast,-36.36311412903371,-7.058589982093075,3,20.788371913580246
soledade|RS,soledade,RS,South,-52.51027520830276,-28.829425250283204,5,18.84090972222222
solonopole|CE,solonopole,CE,Northeast,-39.0078747529766,-5.730684167881855,2,22.069270833333334
sombrio|SC,sombrio,SC,South,-49.63468000483127,-29.109735060662505,10,19.353350694444444
sonora|MS,sonora,MS,Central-West,-54.75382648798709,-17.58467719216117,2,12.277690972222222
sooretama|ES,sooretama,ES,Southeast,-40.09903171105708,-19.190594273893772,5,15.30893287037037
sorocaba|SP,sorocaba,SP,Southeast,-47.46870306938549,-23.495578904182445,603,7.845887671979608
sorriso|MT,sorriso,MT,Central-West,-55.72532214453517,-12.546558009589456,20,16.980914930555556
sousa|PB,sousa,PB,Northeast,-38.227600170957096,-6.764659697020955,7,16.206818783068783
sucesso|CE,sucesso,CE,Northeast,-40.53816021377499,-4.942194167827474,3,25.601458333333333
sucupira do norte|MA,sucupira do norte,MA,Northeast,-44.19108474045528,-6.477263019769857,2,14.863518518518518
sud mennucci|SP,sud mennucci,SP,Southeast,-50.92308363532502,-20.68879766861796,5,7.756363425925926
sulina|PR,sulina,PR,South,-52.72086043265472,-25.699575600546517,1,13.077013888888889
sumare|SP,sumare,SP,Southeast,-47.24004385158533,-22.817940349921535,177,9.936239799121156
sume|PB,sume,PB,Northeast,-36.880016728539246,-7.670039529706427,3,21.126894290123456
sumidouro|RJ,sumidouro,RJ,Southeast,-42.674699693682506,-22.050432818546582,10,18.900690972222222
surubim|PE,surubim,PE,Northeast,-35.76028994420119,-7.840974573980117,5,21.21635185185185
suzanapolis|SP,suzanapolis,SP,Southeast,-51.02658345011531,-20.500758402153885,1,14.250775462962963
suzano|SP,suzano,SP,Southeast,-46.31044984200854,-23.54347931986981,228,8.110123862897986
tabapora|MT,tabapora,MT,Central-West,-56.820948156513566,-11.305741824284855,2,12.892569444444444
tabapua|SP,tabapua,SP,Southeast,-49.03290557938275,-20.96353271281558,11,9.577150673400673
tabatinga|SP,tabatinga,SP,Southeast,-48.68791766596293,-21.736513274922913,5,11.892805555555556
tabira|PE,tabira,PE,Northeast,-37.54032070858186,-7.590068420165364,5,21.98779398148148
taboao da serra|SP,taboao da serra,SP,Southeast,-46.7738625886593,-23.61877003052688,279,6.9388960241603614
tabocas do brejo velho|BA,tabocas do brejo velho,BA,Northeast,-44.01151183521146,-12.701029155083003,3,20.06661651234568
taboquinhas|BA,taboquinhas,BA,Northeast,-38.995374147173415,-14.277952102631142,1,6.981319444444445
tabuleiro do norte|CE,tabuleiro do norte,CE,Northeast,-38.12978066738174,-5.247114634171521,1,37.225023148148146
tabuleiro|MG,tabuleiro,MG,Southeast,-43.247896290264876,-21.360039169001183,2,15.98324074074074
tacaratu|PE,tacaratu,PE,Northeast,-38.149425696447864,-9.104584029489816,1,23.497453703703705
taciba|SP,taciba,SP,Southeast,-51.289808081637,-22.390818521848956,2,15.146273148148149
tacuru|MS,tacuru,MS,Central-West,-55.01753180209116,-23.63522870904823,1,17.15849537037037
taguai|SP,taguai,SP,Southeast,-49.405672493758665,-23.45361731652991,10,7.936101851851852
taguatinga|DF,taguatinga,DF,Central-West,-48.017797905764944,-15.840183008901933,4,10.597045717592593
taguatinga|TO,taguatinga,TO,North,-46.43466012956793,-12.400741973822022,3,21.154899691358025
taiacu|SP,taiacu,SP,Southeast,-48.51017506282444,-21.143409040030463,1,6.769050925925926
tailandia|PA,tailandia,PA,North,-48.951981656636335,-2.943909800485522,4,27.81164641203704
taiobeiras|MG,taiobeiras,MG,Southeast,-42.228005595698626,-15.811625071218092,12,14.489063464506174
taio|SC,taio,SC,South,-49.999117805390846,-27.117194300062266,14,17.274771825396826
taiuva|SP,taiuva,SP,Southeast,-48.44976992879199,-21.12386376046986,5,8.764842592592592
tamandare|PE,tamandare,PE,Northeast,-35.101488206691045,-8.755003777257512,1,15.522361111111111
tamarana|PR,tamarana,PR,South,-51.09497300353909,-23.72550622875052,2,14.674728009259258
tambau|SP,tambau,SP,Southeast,-47.27307793893837,-21.706672934973454,19,11.487740618908383
tamboara|PR,tamboara,PR,South,-52.499485178669254,-23.19705590453365,1,12.709189814814815
tanabi|SP,tanabi,SP,Southeast,-49.65197898070469,-20.62427354495619,11,11.295805976430977
tangara da serra|MT,tangara da serra,MT,Central-West,-57.49069053333387,-14.62311393670911,23,20.245525865539452
tangara|SC,tangara,SC,South,-51.24764541177929,-27.101201496156765,1,19.39923611111111
tangua|RJ,tangua,RJ,Southeast,-42.72257738332797,-22.73481094307214,6,16.514403935185186
tanhacu|BA,tanhacu,BA,Northeast,-41.244582349436584,-14.022371160845278,4,26.698527199074075
tanque d'arca|AL,tanque d'arca,AL,Northeast,-36.43345656612996,-9.534635202523974,2,20.41174189814815
tanque novo|BA,tanque novo,BA,Northeast,-42.49137725518767,-13.547470661810129,3,23.79202546296296
taparuba|MG,taparuba,MG,Southeast,-41.61351732751964,-19.764658906678555,1,6.941226851851852
tapejara|PR,tapejara,PR,South,-52.86634090933025,-23.734353027805632,2,11.24814236111111
tapejara|RS,tapejara,RS,South,-52.01248825996199,-28.06997757670948,9,14.60843492798354
tapera|RS,tapera,RS,South,-52.86971307140918,-28.62756089869847,1,7.707685185185185
taperuaba|CE,taperuaba,CE,Northeast,-39.94887375,-4.079666683383016,1,13.176956018518519
tapes|RS,tapes,RS,South,-51.39667334917665,-30.67413027839489,6,10.6005574845679
tapinas|SP,tapinas,SP,Southeast,-48.78723000008623,-21.44738387140962,1,13.922974537037037
tapirai|SP,tapirai,SP,Southeast,-47.50515714199032,-23.96397399151788,2,17.514398148148146
tapiramuta|BA,tapiramuta,BA,Northeast,-40.792174146132375,-11.846988216015657,2,28.409432870370374
tapiratiba|SP,tapiratiba,SP,Southeast,-46.74920713314103,-21.472729599504422,12,12.241755401234567
tapurah|MT,tapurah,MT,Central-West,-56.514503571952936,-12.736788675277868,1,17.816122685185185
taquaracu de minas|MG,taquaracu de minas,MG,Southeast,-43.68842352135739,-19.662834667097535,2,19.144207175925924
taquarana|AL,taquarana,AL,Northeast,-36.49350386998092,-9.647641065009534,1,17.78207175925926
taquara|RS,taquara,RS,South,-50.78205392042235,-29.648827519014347,20,13.090221064814815
taquaritinga do norte|PE,taquaritinga do norte,PE,Northeast,-36.04877204751547,-7.903172180539447,6,20.325898919753087
taquaritinga|SP,taquaritinga,SP,Southeast,-48.5036568684573,-21.40575900554004,32,10.783649811921297
taquarituba|SP,taquarituba,SP,Southeast,-49.244750904357566,-23.532234261123907,15,10.219539351851852
taquarivai|SP,taquarivai,SP,Southeast,-48.69995358689421,-23.925241609983075,3,9.94397762345679
taquari|RS,taquari,RS,South,-51.86255911841741,-29.793505549086312,10,12.35205787037037
taquarucu do sul|RS,taquarucu do sul,RS,South,-53.466561329833986,-27.39851230092832,1,8.046597222222223
tarabai|SP,tarabai,SP,Southeast,-51.5589826381394,-22.304278172220755,5,12.912125
taruma|SP,taruma,SP,Southeast,-50.57904104264557,-22.7491117100221,8,10.226822916666666
tarumirim|MG,tarumirim,MG,Southeast,-42.003601869437546,-19.282834532620804,4,9.9103385416666665
tatui|SP,tatui,SP,Southeast,-47.84779569770184,-23.35101841255142,70,10.262398313492064
taua|CE,taua,CE,Northeast,-40.29412199869469,-6.002216911595636,10,17.33129398148148
taubate|SP,taubate,SP,Southeast,-45.55886552732611,-23.02668020166808,257,10.21799565859634
tavares|RS,tavares,RS,South,-51.09243615032318,-31.28862472860686,1,16.717511574074074
tecainda|SP,tecainda,SP,Southeast,-51.13586076317752,-22.002037882381078,1,14.213460648148148
teixeira de freitas|BA,teixeira de freitas,BA,Northeast,-39.74267130071852,-17.544127645072972,28,16.784595734126984
teixeiras|MG,teixeiras,MG,Southeast,-42.85618390354581,-20.652909883740872,6,15.52632137345679
teixeira|PB,teixeira,PB,Northeast,-37.25344594527675,-7.223683070333423,1,16.19851851851852
tejupa|SP,tejupa,SP,Southeast,-49.34861225043766,-23.399983017925027,3,11.144293981481482
telemaco borba|PR,telemaco borba,PR,South,-50.625750268016546,-24.32824684777557,33,11.332409862514028
telha|SE,telha,SE,Northeast,-36.88485305490262,-10.206161545362404,1,15.682731481481481
tenente ananias|RN,tenente ananias,RN,Northeast,-38.17994686127649,-6.462483675223601,1,21.07642361111111
tenente portela|RS,tenente portela,RS,South,-53.75554659740395,-27.370569438819636,3,20.67707175925926
teodoro sampaio|BA,teodoro sampaio,BA,Northeast,-38.64050708935713,-12.304345887547704,1,12.953125
teodoro sampaio|SP,teodoro sampaio,SP,Southeast,-52.17019722445305,-22.530977783916512,12,10.836916473765433
teofilandia|BA,teofilandia,BA,Northeast,-38.99943744844508,-11.489307774689369,3,23.697974537037037
teofilo otoni|MG,teofilo otoni,MG,Southeast,-41.508311126839416,-17.85839668980789,72,12.421568769290124
teolandia|BA,teolandia,BA,Northeast,-39.489692544631005,-13.600381581784447,4,13.829496527777778
teotonio vilela|AL,teotonio vilela,AL,Northeast,-36.3562210824076,-9.910521059189342,7,26.60418816137566
terenos|MS,terenos,MS,Central-West,-54.863759753800736,-20.440124071349878,1,18.54740740740741
teresina de goias|GO,teresina de goias,GO,Central-West,-47.266585803383585,-13.78140254565573,1,15.078032407407408
teresina|PI,teresina,PI,Northeast,-42.788637148129574,-5.073408149943851,266,19.648252314814815
teresopolis|RJ,teresopolis,RJ,Southeast,-42.9684219408352,-22.41805726356756,119,15.476481578742607
terezinha|PE,terezinha,PE,Northeast,-36.623888436487334,-9.05622452267114,1,35.72790509259259
termas de ibira|SP,termas de ibira,SP,Southeast,-49.24164245159575,-21.081026351979624,1,15.258530092592592
terra boa|PR,terra boa,PR,South,-52.44877681136803,-23.769269089345137,4,15.811796875
terra de areia|RS,terra de areia,RS,South,-50.06325255042327,-29.579680533484552,5,11.93705324074074
terra nova do norte|MT,terra nova do norte,MT,Central-West,-55.1180205,-10.598911549623644,3,14.550019290123457
terra nova|PE,terra nova,PE,Northeast,-39.37686761814244,-8.228687973744837,1,13.885949074074073
terra rica|PR,terra rica,PR,South,-52.62039236260419,-22.726071343736166,7,12.69111111111111
terra roxa|PR,terra roxa,PR,South,-54.09864183614808,-24.165085976047788,3,18.530023148148146
terra roxa|SP,terra roxa,SP,Southeast,-48.33246000468358,-20.788676615798742,2,13.504861111111111
teutonia|RS,teutonia,RS,South,-51.80861346931223,-29.47218529698522,13,14.459126602564103
tiangua|CE,tiangua,CE,Northeast,-40.99180363301013,-3.7262555021846753,9,40.90721965020576
tibagi|PR,tibagi,PR,South,-50.41233697832162,-24.51500999999996,4,12.357329282407408
tibau do sul|RN,tibau do sul,RN,Northeast,-35.05153367440308,-6.229073662470593,1,18.80244212962963
tiete|SP,tiete,SP,Southeast,-47.71298250000001,-23.10247099514172,35,10.664633267195768
tijucas|SC,tijucas,SC,South,-48.63755565612226,-27.23883432684724,30,16.536072145061727
timbauba|PE,timbauba,PE,Northeast,-35.317489361996884,-7.512974603461479,7,21.669289021164023
timbe do sul|SC,timbe do sul,SC,South,-49.84656412817664,-28.83240288029715,3,12.399043209876544
timbo|SC,timbo,SC,South,-49.269990714265106,-26.825784077702185,20,17.027078703703705
timburi|SP,timburi,SP,Southeast,-49.602627704408846,-23.2069158998117,3,6.600898919753086
timon|MA,timon,MA,Northeast,-42.833984050393,-5.10169753583287,11,22.400299873737374
timoteo|MG,timoteo,MG,Southeast,-42.645186545999934,-19.544253958337173,52,11.589727118945868
tiradentes do sul|RS,tiradentes do sul,RS,South,-54.086830237876136,-27.393723340504604,1,16.537511574074074
tiradentes|MG,tiradentes,MG,Southeast,-44.172477462780854,-21.11075716331317,4,14.272311921296296
tiros|MG,tiros,MG,Southeast,-45.96345077811854,-19.005274624526436,3,12.114058641975308
tobias barreto|SE,tobias barreto,SE,Northeast,-38.000969734799234,-11.18509697132994,2,17.05956597222222
tocantinopolis|TO,tocantinopolis,TO,North,-47.42547697187908,-6.324285345092806,7,19.53809689153439
tocantins|MG,tocantins,MG,Southeast,-43.02114374237569,-21.17084670666525,6,9.705920138888889
tocos do moji|MG,tocos do moji,MG,Southeast,-46.09900069611186,-22.370747021979263,1,14.876678240740741
tocos|RJ,tocos,RJ,Southeast,-43.787664058741406,-22.903460323145516,2,8.135167824074074
toledo|PR,toledo,PR,South,-53.74016001613288,-24.729689944265377,70,13.742361441798941
tomar do geru|SE,tomar do geru,SE,Northeast,-37.8402769614854,-11.374446662782397,2,13.045873842592593
tomazina|PR,tomazina,PR,South,-49.95473880668141,-23.77792089747599,3,11.528148148148148
tombos|MG,tombos,MG,Southeast,-42.027741799003,-20.90789509382604,4,18.30423611111111
tome-acu|PA,tome-acu,PA,North,-48.151514958856446,-2.4172731964909535,1,27.542627314814816
toritama|PE,toritama,PE,Northeast,-36.05762095408697,-8.005895740456253,5,17.86713425925926
toropi|RS,toropi,RS,South,-54.228466694286404,-29.46761071150422,3,12.249641203703703
torres|RS,torres,RS,South,-49.73646890978941,-29.337366441758217,17,13.978798338779956
torrinha|SP,torrinha,SP,Southeast,-48.16978133337022,-22.429804845834042,6,15.115952932098766
trabiju|SP,trabiju,SP,Southeast,-48.334610714061334,-22.04009712079893,1,7.3535763888888885
tracuateua|PA,tracuateua,PA,North,-46.90421469930169,-1.0775817424355298,1,26.892314814814814
tracunhaem|PE,tracunhaem,PE,Northeast,-35.23811825025226,-7.8020251027218865,1,17.544409722222223
traipu|AL,traipu,AL,Northeast,-37.00368036173431,-9.967961545178726,1,23.767997685185186
trairi|CE,trairi,CE,Northeast,-39.267623095816354,-3.272169665851655,2,22.543263888888887
trajano de moraes|RJ,trajano de moraes,RJ,Southeast,-42.0616031620151,-22.064943011172293,8,28.653600983796295
tramandai|RS,tramandai,RS,South,-50.147826985388306,-29.99864680777968,23,16.66013435990338
trancoso|BA,trancoso,BA,Northeast,-39.10092480039819,-16.59133956779187,6,31.753896604938273
travessao|RJ,travessao,RJ,Southeast,-42.46318731462215,-22.345536245888688,4,14.242618634259259
travesseiro|RS,travesseiro,RS,South,-52.063509474770704,-29.31518274538213,1,13.291493055555556
tremembe|SP,tremembe,SP,Southeast,-45.545758329101865,-22.972498753993328,37,11.195729792292292
tres arroios|RS,tres arroios,RS,South,-52.1517738568223,-27.49971878605451,3,15.328769290123457
tres barras|SC,tres barras,SC,South,-50.30809091227157,-26.119492075294115,5,10.028046296296296
tres cachoeiras|RS,tres cachoeiras,RS,South,-49.92016911227456,-29.45485848637996,7,13.863492063492064
tres coracoes|MG,tres coracoes,MG,Southeast,-45.257499190163706,-21.695064115508934,39,14.635526768755936
tres coroas|RS,tres coroas,RS,South,-50.77934231127476,-29.513737977327576,6,15.195744598765433
tres de maio|RS,tres de maio,RS,South,-54.23552181591138,-27.77760877536124,12,10.190577739197531
tres forquilhas|RS,tres forquilhas,RS,South,-50.0336426429368,-29.535459584882236,1,20.510092592592592
tres fronteiras|SP,tres fronteiras,SP,Southeast,-50.889794710347836,-20.237574247959685,5,9.457685185185186
tres irmaos|RJ,tres irmaos,RJ,Southeast,-41.98519583710767,-21.625645496895352,1,21.50460648148148
tres lagoas|MS,tres lagoas,MS,Central-West,-51.70401106208964,-20.78720881946682,41,20.654703873080397
tres marias|MG,tres marias,MG,Southeast,-45.226806445886666,-18.207097013996865,13,18.648766915954415
tres passos|RS,tres passos,RS,South,-53.932741232620614,-27.455474559101113,10,19.33998726851852
tres pontas|MG,tres pontas,MG,Southeast,-45.51333121888784,-21.369527999999992,19,10.36738608674464
tres rios|RJ,tres rios,RJ,Southeast,-43.20932359353826,-22.109847900036662,38,13.502552692495126
treviso|SC,treviso,SC,South,-49.45968894770583,-28.505677558982406,1,14.764085648148148
treze tilias|SC,treze tilias,SC,South,-51.41145578186359,-26.99910110837357,10,16.49666550925926
trindade do sul|RS,trindade do sul,RS,South,-52.89789151243352,-27.52489710482488,4,10.455653935185186
trindade|GO,trindade,GO,Central-West,-49.48837959290822,-16.653288463125406,24,14.857068865740741
trindade|PE,trindade,PE,Northeast,-40.26795151277216,-7.760849411249877,4,22.68699652777778
triunfo|PB,triunfo,PB,Northeast,-38.59734519989374,-6.579596769611026,1,35.22203703703704
triunfo|PE,triunfo,PE,Northeast,-38.10444879871772,-7.836958086385248,2,6.970231481481481
triunfo|RS,triunfo,RS,South,-51.71786001844873,-29.9387809097715,10,12.203777777777779
trombas|GO,trombas,GO,Central-West,-48.74312672275738,-13.511348218689571,1,15.056099537037037
trombudo central|SC,trombudo central,SC,South,-49.79400429388397,-27.30348365127628,4,18.07074363425926
tubarao|SC,tubarao,SC,South,-49.00875085463673,-28.47993064025784,60,14.635991898148148
tucano|BA,tucano,BA,Northeast,-38.78647566144923,-10.965496602251967,8,17.712624421296297
tucuma|PA,tucuma,PA,North,-51.153455903906895,-6.752056809402497,3,35.47158179012346
tucunduva|RS,tucunduva,RS,South,-54.43890723864497,-27.657460683550237,3,9.192650462962963
tucurui|PA,tucurui,PA,North,-49.67474810438261,-3.775561036948699,16,18.45398943865741
tuiuti|SP,tuiuti,SP,Southeast,-46.695211865189265,-22.81323441190588,1,11.316006944444444
tumiritinga|MG,tumiritinga,MG,Southeast,-41.649868833215834,-18.980744030822457,1,6.307268518518518
tunapolis|SC,tunapolis,SC,South,-53.63955663397386,-26.971453394337747,1,12.334398148148148
tunas do parana|PR,tunas do parana,PR,South,-49.085906708469935,-24.974695004756544,2,11.919479166666667
tupaciguara|MG,tupaciguara,MG,Southeast,-48.70006983691838,-18.595368562768865,12,10.217476851851853
tupancireta|RS,tupancireta,RS,South,-53.83798660612677,-29.081250565967988,4,19.14279224537037
tupandi|RS,tupandi,RS,South,-51.41798350613013,-29.485762938822333,3,15.855050154320988
tuparece|MG,tuparece,MG,Southeast,-43.9863046834627,-19.89323733483254,1,13.146585648148148
tuparendi|RS,tuparendi,RS,South,-54.48164549369119,-27.757445850460535,2,10.67592013888889
tuparetama|PE,tuparetama,PE,Northeast,-37.314790733268865,-7.60283475153812,3,9.952094907407407
tupassi|PR,tupassi,PR,South,-53.51275575,-24.586259996373624,1,13.208344907407408
tupa|SP,tupa,SP,Southeast,-50.51465238215732,-21.933760651112223,51,10.440338825344952
tupi paulista|SP,tupi paulista,SP,Southeast,-51.573010618817506,-21.38558569053625,5,9.696259259259259
turmalina|MG,turmalina,MG,Southeast,-42.73060144746578,-17.28622779069538,8,11.235982349537037
turmalina|SP,turmalina,SP,Southeast,-50.47539714449958,-20.053525499999992,1,12.252638888888889
tururu|CE,tururu,CE,Northeast,-39.435079013316155,-3.599204296193407,1,40.47140046296296
turvania|GO,turvania,GO,Central-West,-50.133444644806474,-16.609983849658374,2,22.61429976851852
turvelandia|GO,turvelandia,GO,Central-West,-50.30565961177566,-17.851364102811043,1,20.78439814814815
turvolandia|MG,turvolandia,MG,Southeast,-45.789760233705394,-21.87565903551221,2,15.625185185185185
turvo|PR,turvo,PR,South,-51.537583529830435,-25.043539901432933,2,14.684681712962963
turvo|SC,turvo,SC,South,-49.67921001340693,-28.925981550639968,4,18.736203703703705
tutoia|MA,tutoia,MA,Northeast,-42.27537307014613,-2.762961155342601,2,15.209479166666668
uaua|BA,uaua,BA,Northeast,-39.47942925000001,-9.8389261120984,3,22.730100308641976
ubaira|BA,ubaira,BA,Northeast,-39.662688151067506,-13.267958923219508,6,17.99734953703704
ubaitaba|BA,ubaitaba,BA,Northeast,-39.32027935984331,-14.313092744149971,4,19.765931712962963
ubai|MG,ubai,MG,Southeast,-44.782994520166966,-16.28744437134594,1,11.691724537037038
ubajara|CE,ubajara,CE,Northeast,-40.918125149044215,-3.849438342851014,3,23.80204475308642
ubaporanga|MG,ubaporanga,MG,Southeast,-42.107920251966114,-19.634893436562884,3,12.759753086419753
ubata|BA,ubata,BA,Northeast,-39.52155808525214,-14.21381070503854,1,17.32084490740741
ubatuba|SP,ubatuba,SP,Southeast,-45.077753319947206,-23.441645336112845,70,12.922235119047619
uba|MG,uba,MG,Southeast,-42.943705743717146,-21.11819394490749,51,14.25072440087146
uberaba|MG,uberaba,MG,Southeast,-47.93624668039608,-19.748303157135716,185,11.190677177177177
uberlandia|MG,uberlandia,MG,Southeast,-48.27813616348312,-18.914980232586977,361,11.657410292910638
ubirajara|SP,ubirajara,SP,Southeast,-49.66177378101142,-22.52757207173559,1,7.888738425925926
ubirata|PR,ubirata,PR,South,-52.989632236844905,-24.542628037274397,7,13.785912698412698
uchoa|SP,uchoa,SP,Southeast,-49.174589446196414,-20.955315137233494,3,7.896512345679013
uibai|BA,uibai,BA,Northeast,-42.13290797455904,-11.3358629439342,4,13.572728587962963
uirauna|PB,uirauna,PB,Northeast,-38.413300235591464,-6.519803580142404,1,17.94646990740741
ulianopolis|PA,ulianopolis,PA,North,-47.50037571194275,-3.7484128858886265,1,31.720034722222223
umbauba|SE,umbauba,SE,Northeast,-37.66084964308352,-11.38130195485438,3,25.756763117283953
umburanas|BA,umburanas,BA,Northeast,-41.32280325819771,-10.730883244728414,1,15.122905092592593
umburatiba|MG,umburatiba,MG,Southeast,-40.57231660831836,-17.25560137747208,1,6.423541666666667
umuarama|PR,umuarama,PR,South,-53.3047123117028,-23.76203590017782,39,14.26681891025641
unai|MG,unai,MG,Southeast,-46.898106210100984,-16.36196685190559,54,12.929795739026064
una|BA,una,BA,Northeast,-39.07477464217707,-15.290548324370024,4,23.84951099537037
uniao da serra|RS,uniao da serra,RS,South,-52.01493204353244,-28.75351350794273,1,16.087523148148147
uniao da vitoria|PR,uniao da vitoria,PR,South,-51.08886365150068,-26.229883105621173,29,13.011068406768837
uniao de minas|MG,uniao de minas,MG,Southeast,-50.332975776383975,-19.528475328813492,3,13.277565586419755
uniao do oeste|SC,uniao do oeste,SC,South,-52.85299780698108,-26.7650301592966,1,19.31400462962963
uniao do sul|MT,uniao do sul,MT,Central-West,-54.36834373891618,-11.532293390877568,1,16.91689814814815
uniao dos palmares|AL,uniao dos palmares,AL,Northeast,-36.026942927811135,-9.159615118083355,1,27.086493055555554
uniao|PI,uniao,PI,Northeast,-42.86409771595046,-4.587164433873406,1,15.997488425925926
unistalda|RS,unistalda,RS,South,-55.15361831069575,-29.047181909512084,1,16.09443287037037
upanema|RN,upanema,RN,Northeast,-37.258696132500106,-5.643360970563208,3,19.84065586419753
urai|PR,urai,PR,South,-50.79381705092233,-23.20105212796179,3,12.515864197530865
urandi|BA,urandi,BA,Northeast,-42.656041512957096,-14.767863577438977,2,12.823402777777778
urania|SP,urania,SP,Southeast,-50.644393047704746,-20.24568915599192,3,7.228827160493827
urbano santos|MA,urbano santos,MA,Northeast,-43.403223918340544,-3.20834402879214,5,23.900141203703704
uruacu|GO,uruacu,GO,Central-West,-49.142925920395534,-14.52455591563714,17,13.063963779956428
uruana de minas|MG,uruana de minas,MG,Southeast,-46.25426005271424,-16.060251044429606,1,21.151469907407407
uruana|GO,uruana,GO,Central-West,-49.6837566706622,-15.502675345345976,3,12.070528549382717
uruara|PA,uruara,PA,North,-53.740713158615925,-3.719253874282301,5,23.056456018518517
urubici|SC,urubici,SC,South,-49.58536681150653,-27.995444103645145,3,13.458121141975308
uruburetama|CE,uruburetama,CE,Northeast,-39.509695950532006,-3.622884636580328,1,12.15369212962963
urucania|MG,urucania,MG,Southeast,-42.74236795550013,-20.352344369199695,1,8.896597222222223
urucuca|BA,urucuca,BA,Northeast,-39.285478529358144,-14.590540429682195,2,27.27324652777778
urucuia|MG,urucuia,MG,Southeast,-45.74031816137346,-16.125037222735067,1,16.938206018518517
urucui|PI,urucui,PI,Northeast,-44.55468507408479,-7.234769158761574,4,19.14464988425926
urucurituba|AM,urucurituba,AM,North,-58.15597737093593,-3.1290281963597573,2,32.46969907407407
uruguaiana|RS,uruguaiana,RS,South,-57.07911331516962,-29.76370205891245,45,12.215889146090536
uruoca|CE,uruoca,CE,Northeast,-40.560049876938926,-3.3147534804249243,2,31.358460648148146
urupa|RO,urupa,RO,North,-62.3700990580654,-11.131177224770086,3,26.044328703703705
urupes|SP,urupes,SP,Southeast,-49.292143155773715,-21.20319223140619,10,8.36898263888889
urussanga|SC,urussanga,SC,South,-49.32054792692998,-28.521790631062196,10,16.727596064814815
urutai|GO,urutai,GO,Central-West,-48.20129954319144,-17.466189239170824,3,17.138989197530865
utinga|BA,utinga,BA,Northeast,-41.09471564833978,-12.08070256224343,3,15.691624228395062
vacaria|RS,vacaria,RS,South,-50.937910684642645,-28.505303390213143,21,13.178623787477955
valao do barro|RJ,valao do barro,RJ,Southeast,-41.75767926461165,-22.345766968364543,1,33.33921296296296
vale do sol|RS,vale do sol,RS,South,-52.68076167583132,-29.609422149315392,1,15.695543981481482
vale real|RS,vale real,RS,South,-51.25363200799731,-29.39458457295665,3,15.285050154320988
valenca do piaui|PI,valenca do piaui,PI,Northeast,-41.73775402036395,-6.404277752125015,4,13.70796875
valenca|BA,valenca,BA,Northeast,-39.07149533785422,-13.37048320812459,33,21.631168630751965
valenca|RJ,valenca,RJ,Southeast,-43.704838079140345,-22.244021759247783,27,15.928911608367628
valente|BA,valente,BA,Northeast,-39.46302930419521,-11.410404526969728,9,18.399178240740742
valentim gentil|SP,valentim gentil,SP,Southeast,-50.0830101993728,-20.422398084596555,3,7.5772608024691355
valinhos|SP,valinhos,SP,Southeast,-46.997789431292496,-22.971981117974675,178,8.299247360070744
valparaiso de goias|GO,valparaiso de goias,GO,Central-West,-47.97935986465762,-16.074363891121298,36,14.838835519547326
valparaiso|SP,valparaiso,SP,Southeast,-50.86649103947004,-21.22509060741854,8,8.588820891203703
vanini|RS,vanini,RS,South,-51.84389265311844,-28.47588093491845,1,31.173113425925926
vargeao|SC,vargeao,SC,South,-52.15356294525512,-26.86174958630595,1,10.174270833333333
vargem alegre|MG,vargem alegre,MG,Southeast,-42.29845681768472,-19.60528726910018,1,5.808356481481481
vargem alta|ES,vargem alta,ES,Southeast,-41.009468988847075,-20.67120936973322,5,28.536333333333335
vargem bonita|SC,vargem bonita,SC,South,-51.7439730491634,-27.001352243921737,5,15.282594907407407
vargem grande do rio pardo|MG,vargem grande do rio pardo,MG,Southeast,-42.30777211075845,-15.40304906434246,1,37.16295138888889
vargem grande do soturno|ES,vargem grande do soturno,ES,Southeast,-41.06092955900332,-20.766770192546048,1,27.857650462962962
vargem grande do sul|SP,vargem grande do sul,SP,Southeast,-46.898576447392045,-21.834675764125997,12,9.374977816358024
vargem grande paulista|SP,vargem grande paulista,SP,Southeast,-47.01055566117187,-23.6212805703204,42,7.141010526895943
vargem grande|MA,vargem grande,MA,Northeast,-43.92003151557823,-3.5433531435308487,1,18.118587962962962
vargem|SP,vargem,SP,Southeast,-46.41391447012427,-22.8943563487088,2,7.610474537037037
varginha|MG,varginha,MG,Southeast,-45.437680159811755,-21.558612549400785,87,11.614172919327373
varjao de minas|MG,varjao de minas,MG,Southeast,-46.03146438246475,-18.380823727769297,2,10.983350694444445
varjota|CE,varjota,CE,Northeast,-40.47854690371138,-4.194122022675083,4,21.153492476851852
varre-sai|RJ,varre-sai,RJ,Southeast,-41.86681247300203,-20.929128009146368,4,22.714172453703704
varzea alegre|CE,varzea alegre,CE,Northeast,-39.297542976748076,-6.791442278908898,2,26.613454861111112
varzea da palma|MG,varzea da palma,MG,Southeast,-44.73515887606278,-17.596518603530626,11,12.648675294612795
varzea do poco|BA,varzea do poco,BA,Northeast,-40.31676302909208,-11.527036500243593,1,19.398125
varzea grande|MT,varzea grande,MT,Central-West,-56.13396916780732,-15.648797999999946,37,20.594763826326325
varzea grande|PI,varzea grande,PI,Northeast,-42.25127145617813,-6.548064554885781,1,17.860046296296296
varzea nova|BA,varzea nova,BA,Northeast,-40.94396586102621,-11.257893794707616,1,12.899456018518519
varzea paulista|SP,varzea paulista,SP,Southeast,-46.84432210192777,-23.219135312411904,73,11.574294298579401
varzea|PB,varzea,PB,Northeast,-36.991897232529816,-6.770696090363477,1,27.02394675925926
varzedo|BA,varzedo,BA,Northeast,-39.39528289257101,-12.977336957270122,1,11.839756944444444
varzelandia|MG,varzelandia,MG,Southeast,-44.0287227619648,-15.703666212116696,2,13.057708333333334
vassouras|RJ,vassouras,RJ,Southeast,-43.664149175683974,-22.408910952761868,32,12.610550491898149
vazante|MG,vazante,MG,Southeast,-46.904717932913435,-17.98981724056601,6,12.012536651234567
venancio aires|RS,venancio aires,RS,South,-52.193149974630714,-29.610454424217313,26,15.775373931623932
venda branca|SP,venda branca,SP,Southeast,-47.11780277213674,-21.94854676332669,1,10.40287037037037
venda nova do imigrante|ES,venda nova do imigrante,ES,Southeast,-41.13320003657836,-20.33247922535164,14,15.32573330026455
ventania|PR,ventania,PR,South,-50.24501970312759,-24.245245818827826,3,7.256774691358024
venturosa|PE,venturosa,PE,Northeast,-36.87476633544887,-8.576691493678524,2,29.434722222222224
vera cruz do oeste|PR,vera cruz do oeste,PR,South,-53.87764357152102,-25.06113427797272,3,14.952874228395062
vera cruz|BA,vera cruz,BA,Northeast,-38.61742638148879,-12.963618158798525,7,44.14173941798942
vera cruz|RN,vera cruz,RN,Northeast,-35.43310857196904,-6.049398542013961,1,21.081412037037037
vera cruz|RS,vera cruz,RS,South,-52.50378239197998,-29.71610524796897,4,11.780026041666668
vera cruz|SP,vera cruz,SP,Southeast,-49.82337107366543,-22.221977770717874,9,12.366859567901235
veranopolis|RS,veranopolis,RS,South,-51.549804187241875,-28.936059909712952,18,12.689253472222223
vera|MT,vera,MT,Central-West,-55.29664870547656,-12.286721336453995,2,16.603153935185183
vereda|BA,vereda,BA,Northeast,-40.082960202001,-17.225652347572613,2,18.14773726851852
vere|PR,vere,PR,South,-52.90802559147593,-25.87963980940689,3,27.169201388888887
verissimo|MG,verissimo,MG,Southeast,-48.30888962521051,-19.668286289026923,3,12.322137345679012
vermelho novo|MG,vermelho novo,MG,Southeast,-42.26683911838541,-20.036838742597297,1,29.58241898148148
vermelho|MG,vermelho,MG,Southeast,-43.943871774301655,-19.955069241247273,1,11.329247685185186
vertentes|PE,vertentes,PE,Northeast,-35.989851297517156,-7.905750776426445,1,13.94417824074074
vespasiano correa|RS,vespasiano correa,RS,South,-51.86107564534297,-29.068855590836726,1,15.360914351851852
vespasiano|MG,vespasiano,MG,Southeast,-43.94251767343394,-19.74570399283904,39,11.34929042022792
viamao|RS,viamao,RS,South,-51.06852211851013,-30.0806770775965,70,19.26567757936508
viana|ES,viana,ES,Southeast,-40.4244652014834,-20.355873138423835,21,16.57490740740741
viana|MA,viana,MA,Northeast,-45.001882051979955,-3.211712565473594,5,24.21199074074074
vianopolis|GO,vianopolis,GO,Central-West,-48.51462382317262,-16.744471878861734,3,11.902665895061729
vicencia|PE,vicencia,PE,Northeast,-35.32130887662821,-7.657815055892429,2,15.286493055555557
vicente dutra|RS,vicente dutra,RS,South,-53.40849591864823,-27.162067688292126,1,14.989490740740742
vicentina|MS,vicentina,MS,Central-West,-54.43873785086151,-22.4063415,1,18.389594907407407
vicentinopolis|GO,vicentinopolis,GO,Central-West,-49.80545038671493,-17.734148721750223,2,17.220578703703705
vicosa do ceara|CE,vicosa do ceara,CE,Northeast,-41.09193899999998,-3.5669534561034113,1,40.380381944444444
vicosa|AL,vicosa,AL,Northeast,-36.24206276098807,-9.372594239995026,1,20.103506944444444
vicosa|MG,vicosa,MG,Southeast,-42.88055185516512,-20.755333417194812,84,11.305963817239858
vicosa|RN,vicosa,RN,Northeast,-37.94340174005202,-5.992077137489157,1,17.529583333333335
victor graeff|RS,victor graeff,RS,South,-52.746732763216585,-28.560578332302796,2,27.776163194444443
videira|SC,videira,SC,South,-51.15087636295904,-27.005188244285073,44,18.12790693392256
vieiras|MG,vieiras,MG,Southeast,-42.24401029967779,-20.864684121348173,1,9.986886574074074
vigia|PA,vigia,PA,North,-48.139064557648624,-0.8565975241194748,2,20.61586226851852
vila bela da santissima trindade|MT,vila bela da santissima trindade,MT,Central-West,-59.95040245802851,-15.006195143334311,1,15.631238425925925
vila dos cabanos|PA,vila dos cabanos,PA,North,-48.68187218864885,-1.5125123014111037,4,27.136195023148147
vila flores|RS,vila flores,RS,South,-51.55392026604227,-28.85799023771653,3,11.471574074074073
vila flor|RN,vila flor,RN,Northeast,-35.076863851282226,-6.3166363067427955,1,17.23425925925926
vila langaro|RS,vila langaro,RS,South,-52.145536280652834,-28.10758843069072,3,18.22735725308642
vila muriqui|RJ,vila muriqui,RJ,Southeast,-43.943093253079766,-22.92185423831871,7,9.121848544973545
vila nelita|ES,vila nelita,ES,Southeast,-41.01877846394589,-18.476713762810867,2,33.502239583333335
vila nova do sul|RS,vila nova do sul,RS,South,-53.88353358736594,-30.341042917765463,1,28.760162037037038
vila nova|PR,vila nova,PR,South,-53.80033934522629,-24.576509999999928,2,23.863582175925927
vila pereira|MG,vila pereira,MG,Southeast,-40.76128254216683,-17.981094025179743,1,32.2184375
vila reis|PR,vila reis,PR,South,-51.408940129860156,-23.613435986197562,1,20.67712962962963
vila rica|MT,vila rica,MT,Central-West,-51.114488663460776,-10.013861645959189,3,21.125698302469136
vila valerio|ES,vila valerio,ES,Southeast,-40.389527774659946,-18.997545621835506,8,20.65000144675926
vila velha|ES,vila velha,ES,Southeast,-40.30532998337161,-20.347482269513343,321,17.199677945079035
vilhena|RO,vilhena,RO,North,-60.13808040474748,-12.741799564324262,15,18.74196759259259
vinhedo|SP,vinhedo,SP,Southeast,-46.97810387762745,-23.029950523300535,89,8.415017946317104
viradouro|SP,viradouro,SP,Southeast,-48.294304848029974,-20.86812036589624,17,7.758865740740741
virgem da lapa|MG,virgem da lapa,MG,Southeast,-42.34065306855254,-16.80470985613308,3,17.581184413580246
virginia|MG,virginia,MG,Southeast,-45.09201775079665,-22.332546079597268,1,10.017488425925926
virginopolis|MG,virginopolis,MG,Southeast,-42.704529208670486,-18.818342707583245,7,12.500140542328042
virgolandia|MG,virgolandia,MG,Southeast,-42.31018592335846,-18.47573907893138,2,7.317783564814815
visconde de maua|RJ,visconde de maua,RJ,Southeast,-44.527650515251366,-22.333915837892036,3,25.397743055555555
visconde do rio branco|MG,visconde do rio branco,MG,Southeast,-42.83848394836745,-21.01024316272472,17,12.038562772331154
viseu|PA,viseu,PA,North,-46.13840605854558,-1.2019969258340686,1,19.25744212962963
vista alegre do alto|SP,vista alegre do alto,SP,Southeast,-48.631063940677834,-21.17230140613495,3,17.538032407407407
vista alegre|RS,vista alegre,RS,South,-53.49295385618065,-27.369452641980246,1,15.249409722222222
vitoria da conquista|BA,vitoria da conquista,BA,Northeast,-40.837112358422665,-14.860272932068433,86,16.479563011412576
vitoria das missoes|RS,vitoria das missoes,RS,South,-54.5018879404455,-28.34794140726744,1,12.95619212962963
vitoria de santo antao|PE,vitoria de santo antao,PE,Northeast,-35.28919039869584,-8.114925898593693,15,19.968672839506173
vitoria do jari|AP,vitoria do jari,AP,North,-52.42070307009303,-0.9293544523166704,1,39.339814814814815
vitoria do mearim|MA,vitoria do mearim,MA,Northeast,-44.87137533145432,-3.4653918364562903,1,26.586597222222224
vitoria|ES,vitoria,ES,Southeast,-40.295279312809534,-20.29203888618801,371,14.271704758161126
vitoria|PR,vitoria,PR,South,-51.09859512870409,-25.583515022448136,1,11.829502314814814
vitorino freire|MA,vitorino freire,MA,Northeast,-45.245764957268015,-4.288482463009418,3,13.797885802469136
vitorinos|MG,vitorinos,MG,Southeast,-43.75965150050012,-19.638548379227394,1,18.497291666666666
vitorino|PR,vitorino,PR,South,-52.780976753711926,-26.265109103266493,1,9.875277777777777
volta grande|MG,volta grande,MG,Southeast,-42.53838056139481,-21.77324045490216,4,18.18460648148148
volta redonda|RJ,volta redonda,RJ,Southeast,-44.09820118887412,-22.50737241410349,225,16.606822993827162
votorantim|SP,votorantim,SP,Southeast,-47.45678295253622,-23.542605,83,8.163379211289604
votuporanga|SP,votuporanga,SP,Southeast,-49.9733386466907,-20.42056119503688,63,10.091453740446797
wagner|BA,wagner,BA,Northeast,-41.16699999147694,-12.285682328221739,1,14.14369212962963
wanderley|BA,wanderley,BA,Northeast,-43.88835256588547,-12.12167523625038,2,26.199739583333333
wenceslau braz|PR,wenceslau braz,PR,South,-49.8028332113432,-23.8775985,2,8.510787037037037
wenceslau guimaraes|BA,wenceslau guimaraes,BA,Northeast,-39.479924053679476,-13.686273512924927,1,22.831516203703703
werneck|RJ,werneck,RJ,Southeast,-43.316119954347634,-22.21681379168243,2,22.835949074074072
witmarsum|SC,witmarsum,SC,South,-49.79045816392109,-26.922232024142584,3,12.979614197530864
xambioa|TO,xambioa,TO,North,-48.53426516349895,-6.410122899818367,3,13.206512345679013
xambre|PR,xambre,PR,South,-53.48868172579918,-23.73361552827675,2,10.69505787037037
xangri-la|RS,xangri-la,RS,South,-50.04632222783558,-29.79881798727607,8,18.07528790509259
xanxere|SC,xanxere,SC,South,-52.40570228351814,-26.876633645777773,29,14.575324074074073
xapuri|AC,xapuri,AC,North,-68.50549419574297,-10.651999202226907,2,24.588315972222222
xavantina|SC,xavantina,SC,South,-52.32995999999997,-27.023517,2,16.21075810185185
xaxim|SC,xaxim,SC,South,-52.532143448351306,-26.960052049878996,10,17.09473263888889
xexeu|PE,xexeu,PE,Northeast,-35.62738348894051,-8.807312046169711,1,8.579467592592593
xinguara|PA,xinguara,PA,North,-49.941471308252815,-7.100734947620587,9,32.6617271090535
xique-xique|BA,xique-xique,BA,Northeast,-42.72791838376603,-10.822957951587526,3,16.430266203703702
zacarias|SP,zacarias,SP,Southeast,-50.05291658482018,-21.051734610509527,2,15.018721064814816
ze doca|MA,ze doca,MA,Northeast,-45.654438772596784,-3.2782213568263567,5,29.268449074074073
zortea|SC,zortea,SC,South,-51.55157672581829,-27.455612632895274,2,20.484224537037036
